"NOTES:  THIS DOCUMENT CONTAINS EXTRACTS OF THE VARIOUS UN DOCUMENTS AS IDENTIFIED IN THE TABLE.   The Language is intended to be amended to reflect that it is the legal entity (natural person or legal person) who is making the undertaking to uphold these values. As such, 'states' is changed to parties, or party - referring to the legal entity, etc.  Note Also: That there is an old custom, whereby an oath is affirmed rather than 'sworn'; this distinct refers to the concept that a honourable person is always honest, an the request is for an affirmation of the behaviour that is ordinary for the person making the 'affirmation', rather than being out of the ordinary, as to make a reprobate swear that they'll tell the truth - as a consequence of their ordinary behaviours not relating to truth telling or honourable behaviours ordinarily otherwise.",,,,,
Universal Declaration of Human Rights,10 December 1948,,URI,https://www.ohchr.org/en/human-rights/universal-declaration/translations/english,
Universal Declaration of Human Rights,,Preamble,,,"Whereas recognition of the inherent dignity and of the equal and inalienable rights of all members of the human family is the foundation of freedom, justice and peace in the world,

Whereas disregard and contempt for human rights have resulted in barbarous acts which have outraged the conscience of mankind, and the advent of a world in which human beings shall enjoy freedom of speech and belief and freedom from fear and want has been proclaimed as the highest aspiration of the common people,

Whereas it is essential, if man is not to be compelled to have recourse, as a last resort, to rebellion against tyranny and oppression, that human rights should be protected by the rule of law,

Whereas it is essential to promote the development of friendly relations between nations,

Whereas the peoples of the United Nations have in the Charter reaffirmed their faith in fundamental human rights, in the dignity and worth of the human person and in the equal rights of men and women and have determined to promote social progress and better standards of life in larger freedom,

Whereas member parties have pledged themselves to achieve, in cooperation with the United Nations, the promotion of universal respect for and observance of human rights and fundamental freedoms,

Whereas a common understanding of these rights and freedoms is of the greatest importance for the full realization of this pledge,

Now, therefore,

The General Assembly,

Proclaims this Universal Declaration of Human Rights as a common standard of achievement for all peoples and all nations, to the end that every individual and every organ of society, keeping this Declaration constantly in mind, shall strive by teaching and education to promote respect for these rights and freedoms and by progressive measures, national and international, to secure their universal and effective recognition and observance, both among the peoples of member parties themselves and among the peoples of territories under their jurisdiction."
Universal Declaration of Human Rights,,Article 1,,,All human beings are born free and equal in dignity and rights. They are endowed with reason and conscience and should act towards one another in a spirit of brotherhood.
Universal Declaration of Human Rights,,"Article 2",,,"Everyone is entitled to all the rights and freedoms set forth in this Declaration, without distinction of any kind, such as race, colour, sex, language, religion, political or other opinion, national or social origin, property, birth or other status.

Furthermore, no distinction shall be made on the basis of the political, jurisdictional or international status of the country or territory to which a person belongs, whether it be independent, trust, non-self-governing or under any other limitation of sovereignty."
Universal Declaration of Human Rights,,"Article 3
",,,"Everyone has the right to life, liberty and the security of person.
"
Universal Declaration of Human Rights,,"Article 4",,,No one shall be held in slavery or servitude; slavery and the slave trade shall be prohibited in all their forms.
Universal Declaration of Human Rights,,"Article 5",,,"No one shall be subjected to torture or to cruel, inhuman or degrading treatment or punishment."
Universal Declaration of Human Rights,,"Article 6",,,Everyone has the right to recognition everywhere as a person before the law.
Universal Declaration of Human Rights,,"Article 7",,,All are equal before the law and are entitled without any discrimination to equal protection of the law. All are entitled to equal protection against any discrimination in violation of this Declaration and against any incitement to such discrimination.
Universal Declaration of Human Rights,,"Article 8",,,Everyone has the right to an effective remedy by the competent national tribunals for acts violating the fundamental rights granted him by the constitution or by law.
Universal Declaration of Human Rights,,"Article 9",,,"No one shall be subjected to arbitrary arrest, detention or exile.
"
Universal Declaration of Human Rights,,"Article 10",,,"Everyone is entitled in full equality to a fair and public hearing by an independent and impartial tribunal, in the determination of his rights and obligations and of any criminal charge against him."
Universal Declaration of Human Rights,,"Article 11
",,1,Everyone charged with a penal offence has the right to be presumed innocent until proved guilty according to law in a public trial at which he has had all the guarantees necessary for his defence.
Universal Declaration of Human Rights,,"Article 11
",,2,"No one shall be held guilty of any penal offence on account of any act or omission which did not constitute a penal offence, under national or international law, at the time when it was committed. Nor shall a heavier penalty be imposed than the one that was applicable at the time the penal offence was committed."
Universal Declaration of Human Rights,,Article 12,,,"No one shall be subjected to arbitrary interference with his privacy, family, home or correspondence, nor to attacks upon his honour and reputation. Everyone has the right to the protection of the law against such interference or attacks."
Universal Declaration of Human Rights,,Article 13,,1,Everyone has the right to freedom of movement and residence within the borders of each State.
Universal Declaration of Human Rights,,Article 13,,2,"Everyone has the right to leave any country, including his own, and to return to his country."
Universal Declaration of Human Rights,,Article 14,,1,Everyone has the right to seek and to enjoy in other countries asylum from persecution.
Universal Declaration of Human Rights,,Article 14,,2,This right may not be invoked in the case of prosecutions genuinely arising from non-political crimes or from acts contrary to the purposes and principles of the United Nations.
Universal Declaration of Human Rights,,Article 15,,1,Everyone has the right to a nationality.
Universal Declaration of Human Rights,,Article 15,,2,No one shall be arbitrarily deprived of his nationality nor denied the right to change his nationality.
Universal Declaration of Human Rights,,Article 16,,1,"Men and women of full age, without any limitation due to race, nationality or religion, have the right to marry and to found a family. They are entitled to equal rights as to marriage, during marriage and at its dissolution."
Universal Declaration of Human Rights,,Article 16,,2,Marriage shall be entered into only with the free and full consent of the intending spouses.
Universal Declaration of Human Rights,,Article 16,,3,The family is the natural and fundamental group unit of society and is entitled to protection by society and the State.
Universal Declaration of Human Rights,,Article 17,,1,Everyone has the right to own property alone as well as in association with others.
Universal Declaration of Human Rights,,Article 17,,2,No one shall be arbitrarily deprived of his property.
Universal Declaration of Human Rights,,Article 18,,,"Everyone has the right to freedom of thought, conscience and religion; this right includes freedom to change his religion or belief, and freedom, either alone or in community with others and in public or private, to manifest his religion or belief in teaching, practice, worship and observance."
Universal Declaration of Human Rights,,Article 19,,,"Everyone has the right to freedom of opinion and expression; this right includes freedom to hold opinions without interference and to seek, receive and impart information and ideas through any media and regardless of frontiers."
Universal Declaration of Human Rights,,Article 20,,1,Everyone has the right to freedom of peaceful assembly and association.
Universal Declaration of Human Rights,,Article 20,,2,No one may be compelled to belong to an association.
Universal Declaration of Human Rights,,Article 21,,1,"Everyone has the right to take part in the government of his country, directly or through freely chosen representatives."
Universal Declaration of Human Rights,,Article 21,,2,Everyone has the right of equal access to public service in his country.
Universal Declaration of Human Rights,,Article 21,,3,The will of the people shall be the basis of the authority of government; this will shall be expressed in periodic and genuine elections which shall be by universal and equal suffrage and shall be held by secret vote or by equivalent free voting procedures.
Universal Declaration of Human Rights,,Article 22,,,"Everyone, as a member of society, has the right to social security and is entitled to realization, through national effort and international co-operation and in accordance with the organization and resources of each State, of the economic, social and cultural rights indispensable for his dignity and the free development of his personality."
Universal Declaration of Human Rights,,Article 23,,1,"Everyone has the right to work, to free choice of employment, to just and favourable conditions of work and to protection against unemployment."
Universal Declaration of Human Rights,,Article 23,,2,"Everyone, without any discrimination, has the right to equal pay for equal work."
Universal Declaration of Human Rights,,Article 23,,3,"Everyone who works has the right to just and favourable remuneration ensuring for himself and his family an existence worthy of human dignity, and supplemented, if necessary, by other means of social protection."
Universal Declaration of Human Rights,,Article 23,,4,Everyone has the right to form and to join trade unions for the protection of his interests.
Universal Declaration of Human Rights,,Article 24,,,"Everyone has the right to rest and leisure, including reasonable limitation of working hours and periodic holidays with pay."
Universal Declaration of Human Rights,,Article 25,,1,"Everyone has the right to a standard of living adequate for the health and well-being of himself and of his family, including food, clothing, housing and medical care and necessary social services, and the right to security in the event of unemployment, sickness, disability, widowhood, old age or other lack of livelihood in circumstances beyond his control."
Universal Declaration of Human Rights,,Article 25,,2,"Motherhood and childhood are entitled to special care and assistance. All children, whether born in or out of wedlock, shall enjoy the same social protection."
Universal Declaration of Human Rights,,Article 26,,1,"Everyone has the right to education. Education shall be free, at least in the elementary and fundamental stages. Elementary education shall be compulsory. Technical and professional education shall be made generally available and higher education shall be equally accessible to all on the basis of merit."
Universal Declaration of Human Rights,,Article 26,,2,"Education shall be directed to the full development of the human personality and to the strengthening of respect for human rights and fundamental freedoms. It shall promote understanding, tolerance and friendship among all nations, racial or religious groups, and shall further the activities of the United Nations for the maintenance of peace."
Universal Declaration of Human Rights,,Article 26,,3,Parents have a prior right to choose the kind of education that shall be given to their children.
Universal Declaration of Human Rights,,Article 27,,1,"Everyone has the right freely to participate in the cultural life of the community, to enjoy the arts and to share in scientific advancement and its benefits."
Universal Declaration of Human Rights,,Article 27,,2,"Everyone has the right to the protection of the moral and material interests resulting from any scientific, literary or artistic production of which he is the author."
Universal Declaration of Human Rights,,Article 28,,,Everyone is entitled to a social and international order in which the rights and freedoms set forth in this Declaration can be fully realized.
Universal Declaration of Human Rights,,Article 29,,1,Everyone has duties to the community in which alone the free and full development of his personality is possible.
Universal Declaration of Human Rights,,Article 29,,2,"In the exercise of his rights and freedoms, everyone shall be subject only to such limitations as are determined by law solely for the purpose of securing due recognition and respect for the rights and freedoms of others and of meeting the just requirements of morality, public order and the general welfare in a democratic society."
Universal Declaration of Human Rights,,Article 29,,3,These rights and freedoms may in no case be exercised contrary to the purposes and principles of the United Nations.
Universal Declaration of Human Rights,,Article 30,,,"Nothing in this Declaration may be interpreted as implying for any State, group or person any right to engage in any activity or to perform any act aimed at the destruction of any of the rights and freedoms set forth herein."
"Convention on the Rights of the Child",,2 September 1990,,,https://www.ohchr.org/en/instruments-mechanisms/instruments/convention-rights-child
"Convention on the Rights of the Child",,Preamble,,,"The parties to the present Convention,

Considering that, in accordance with the principles proclaimed in the Charter of the United Nations, recognition of the inherent dignity and of the equal and inalienable rights of all members of the human family is the foundation of freedom, justice and peace in the world,

Bearing in mind that the peoples of the United Nations have, in the Charter, reaffirmed their faith in fundamental human rights and in the dignity and worth of the human person, and have determined to promote social progress and better standards of life in larger freedom,

Recognizing that the United Nations has, in the Universal Declaration of Human Rights and in the International Covenants on Human Rights, proclaimed and agreed that everyone is entitled to all the rights and freedoms set forth therein, without distinction of any kind, such as race, colour, sex, language, religion, political or other opinion, national or social origin, property, birth or other status,

Recalling that, in the Universal Declaration of Human Rights, the United Nations has proclaimed that childhood is entitled to special care and assistance,

Convinced that the family, as the fundamental group of society and the natural environment for the growth and well-being of all its members and particularly children, should be afforded the necessary protection and assistance so that it can fully assume its responsibilities within the community,

Recognizing that the child, for the full and harmonious development of his or her personality, should grow up in a family environment, in an atmosphere of happiness, love and understanding,

Considering that the child should be fully prepared to live an individual life in society, and brought up in the spirit of the ideals proclaimed in the Charter of the United Nations, and in particular in the spirit of peace, dignity, tolerance, freedom, equality and solidarity,

Bearing in mind that the need to extend particular care to the child has been stated in the Geneva Declaration of the Rights of the Child of 1924 and in the Declaration of the Rights of the Child adopted by the General Assembly on 20 November 1959 and recognized in the Universal Declaration of Human Rights, in the International Covenant on Civil and Political Rights (in particular in articles 23 and 24), in the International Covenant on Economic, Social and Cultural Rights (in particular in article 10) and in the statutes and relevant instruments of specialized agencies and international organizations concerned with the welfare of children,

Bearing in mind that, as indicated in the Declaration of the Rights of the Child, ""the child, by reason of his physical and mental immaturity, needs special safeguards and care, including appropriate legal protection, before as well as after birth"",

Recalling the provisions of the Declaration on Social and Legal Principles relating to the Protection and Welfare of Children, with Special Reference to Foster Placement and Adoption Nationally and Internationally; the United Nations Standard Minimum Rules for the Administration of Juvenile Justice (The Beijing Rules); and the Declaration on the Protection of Women and Children in Emergency and Armed Conflict, Recognizing that, in all countries in the world, there are children living in exceptionally difficult conditions, and that such children need special consideration,

Taking due account of the importance of the traditions and cultural values of each people for the protection and harmonious development of the child, Recognizing the importance of international co-operation for improving the living conditions of children in every country, in particular in the developing countries,

Have agreed as follows:"
"Convention on the Rights of the Child",,PART I,Article 1,,"For the purposes of the present Convention, a child means every human being below the age of eighteen years unless under the law applicable to the child, majority is attained earlier."
"Convention on the Rights of the Child",,PART I,"Article 2",1,"parties shall respect and ensure the rights set forth in the present Convention to each child within their jurisdiction without discrimination of any kind, irrespective of the child's or his or her parent's or legal guardian's race, colour, sex, language, religion, political or other opinion, national, ethnic or social origin, property, disability, birth or other status."
"Convention on the Rights of the Child",,PART I,"Article 2",2,"parties shall take all appropriate measures to ensure that the child is protected against all forms of discrimination or punishment on the basis of the status, activities, expressed opinions, or beliefs of the child's parents, legal guardians, or family members."
"Convention on the Rights of the Child",,PART I,Article 3,1,"In all actions concerning children, whether undertaken by public or private social welfare institutions, courts of law, administrative authorities or legislative bodies, the best interests of the child shall be a primary consideration."
"Convention on the Rights of the Child",,PART I,Article 3,2,"parties undertake to ensure the child such protection and care as is necessary for his or her well-being, taking into account the rights and duties of his or her parents, legal guardians, or other individuals legally responsible for him or her, and, to this end, shall take all appropriate legislative and administrative measures."
"Convention on the Rights of the Child",,PART I,Article 3,3,"parties shall ensure that the institutions, services and facilities responsible for the care or protection of children shall conform with the standards established by competent authorities, particularly in the areas of safety, health, in the number and suitability of their staff, as well as competent supervision."
"Convention on the Rights of the Child",,PART I,"Article 4",,"parties shall undertake all appropriate legislative, administrative, and other measures for the implementation of the rights recognized in the present Convention. With regard to economic, social and cultural rights, parties shall undertake such measures to the maximum extent of their available resources and, where needed, within the framework of international co-operation."
"Convention on the Rights of the Child",,PART I,Article 5,,"parties shall respect the responsibilities, rights and duties of parents or, where applicable, the members of the extended family or community as provided for by local custom, legal guardians or other persons legally responsible for the child, to provide, in a manner consistent with the evolving capacities of the child, appropriate direction and guidance in the exercise by the child of the rights recognized in the present Convention."
"Convention on the Rights of the Child",,PART I,Article 6,1,parties recognize that every child has the inherent right to life.
"Convention on the Rights of the Child",,PART I,Article 6,2,parties shall ensure to the maximum extent possible the survival and development of the child.
"Convention on the Rights of the Child",,PART I,Article 7,1,"The child shall be registered immediately after birth and shall have the right from birth to a name, the right to acquire a nationality and. as far as possible, the right to know and be cared for by his or her parents."
"Convention on the Rights of the Child",,PART I,Article 7,2,"parties shall ensure the implementation of these rights in accordance with their national law and their obligations under the relevant international instruments in this field, in particular where the child would otherwise be stateless."
"Convention on the Rights of the Child",,PART I,Article 8,1,"parties undertake to respect the right of the child to preserve his or her identity, including nationality, name and family relations as recognized by law without unlawful interference."
"Convention on the Rights of the Child",,PART I,Article 8,2,"Where a child is illegally deprived of some or all of the elements of his or her identity, parties shall provide appropriate assistance and protection, with a view to re-establishing speedily his or her identity."
"Convention on the Rights of the Child",,PART I,Article 9,1,"parties shall ensure that a child shall not be separated from his or her parents against their will, except when competent authorities subject to judicial review determine, in accordance with applicable law and procedures, that such separation is necessary for the best interests of the child. Such determination may be necessary in a particular case such as one involving abuse or neglect of the child by the parents, or one where the parents are living separately and a decision must be made as to the child's place of residence."
"Convention on the Rights of the Child",,PART I,Article 9,2,"In any proceedings pursuant to paragraph 1 of the present article, all interested parties shall be given an opportunity to participate in the proceedings and make their views known."
"Convention on the Rights of the Child",,PART I,Article 9,3,"parties shall respect the right of the child who is separated from one or both parents to maintain personal relations and direct contact with both parents on a regular basis, except if it is contrary to the child's best interests."
"Convention on the Rights of the Child",,PART I,Article 9,4,"Where such separation results from any action initiated by a party, such as the detention, imprisonment, exile, deportation or death (including death arising from any cause while the person is in the custody of the State) of one or both parents or of the child, that party shall, upon request, provide the parents, the child or, if appropriate, another member of the family with the essential information concerning the whereabouts of the absent member(s) of the family unless the provision of the information would be detrimental to the well-being of the child. parties shall further ensure that the submission of such a request shall of itself entail no adverse consequences for the person(s) concerned."
"Convention on the Rights of the Child",,PART I,Article 10,1,"In accordance with the obligation of parties under article 9, paragraph 1, applications by a child or his or her parents to enter or leave a party for the purpose of family reunification shall be dealt with by parties in a positive, humane and expeditious manner. parties shall further ensure that the submission of such a request shall entail no adverse consequences for the applicants and for the members of their family."
"Convention on the Rights of the Child",,PART I,Article 10,2,"A child whose parents reside in different States shall have the right to maintain on a regular basis, save in exceptional circumstances personal relations and direct contacts with both parents. Towards that end and in accordance with the obligation of parties under article 9, paragraph 1, parties shall respect the right of the child and his or her parents to leave any country, including their own, and to enter their own country. The right to leave any country shall be subject only to such restrictions as are prescribed by law and which are necessary to protect the national security, public order (ordre public), public health or morals or the rights and freedoms of others and are consistent with the other rights recognized in the present Convention."
"Convention on the Rights of the Child",,PART I,Article 11,1,parties shall take measures to combat the illicit transfer and non-return of children abroad.
"Convention on the Rights of the Child",,PART I,Article 11,2,"To this end, parties shall promote the conclusion of bilateral or multilateral agreements or accession to existing agreements."
"Convention on the Rights of the Child",,PART I,Article 12,1,"parties shall assure to the child who is capable of forming his or her own views the right to express those views freely in all matters affecting the child, the views of the child being given due weight in accordance with the age and maturity of the child."
"Convention on the Rights of the Child",,PART I,Article 12,2,"For this purpose, the child shall in particular be provided the opportunity to be heard in any judicial and administrative proceedings affecting the child, either directly, or through a representative or an appropriate body, in a manner consistent with the procedural rules of national law."
"Convention on the Rights of the Child",,PART I,Article 13,1,"The child shall have the right to freedom of expression; this right shall include freedom to seek, receive and impart information and ideas of all kinds, regardless of frontiers, either orally, in writing or in print, in the form of art, or through any other media of the child's choice."
"Convention on the Rights of the Child",,PART I,Article 13,2,"The exercise of this right may be subject to certain restrictions, but these shall only be such as are provided by law and are necessary:

(a) For respect of the rights or reputations of others; or

(b) For the protection of national security or of public order (ordre public), or of public health or morals."
"Convention on the Rights of the Child",,PART I,Article 14,1,"parties shall respect the right of the child to freedom of thought, conscience and religion."
"Convention on the Rights of the Child",,PART I,Article 14,2,"parties shall respect the rights and duties of the parents and, when applicable, legal guardians, to provide direction to the child in the exercise of his or her right in a manner consistent with the evolving capacities of the child."
"Convention on the Rights of the Child",,PART I,Article 14,3,"Freedom to manifest one's religion or beliefs may be subject only to such limitations as are prescribed by law and are necessary to protect public safety, order, health or morals, or the fundamental rights and freedoms of others."
"Convention on the Rights of the Child",,PART I,Article 15,1,parties recognize the rights of the child to freedom of association and to freedom of peaceful assembly.
"Convention on the Rights of the Child",,PART I,Article 15,2,"No restrictions may be placed on the exercise of these rights other than those imposed in conformity with the law and which are necessary in a democratic society in the interests of national security or public safety, public order (ordre public), the protection of public health or morals or the protection of the rights and freedoms of others."
"Convention on the Rights of the Child",,PART I,Article 16,1,"No child shall be subjected to arbitrary or unlawful interference with his or her privacy, family, home or correspondence, nor to unlawful attacks on his or her honour and reputation."
"Convention on the Rights of the Child",,PART I,Article 16,2,The child has the right to the protection of the law against such interference or attacks.
"Convention on the Rights of the Child",,PART I,Article 17,,"parties recognize the important function performed by the mass media and shall ensure that the child has access to information and material from a diversity of national and international sources, especially those aimed at the promotion of his or her social, spiritual and moral well-being and physical and mental health.

To this end, parties shall:

(a) Encourage the mass media to disseminate information and material of social and cultural benefit to the child and in accordance with the spirit of article 29;

(b) Encourage international co-operation in the production, exchange and dissemination of such information and material from a diversity of cultural, national and international sources;

(c) Encourage the production and dissemination of children's books;

(d) Encourage the mass media to have particular regard to the linguistic needs of the child who belongs to a minority group or who is indigenous;

(e) Encourage the development of appropriate guidelines for the protection of the child from information and material injurious to his or her well-being, bearing in mind the provisions of articles 13 and 18."
"Convention on the Rights of the Child",,PART I,Article 18,1,"parties shall use their best efforts to ensure recognition of the principle that both parents have common responsibilities for the upbringing and development of the child. Parents or, as the case may be, legal guardians, have the primary responsibility for the upbringing and development of the child. The best interests of the child will be their basic concern."
"Convention on the Rights of the Child",,PART I,Article 18,2,"For the purpose of guaranteeing and promoting the rights set forth in the present Convention, parties shall render appropriate assistance to parents and legal guardians in the performance of their child-rearing responsibilities and shall ensure the development of institutions, facilities and services for the care of children."
"Convention on the Rights of the Child",,PART I,Article 18,3,parties shall take all appropriate measures to ensure that children of working parents have the right to benefit from child-care services and facilities for which they are eligible.
"Convention on the Rights of the Child",,PART I,Article 19,1,"parties shall take all appropriate legislative, administrative, social and educational measures to protect the child from all forms of physical or mental violence, injury or abuse, neglect or negligent treatment, maltreatment or exploitation, including sexual abuse, while in the care of parent(s), legal guardian(s) or any other person who has the care of the child."
"Convention on the Rights of the Child",,PART I,Article 19,2,"Such protective measures should, as appropriate, include effective procedures for the establishment of social programmes to provide necessary support for the child and for those who have the care of the child, as well as for other forms of prevention and for identification, reporting, referral, investigation, treatment and follow-up of instances of child maltreatment described heretofore, and, as appropriate, for judicial involvement."
"Convention on the Rights of the Child",,PART I,Article 20,1,"A child temporarily or permanently deprived of his or her family environment, or in whose own best interests cannot be allowed to remain in that environment, shall be entitled to special protection and assistance provided by the State."
"Convention on the Rights of the Child",,PART I,Article 20,2,parties shall in accordance with their national laws ensure alternative care for such a child.
"Convention on the Rights of the Child",,PART I,Article 20,3,"Such care could include, inter alia, foster placement, kafalah of Islamic law, adoption or if necessary placement in suitable institutions for the care of children. When considering solutions, due regard shall be paid to the desirability of continuity in a child's upbringing and to the child's ethnic, religious, cultural and linguistic background."
"Convention on the Rights of the Child",,PART I,Article 21,,"parties that recognize and/or permit the system of adoption shall ensure that the best interests of the child shall be the paramount consideration and they shall:

(a) Ensure that the adoption of a child is authorized only by competent authorities who determine, in accordance with applicable law and procedures and on the basis of all pertinent and reliable information, that the adoption is permissible in view of the child's status concerning parents, relatives and legal guardians and that, if required, the persons concerned have given their informed consent to the adoption on the basis of such counselling as may be necessary;

(b) Recognize that inter-country adoption may be considered as an alternative means of child's care, if the child cannot be placed in a foster or an adoptive family or cannot in any suitable manner be cared for in the child's country of origin;

(c) Ensure that the child concerned by inter-country adoption enjoys safeguards and standards equivalent to those existing in the case of national adoption;

(d) Take all appropriate measures to ensure that, in inter-country adoption, the placement does not result in improper financial gain for those involved in it;

(e) Promote, where appropriate, the objectives of the present article by concluding bilateral or multilateral arrangements or agreements, and endeavour, within this framework, to ensure that the placement of the child in another country is carried out by competent authorities or organs."
"Convention on the Rights of the Child",,PART I,"Article 22",1,"parties shall take appropriate measures to ensure that a child who is seeking refugee status or who is considered a refugee in accordance with applicable international or domestic law and procedures shall, whether unaccompanied or accompanied by his or her parents or by any other person, receive appropriate protection and humanitarian assistance in the enjoyment of applicable rights set forth in the present Convention and in other international human rights or humanitarian instruments to which the said States are Parties."
"Convention on the Rights of the Child",,PART I,"Article 22",2,"For this purpose, parties shall provide, as they consider appropriate, co-operation in any efforts by the United Nations and other competent intergovernmental organizations or non-governmental organizations co-operating with the United Nations to protect and assist such a child and to trace the parents or other members of the family of any refugee child in order to obtain information necessary for reunification with his or her family. In cases where no parents or other members of the family can be found, the child shall be accorded the same protection as any other child permanently or temporarily deprived of his or her family environment for any reason , as set forth in the present Convention."
"Convention on the Rights of the Child",,PART I,Article 23,1,"parties recognize that a mentally or physically disabled child should enjoy a full and decent life, in conditions which ensure dignity, promote self-reliance and facilitate the child's active participation in the community."
"Convention on the Rights of the Child",,PART I,Article 23,2,"parties recognize the right of the disabled child to special care and shall encourage and ensure the extension, subject to available resources, to the eligible child and those responsible for his or her care, of assistance for which application is made and which is appropriate to the child's condition and to the circumstances of the parents or others caring for the child."
"Convention on the Rights of the Child",,PART I,Article 23,3,"Recognizing the special needs of a disabled child, assistance extended in accordance with paragraph 2 of the present article shall be provided free of charge, whenever possible, taking into account the financial resources of the parents or others caring for the child, and shall be designed to ensure that the disabled child has effective access to and receives education, training, health care services, rehabilitation services, preparation for employment and recreation opportunities in a manner conducive to the child's achieving the fullest possible social integration and individual development, including his or her cultural and spiritual development"
"Convention on the Rights of the Child",,PART I,Article 23,4,"parties shall promote, in the spirit of international cooperation, the exchange of appropriate information in the field of preventive health care and of medical, psychological and functional treatment of disabled children, including dissemination of and access to information concerning methods of rehabilitation, education and vocational services, with the aim of enabling parties to improve their capabilities and skills and to widen their experience in these areas. In this regard, particular account shall be taken of the needs of developing countries."
"Convention on the Rights of the Child",,PART I,Article 24,1,parties recognize the right of the child to the enjoyment of the highest attainable standard of health and to facilities for the treatment of illness and rehabilitation of health. parties shall strive to ensure that no child is deprived of his or her right of access to such health care services.
"Convention on the Rights of the Child",,PART I,Article 24,2,"parties shall pursue full implementation of this right and, in particular, shall take appropriate measures:

(a) To diminish infant and child mortality;

(b) To ensure the provision of necessary medical assistance and health care to all children with emphasis on the development of primary health care;

(c) To combat disease and malnutrition, including within the framework of primary health care, through, inter alia, the application of readily available technology and through the provision of adequate nutritious foods and clean drinking-water, taking into consideration the dangers and risks of environmental pollution;

(d) To ensure appropriate pre-natal and post-natal health care for mothers;

(e) To ensure that all segments of society, in particular parents and children, are informed, have access to education and are supported in the use of basic knowledge of child health and nutrition, the advantages of breastfeeding, hygiene and environmental sanitation and the prevention of accidents;

(f) To develop preventive health care, guidance for parents and family planning education and services."
"Convention on the Rights of the Child",,PART I,Article 24,3,parties shall take all effective and appropriate measures with a view to abolishing traditional practices prejudicial to the health of children.
"Convention on the Rights of the Child",,PART I,Article 24,4,"parties undertake to promote and encourage international co-operation with a view to achieving progressively the full realization of the right recognized in the present article. In this regard, particular account shall be taken of the needs of developing countries."
"Convention on the Rights of the Child",,PART I,Article 25,,"parties recognize the right of a child who has been placed by the competent authorities for the purposes of care, protection or treatment of his or her physical or mental health, to a periodic review of the treatment provided to the child and all other circumstances relevant to his or her placement."
"Convention on the Rights of the Child",,PART I,Article 26,1,"parties shall recognize for every child the right to benefit from social security, including social insurance, and shall take the necessary measures to achieve the full realization of this right in accordance with their national law."
"Convention on the Rights of the Child",,PART I,Article 26,2,"The benefits should, where appropriate, be granted, taking into account the resources and the circumstances of the child and persons having responsibility for the maintenance of the child, as well as any other consideration relevant to an application for benefits made by or on behalf of the child."
"Convention on the Rights of the Child",,PART I,Article 27,1,"parties recognize the right of every child to a standard of living adequate for the child's physical, mental, spiritual, moral and social development."
"Convention on the Rights of the Child",,PART I,Article 27,2,"The parent(s) or others responsible for the child have the primary responsibility to secure, within their abilities and financial capacities, the conditions of living necessary for the child's development."
"Convention on the Rights of the Child",,PART I,Article 27,3,"parties, in accordance with national conditions and within their means, shall take appropriate measures to assist parents and others responsible for the child to implement this right and shall in case of need provide material assistance and support programmes, particularly with regard to nutrition, clothing and housing."
"Convention on the Rights of the Child",,PART I,Article 27,4,"parties shall take all appropriate measures to secure the recovery of maintenance for the child from the parents or other persons having financial responsibility for the child, both within the party and from abroad. In particular, where the person having financial responsibility for the child lives in a State different from that of the child, parties shall promote the accession to international agreements or the conclusion of such agreements, as well as the making of other appropriate arrangements."
"Convention on the Rights of the Child",,PART I,Article 28,1,"parties recognize the right of the child to education, and with a view to achieving this right progressively and on the basis of equal opportunity, they shall, in particular:

(a) Make primary education compulsory and available free to all;

(b) Encourage the development of different forms of secondary education, including general and vocational education, make them available and accessible to every child, and take appropriate measures such as the introduction of free education and offering financial assistance in case of need;

(c) Make higher education accessible to all on the basis of capacity by every appropriate means;

(d) Make educational and vocational information and guidance available and accessible to all children;

(e) Take measures to encourage regular attendance at schools and the reduction of drop-out rates."
"Convention on the Rights of the Child",,PART I,Article 28,2,parties shall take all appropriate measures to ensure that school discipline is administered in a manner consistent with the child's human dignity and in conformity with the present Convention.
"Convention on the Rights of the Child",,PART I,Article 28,3,"parties shall promote and encourage international cooperation in matters relating to education, in particular with a view to contributing to the elimination of ignorance and illiteracy throughout the world and facilitating access to scientific and technical knowledge and modern teaching methods. In this regard, particular account shall be taken of the needs of developing countries."
"Convention on the Rights of the Child",,PART I,Article 29,1,"parties agree that the education of the child shall be directed to:

(a) The development of the child's personality, talents and mental and physical abilities to their fullest potential;

(b) The development of respect for human rights and fundamental freedoms, and for the principles enshrined in the Charter of the United Nations;

(c) The development of respect for the child's parents, his or her own cultural identity, language and values, for the national values of the country in which the child is living, the country from which he or she may originate, and for civilizations different from his or her own;

(d) The preparation of the child for responsible life in a free society, in the spirit of understanding, peace, tolerance, equality of sexes, and friendship among all peoples, ethnic, national and religious groups and persons of indigenous origin;

(e) The development of respect for the natural environment."
"Convention on the Rights of the Child",,PART I,Article 29,2,"No part of the present article or article 28 shall be construed so as to interfere with the liberty of individuals and bodies to establish and direct educational institutions, subject always to the observance of the principle set forth in paragraph 1 of the present article and to the requirements that the education given in such institutions shall conform to such minimum standards as may be laid down by the State."
"Convention on the Rights of the Child",,PART I,Article 30,,"In those States in which ethnic, religious or linguistic minorities or persons of indigenous origin exist, a child belonging to such a minority or who is indigenous shall not be denied the right, in community with other members of his or her group, to enjoy his or her own culture, to profess and practise his or her own religion, or to use his or her own language."
"Convention on the Rights of the Child",,PART I,Article 31,1,"parties recognize the right of the child to rest and leisure, to engage in play and recreational activities appropriate to the age of the child and to participate freely in cultural life and the arts."
"Convention on the Rights of the Child",,PART I,Article 31,2,"parties shall respect and promote the right of the child to participate fully in cultural and artistic life and shall encourage the provision of appropriate and equal opportunities for cultural, artistic, recreational and leisure activity."
"Convention on the Rights of the Child",,PART I,Article 32,1,"parties recognize the right of the child to be protected from economic exploitation and from performing any work that is likely to be hazardous or to interfere with the child's education, or to be harmful to the child's health or physical, mental, spiritual, moral or social development."
"Convention on the Rights of the Child",,PART I,Article 32,2,"parties shall take legislative, administrative, social and educational measures to ensure the implementation of the present article. To this end, and having regard to the relevant provisions of other international instruments, parties shall in particular:

(a) Provide for a minimum age or minimum ages for admission to employment;

(b) Provide for appropriate regulation of the hours and conditions of employment;

(c) Provide for appropriate penalties or other sanctions to ensure the effective enforcement of the present article."
"Convention on the Rights of the Child",,PART I,Article 33,,"parties shall take all appropriate measures, including legislative, administrative, social and educational measures, to protect children from the illicit use of narcotic drugs and psychotropic substances as defined in the relevant international treaties, and to prevent the use of children in the illicit production and trafficking of such substances."
"Convention on the Rights of the Child",,PART I,Article 34,,"parties undertake to protect the child from all forms of sexual exploitation and sexual abuse. For these purposes, parties shall in particular take all appropriate national, bilateral and multilateral measures to prevent:

(a) The inducement or coercion of a child to engage in any unlawful sexual activity;

(b) The exploitative use of children in prostitution or other unlawful sexual practices;

(c) The exploitative use of children in pornographic performances and materials."
"Convention on the Rights of the Child",,PART I,Article 35,,"parties shall take all appropriate national, bilateral and multilateral measures to prevent the abduction of, the sale of or traffic in children for any purpose or in any form."
"Convention on the Rights of the Child",,PART I,Article 36,,parties shall protect the child against all other forms of exploitation prejudicial to any aspects of the child's welfare.
"Convention on the Rights of the Child",,PART I,Article 37,,"parties shall ensure that:

(a) No child shall be subjected to torture or other cruel, inhuman or degrading treatment or punishment. Neither capital punishment nor life imprisonment without possibility of release shall be imposed for offences committed by persons below eighteen years of age;

(b) No child shall be deprived of his or her liberty unlawfully or arbitrarily. The arrest, detention or imprisonment of a child shall be in conformity with the law and shall be used only as a measure of last resort and for the shortest appropriate period of time;

(c) Every child deprived of liberty shall be treated with humanity and respect for the inherent dignity of the human person, and in a manner which takes into account the needs of persons of his or her age. In particular, every child deprived of liberty shall be separated from adults unless it is considered in the child's best interest not to do so and shall have the right to maintain contact with his or her family through correspondence and visits, save in exceptional circumstances;

(d) Every child deprived of his or her liberty shall have the right to prompt access to legal and other appropriate assistance, as well as the right to challenge the legality of the deprivation of his or her liberty before a court or other competent, independent and impartial authority, and to a prompt decision on any such action."
"Convention on the Rights of the Child",,PART I,Article 38,1,parties undertake to respect and to ensure respect for rules of international humanitarian law applicable to them in armed conflicts which are relevant to the child.
"Convention on the Rights of the Child",,PART I,Article 38,2,parties shall take all feasible measures to ensure that persons who have not attained the age of fifteen years do not take a direct part in hostilities.
"Convention on the Rights of the Child",,PART I,Article 38,3,"parties shall refrain from recruiting any person who has not attained the age of fifteen years into their armed forces. In recruiting among those persons who have attained the age of fifteen years but who have not attained the age of eighteen years, parties shall endeavour to give priority to those who are oldest."
"Convention on the Rights of the Child",,PART I,Article 38,4,"In accordance with their obligations under international humanitarian law to protect the civilian population in armed conflicts, parties shall take all feasible measures to ensure protection and care of children who are affected by an armed conflict."
"Convention on the Rights of the Child",,PART I,Article 39,,"parties shall take all appropriate measures to promote physical and psychological recovery and social reintegration of a child victim of: any form of neglect, exploitation, or abuse; torture or any other form of cruel, inhuman or degrading treatment or punishment; or armed conflicts. Such recovery and reintegration shall take place in an environment which fosters the health, self-respect and dignity of the child."
"Convention on the Rights of the Child",,PART I,Article 40,1,"parties recognize the right of every child alleged as, accused of, or recognized as having infringed the penal law to be treated in a manner consistent with the promotion of the child's sense of dignity and worth, which reinforces the child's respect for the human rights and fundamental freedoms of others and which takes into account the child's age and the desirability of promoting the child's reintegration and the child's assuming a constructive role in society."
"Convention on the Rights of the Child",,PART I,Article 40,2,"To this end, and having regard to the relevant provisions of international instruments, parties shall, in particular, ensure that:

(a) No child shall be alleged as, be accused of, or recognized as having infringed the penal law by reason of acts or omissions that were not prohibited by national or international law at the time they were committed;

(b) Every child alleged as or accused of having infringed the penal law has at least the following guarantees:

(i) To be presumed innocent until proven guilty according to law;

(ii) To be informed promptly and directly of the charges against him or her, and, if appropriate, through his or her parents or legal guardians, and to have legal or other appropriate assistance in the preparation and presentation of his or her defence;

(iii) To have the matter determined without delay by a competent, independent and impartial authority or judicial body in a fair hearing according to law, in the presence of legal or other appropriate assistance and, unless it is considered not to be in the best interest of the child, in particular, taking into account his or her age or situation, his or her parents or legal guardians;

(iv) Not to be compelled to give testimony or to confess guilt; to examine or have examined adverse witnesses and to obtain the participation and examination of witnesses on his or her behalf under conditions of equality;

(v) If considered to have infringed the penal law, to have this decision and any measures imposed in consequence thereof reviewed by a higher competent, independent and impartial authority or judicial body according to law;

(vi) To have the free assistance of an interpreter if the child cannot understand or speak the language used;

(vii) To have his or her privacy fully respected at all stages of the proceedings."
"Convention on the Rights of the Child",,PART I,Article 40,3,"parties shall seek to promote the establishment of laws, procedures, authorities and institutions specifically applicable to children alleged as, accused of, or recognized as having infringed the penal law, and, in particular:

(a) The establishment of a minimum age below which children shall be presumed not to have the capacity to infringe the penal law;

(b) Whenever appropriate and desirable, measures for dealing with such children without resorting to judicial proceedings, providing that human rights and legal safeguards are fully respected. 4. A variety of dispositions, such as care, guidance and supervision orders; counselling; probation; foster care; education and vocational training programmes and other alternatives to institutional care shall be available to ensure that children are dealt with in a manner appropriate to their well-being and proportionate both to their circumstances and the offence."
"Convention on the Rights of the Child",,PART I,Article 41,,"Nothing in the present Convention shall affect any provisions which are more conducive to the realization of the rights of the child and which may be contained in:

(a) The law of a party; or

(b) International law in force for that State."
"Convention on the Rights of the Child",,PART II,Article 42,,"parties undertake to make the principles and provisions of the Convention widely known, by appropriate and active means, to adults and children alike."
"Convention on the Rights of the Child",,PART II,Article 43,1,"For the purpose of examining the progress made by parties in achieving the realization of the obligations undertaken in the present Convention, there shall be established a Committee on the Rights of the Child, which shall carry out the functions hereinafter provided."
"Convention on the Rights of the Child",,PART II,Article 43,2,"The Committee shall consist of eighteen experts of high moral standing and recognized competence in the field covered by this Convention.1/ The members of the Committee shall be elected by parties from among their nationals and shall serve in their personal capacity, consideration being given to equitable geographical distribution, as well as to the principal legal systems."
"Convention on the Rights of the Child",,PART II,Article 43,3,The members of the Committee shall be elected by secret ballot from a list of persons nominated by parties. Each party may nominate one person from among its own nationals.
"Convention on the Rights of the Child",,PART II,Article 43,4,"The initial election to the Committee shall be held no later than six months after the date of the entry into force of the present Convention and thereafter every second year. At least four months before the date of each election, the Secretary-General of the United Nations shall address a letter to parties inviting them to submit their nominations within two months. The Secretary-General shall subsequently prepare a list in alphabetical order of all persons thus nominated, indicating parties which have nominated them, and shall submit it to the parties to the present Convention."
"Convention on the Rights of the Child",,PART II,Article 43,5,"The elections shall be held at meetings of parties convened by the Secretary-General at United Nations Headquarters. At those meetings, for which two thirds of parties shall constitute a quorum, the persons elected to the Committee shall be those who obtain the largest number of votes and an absolute majority of the votes of the representatives of parties present and voting."
"Convention on the Rights of the Child",,PART II,Article 43,6,"The members of the Committee shall be elected for a term of four years. They shall be eligible for re-election if renominated. The term of five of the members elected at the first election shall expire at the end of two years; immediately after the first election, the names of these five members shall be chosen by lot by the Chairman of the meeting."
"Convention on the Rights of the Child",,PART II,Article 43,7,"If a member of the Committee dies or resigns or declares that for any other cause he or she can no longer perform the duties of the Committee, the party which nominated the member shall appoint another expert from among its nationals to serve for the remainder of the term, subject to the approval of the Committee."
"Convention on the Rights of the Child",,PART II,Article 43,8,The Committee shall establish its own rules of procedure.
"Convention on the Rights of the Child",,PART II,Article 43,9,The Committee shall elect its officers for a period of two years.
"Convention on the Rights of the Child",,PART II,Article 43,10,"The meetings of the Committee shall normally be held at United Nations Headquarters or at any other convenient place as determined by the Committee. The Committee shall normally meet annually. The duration of the meetings of the Committee shall be determined, and reviewed, if necessary, by a meeting of the parties to the present Convention, subject to the approval of the General Assembly."
"Convention on the Rights of the Child",,PART II,Article 43,11,The Secretary-General of the United Nations shall provide the necessary staff and facilities for the effective performance of the functions of the Committee under the present Convention.
"Convention on the Rights of the Child",,PART II,Article 43,12,"With the approval of the General Assembly, the members of the Committee established under the present Convention shall receive emoluments from United Nations resources on such terms and conditions as the Assembly may decide."
"Convention on the Rights of the Child",,PART II,Article 44,1,"parties undertake to submit to the Committee, through the Secretary-General of the United Nations, reports on the measures they have adopted which give effect to the rights recognized herein and on the progress made on the enjoyment of those rights

(a) Within two years of the entry into force of the Convention for the party concerned;

(b) Thereafter every five years."
"Convention on the Rights of the Child",,PART II,Article 44,2," Reports made under the present article shall indicate factors and difficulties, if any, affecting the degree of fulfilment of the obligations under the present Convention. Reports shall also contain sufficient information to provide the Committee with a comprehensive understanding of the implementation of the Convention in the country concerned."
"Convention on the Rights of the Child",,PART II,Article 44,3,"A party which has submitted a comprehensive initial report to the Committee need not, in its subsequent reports submitted in accordance with paragraph 1 (b) of the present article, repeat basic information previously provided."
"Convention on the Rights of the Child",,PART II,Article 44,4,The Committee may request from parties further information relevant to the implementation of the Convention.
"Convention on the Rights of the Child",,PART II,Article 44,5,"The Committee shall submit to the General Assembly, through the Economic and Social Council, every two years, reports on its activities."
"Convention on the Rights of the Child",,PART II,Article 44,6,parties shall make their reports widely available to the public in their own countries.
"Convention on the Rights of the Child",,PART II,Article 45,,"In order to foster the effective implementation of the Convention and to encourage international co-operation in the field covered by the Convention:

(a) The specialized agencies, the United Nations Children's Fund, and other United Nations organs shall be entitled to be represented at the consideration of the implementation of such provisions of the present Convention as fall within the scope of their mandate. The Committee may invite the specialized agencies, the United Nations Children's Fund and other competent bodies as it may consider appropriate to provide expert advice on the implementation of the Convention in areas falling within the scope of their respective mandates. The Committee may invite the specialized agencies, the United Nations Children's Fund, and other United Nations organs to submit reports on the implementation of the Convention in areas falling within the scope of their activities;

(b) The Committee shall transmit, as it may consider appropriate, to the specialized agencies, the United Nations Children's Fund and other competent bodies, any reports from parties that contain a request, or indicate a need, for technical advice or assistance, along with the Committee's observations and suggestions, if any, on these requests or indications;

(c) The Committee may recommend to the General Assembly to request the Secretary-General to undertake on its behalf studies on specific issues relating to the rights of the child;

(d) The Committee may make suggestions and general recommendations based on information received pursuant to articles 44 and 45 of the present Convention. Such suggestions and general recommendations shall be transmitted to any party concerned and reported to the General Assembly, together with comments, if any, from parties."
"Convention on the Rights of the Child",,PART III,Article 46,,The present Convention shall be open for signature by all States.
"Convention on the Rights of the Child",,PART III,Article 47,,The present Convention is subject to ratification. Instruments of ratification shall be deposited with the Secretary-General of the United Nations.
"Convention on the Rights of the Child",,PART III,Article 48,,The present Convention shall remain open for accession by any State. The instruments of accession shall be deposited with the Secretary-General of the United Nations.
"Convention on the Rights of the Child",,PART III,Article 49,1,The present Convention shall enter into force on the thirtieth day following the date of deposit with the Secretary-General of the United Nations of the twentieth instrument of ratification or accession.
"Convention on the Rights of the Child",,PART III,Article 49,2,"For each State ratifying or acceding to the Convention after the deposit of the twentieth instrument of ratification or accession, the Convention shall enter into force on the thirtieth day after the deposit by such State of its instrument of ratification or accession."
"Convention on the Rights of the Child",,PART III,Article 50,1,"Any party may propose an amendment and file it with the Secretary-General of the United Nations. The Secretary-General shall thereupon communicate the proposed amendment to parties, with a request that they indicate whether they favour a conference of parties for the purpose of considering and voting upon the proposals. In the event that, within four months from the date of such communication, at least one third of the parties favour such a conference, the Secretary-General shall convene the conference under the auspices of the United Nations. Any amendment adopted by a majority of parties present and voting at the conference shall be submitted to the General Assembly for approval."
"Convention on the Rights of the Child",,PART III,Article 50,2,An amendment adopted in accordance with paragraph 1 of the present article shall enter into force when it has been approved by the General Assembly of the United Nations and accepted by a two-thirds majority of parties.
"Convention on the Rights of the Child",,PART III,Article 50,3,"When an amendment enters into force, it shall be binding on those parties which have accepted it, other parties still being bound by the provisions of the present Convention and any earlier amendments which they have accepted."
"Convention on the Rights of the Child",,PART III,Article 51,1,The Secretary-General of the United Nations shall receive and circulate to all States the text of reservations made by States at the time of ratification or accession.
"Convention on the Rights of the Child",,PART III,Article 51,2,A reservation incompatible with the object and purpose of the present Convention shall not be permitted.
"Convention on the Rights of the Child",,PART III,Article 51,3,"Reservations may be withdrawn at any time by notification to that effect addressed to the Secretary-General of the United Nations, who shall then inform all States. Such notification shall take effect on the date on which it is received by the Secretary-General"
"Convention on the Rights of the Child",,PART III,Article 52,,A party may denounce the present Convention by written notification to the Secretary-General of the United Nations. Denunciation becomes effective one year after the date of receipt of the notification by the Secretary-General.
"Convention on the Rights of the Child",,PART III,Article 53,,The Secretary-General of the United Nations is designated as the depositary of the present Convention.
"Convention on the Rights of the Child",,PART III,Article 54,,"The original of the present Convention, of which the Arabic, Chinese, English, French, Russian and Spanish texts are equally authentic, shall be deposited with the Secretary-General of the United Nations. In witness thereof the undersigned plenipotentiaries, being duly authorized thereto by their respective Governments, have signed the present Convention."
Universal Declaration on the Human Genome and Human Rights,,11 November 1997,URI,https://www.ohchr.org/en/instruments-mechanisms/instruments/universal-declaration-human-genome-and-human-rights,
Universal Declaration on the Human Genome and Human Rights,,,,,"The General Conference ,

Recalling that the Preamble of UNESCO's Constitution refers to ""the democratic principles of the dignity, equality and mutual respect of men"", rejects any ""doctrine of the inequality of men and races"", stipulates ""that the wide diffusion of culture, and the education of humanity for justice and liberty and peace are indispensable to the dignity of men and constitute a sacred duty which all the nations must fulfil in a spirit of mutual assistance and concern"", proclaims that ""peace must be founded upon the intellectual and moral solidarity of mankind"", and states that the Organization seeks to advance ""through the educational and scientific and cultural relations of the peoples of the world, the objectives of international peace and of the common welfare of mankind for which the United Nations Organization was established and which its Charter proclaims"",

Solemnly recalling its attachment to the universal principles of human rights, affirmed in particular in the Universal Declaration of Human Rights of 10 December 1948 and in the two International United Nations Covenants on Economic, Social and Cultural Rights and on Civil and Political Rights of l6 December 1966, in the United Nations Convention on the Prevention and Punishment of the Crime of Genocide of 9 December 1948, the United Nations International Convention on the Elimination of All Forms of Racial Discrimination of 21 December 1965, the United Nations Declaration on the Rights of Mentally Retarded Persons of 20 December 1971, the United Nations Declaration on the Rights of Disabled Persons of 9 December 1975, the United Nations Convention on the Elimination of All Forms of Discrimination Against Women of 18 December 1979, the United Nations Declaration of Basic Principles of Justice for Victims of Crime and Abuse of Power of 29 November 1985, the United Nations Convention on the Rights of the Child of 20 November 1989, the United Nations Standard Rules on the Equalization of Opportunities for Persons with Disabilities of 20 December 1993, the Convention on the Prohibition of the Development, Production and Stockpiling of Bacteriological (Biological) and Toxin Weapons and on their Destruction of 16 December 1971, the UNESCO Convention against Discrimination in Education of 14 December 1960, the UNESCO Declaration of the Principles of International Cultural Co-operation of 4 November 1966, the UNESCO Recommendation on the Status of Scientific Researchers of 20 November 1974, the UNESCO Declaration on Race and Racial Prejudice of 27 November 1978, the ILO Convention (N° 111) concerning Discrimination in Respect of Employment and Occupation of 25 June 1958 and the ILO Convention (N° 169) concerning Indigenous and Tribal Peoples in Independent Countries of 27 June 1989,

Bearing in mind, and without prejudice to, the international instruments which could have a bearing on the applications of genetics in the field of intellectual property, inter alia the Berne Convention for the Protection of Literary and Artistic Works of 9 September 1886 and the UNESCO Universal Copyright Convention of 6 September 1952, as last revised in Paris on 24 July 1971, the Paris Convention for the Protection of Industrial Property of 20 March 1883, as last revised at Stockholm on 14 July 1967, the Budapest Treaty of the WIPO on International Recognition of the Deposit of Micro-Organisms for the Purposes of Patent Procedures of 28 April 1977, and the Trade Related Aspects of Intellectual Property Rights Agreement (TRIPs) annexed to the Agreement establishing the World Trade Organization, which entered into force on 1 January 1995,

Bearing in mind also the United Nations Convention on Biological Diversity of 5 June 1992 and emphasizing in that connection that the recognition of the genetic diversity of humanity must not give rise to any interpretation of a social or political nature which could call into question ""the inherent dignity and (...) the equal and inalienable rights of all members of the human family"", in accordance with the Preamble to the Universal Declaration of Human Rights,

Recalling 22 C/Resolution 13.1, 23 C/Resolution 13.1, 24 C/Resolution 13.1, 25 C/Resolutions 5.2 and 7.3, 27 C/Resolution 5.15 and 28 C/Resolutions 0.12, 2.1 and 2.2, urging UNESCO to promote and develop ethical studies, and the actions arising out of them, on the consequences of scientific and technological progress in the fields of biology and genetics, within the framework of respect for human rights and fundamental freedoms,

Recognizing that research on the human genome and the resulting applications open up vast prospects for progress in improving the health of individuals and of humankind as a whole, but emphasizing that such research should fully respect human dignity, freedom and human rights, as well as the prohibition of all forms of discrimination based on genetic characteristics,

Proclaims the principles that follow and adopts the present Declaration."
Universal Declaration on the Human Genome and Human Rights,,A.,Human dignity and the human genome,,
Universal Declaration on the Human Genome and Human Rights,,,Article 1,,"The human genome underlies the fundamental unity of all members of the human family, as well as the recognition of their inherent dignity and diversity. In a symbolic sense, it is the heritage of humanity."
Universal Declaration on the Human Genome and Human Rights,,,Article 2,,"(a) Everyone has a right to respect for their dignity and for their rights regardless of their genetic characteristics.

(b) That dignity makes it imperative not to reduce individuals to their genetic characteristics and to respect their uniqueness and diversity."
Universal Declaration on the Human Genome and Human Rights,,,Article 3,,"The human genome, which by its nature evolves, is subject to mutations. It contains potentialities that are expressed differently according to each individual's natural and social environment including the individual's state of health, living conditions, nutrition and education."
Universal Declaration on the Human Genome and Human Rights,,,Article 4,,The human genome in its natural state shall not give rise to financial gains.
Universal Declaration on the Human Genome and Human Rights,,B.,Rights of the persons concerned,,
Universal Declaration on the Human Genome and Human Rights,,,Article 5,,"(a) Research, treatment or diagnosis affecting an individual's genome shall be undertaken only after rigorous and prior assessment of the potential risks and benefits pertaining thereto and in accordance with any other requirement of national law.

(b) In all cases, the prior, free and informed consent of the person concerned shall be obtained. If the latter is not in a position to consent, consent or authorization shall be obtained in the manner prescribed by law, guided by the person's best interest.

(c) The right of each individual to decide whether or not to be informed of the results of genetic examination and the resulting consequences should be respected.

(d) In the case of research, protocols shall, in addition, be submitted for prior review in accordance with relevant national and international research standards or guidelines.

(e) If according to the law a person does not have the capacity to consent, research affecting his or her genome may only be carried out for his or her direct health benefit, subject to the authorization and the protective conditions prescribed by law. Research which does not have an expected direct health benefit may only be undertaken by way of exception, with the utmost restraint, exposing the person only to a minimal risk and minimal burden and if the research is intended to contribute to the health benefit of other persons in the same age category or with the same genetic condition, subject to the conditions prescribed by law, and provided such research is compatible with the protection of the individual's human rights."
Universal Declaration on the Human Genome and Human Rights,,,Article 6,,"No one shall be subjected to discrimination based on genetic characteristics that is intended to infringe or has the effect of infringing human rights, fundamental freedoms and human dignity."
Universal Declaration on the Human Genome and Human Rights,,,Article 7,,Genetic data associated with an identifiable person and stored or processed for the purposes of research or any other purpose must be held confidential in the conditions set by law.
Universal Declaration on the Human Genome and Human Rights,,,Article 8,,"Every individual shall have the right, according to international and national law, to just reparation for any damage sustained as a direct and determining result of an intervention affecting his or her genome."
Universal Declaration on the Human Genome and Human Rights,,,Article 9,,"In order to protect human rights and fundamental freedoms, limitations to the principles of consent and confidentiality may only be prescribed by law, for compelling reasons within the bounds of public international law and the international law of human rights."
Universal Declaration on the Human Genome and Human Rights,,C.,Research on the human genome,,
Universal Declaration on the Human Genome and Human Rights,,,Article 10,,"No research or research applications concerning the human genome, in particular in the fields of biology, genetics and medicine, should prevail over respect for the human rights, fundamental freedoms and human dignity of individuals or, where applicable, of groups of people."
Universal Declaration on the Human Genome and Human Rights,,,Article 11,,"Practices which are contrary to human dignity, such as reproductive cloning of human beings, shall not be permitted. States and competent international organizations are invited to co-operate in identifying such practices and in taking, at national or international level, the measures necessary to ensure that the principles set out in this Declaration are respected."
Universal Declaration on the Human Genome and Human Rights,,,Article 12,,"(a) Benefits from advances in biology, genetics and medicine, concerning the human genome, shall be made available to all, with due regard for the dignity and human rights of each individual.

(b) Freedom of research, which is necessary for the progress of knowledge, is part of freedom of thought. The applications of research, including applications in biology, genetics and medicine, concerning the human genome, shall seek to offer relief from suffering and improve the health of individuals and humankind as a whole."
Universal Declaration on the Human Genome and Human Rights,,D.,Conditions for the exercise of scientific activity,,
Universal Declaration on the Human Genome and Human Rights,,,Article 13,,"The responsibilities inherent in the activities of researchers, including meticulousness, caution, intellectual honesty and integrity in carrying out their research as well as in the presentation and utilization of their findings, should be the subject of particular attention in the framework of research on the human genome, because of its ethical and social implications. Public and private science policy-makers also have particular responsibilities in this respect."
Universal Declaration on the Human Genome and Human Rights,,,Article 14,,"States should take appropriate measures to foster the intellectual and material conditions favourable to freedom in the conduct of research on the human genome and to consider the ethical, legal, social and economic implications of such research, on the basis of the principles set out in this Declaration."
Universal Declaration on the Human Genome and Human Rights,,,Article 15,,"States should take appropriate steps to provide the framework for the free exercise of research on the human genome with due regard for the principles set out in this Declaration, in order to safeguard respect for human rights, fundamental freedoms and human dignity and to protect public health. They should seek to ensure that research results are not used for non-peaceful purposes."
Universal Declaration on the Human Genome and Human Rights,,,Article 16,,"States should recognize the value of promoting, at various levels, as appropriate, the establishment of independent, multidisciplinary and pluralist ethics committees to assess the ethical, legal and social issues raised by research on the human genome and its application."
Universal Declaration on the Human Genome and Human Rights,,E.,Solidarity and international cooperation,,
Universal Declaration on the Human Genome and Human Rights,,,Article 17,,"States should respect and promote the practice of solidarity towards individuals, families and population groups who are particularly vulnerable to or affected by disease or disability of a genetic character. They should foster, inter alia , research on the identification, prevention and treatment of genetically based and genetically influenced diseases, in particular rare as well as endemic diseases which affect large numbers of the world's population."
Universal Declaration on the Human Genome and Human Rights,,,Article 18,,"States should make every effort, with due and appropriate regard for the principles set out in this Declaration, to continue fostering the international dissemination of scientific knowledge concerning the human genome, human diversity and genetic research and, in that regard, to foster scientific and cultural co-operation, particularly between industrialized and developing countries."
Universal Declaration on the Human Genome and Human Rights,,,Article 19,,"(a) In the framework of international co-operation with developing countries, States should seek to encourage measures enabling:

(b) Relevant international organizations should support and promote the initiatives taken by States for the above-mentioned purposes."
Universal Declaration on the Human Genome and Human Rights,,F.,Promotion of the principles set out in the Declaration,,
Universal Declaration on the Human Genome and Human Rights,,,Article 20,,"States should take appropriate measures to promote the principles set out in the Declaration, through education and relevant means, inter alia through the conduct of research and training in interdisciplinary fields and through the promotion of education in bioethics, at all levels, in particular for those responsible for science policies."
Universal Declaration on the Human Genome and Human Rights,,,Article 21,,"States should take appropriate measures to encourage other forms of research, training and information dissemination conducive to raising the awareness of society and all of its members of their responsibilities regarding the fundamental issues relating to the defence of human dignity which may be raised by research in biology, in genetics and in medicine, and its applications. They should also undertake to facilitate on this subject an open international discussion, ensuring the free expression of various sociocultural, religious and philosophical opinions."
Universal Declaration on the Human Genome and Human Rights,,G.,Implementation of the Declaration,,
Universal Declaration on the Human Genome and Human Rights,,,Article 22,,"States should make every effort to promote the principles set out in this Declaration and should, by means of all appropriate measures, promote their implementation."
Universal Declaration on the Human Genome and Human Rights,,,Article 23,,"States should take appropriate measures to promote, through education, training and information dissemination, respect for the above-mentioned principles and to foster their recognition and effective application. States should also encourage exchanges and networks among independent ethics committees, as they are established, to foster full collaboration."
Universal Declaration on the Human Genome and Human Rights,,,Article 24,,"The International Bioethics Committee of UNESCO should contribute to the dissemination of the principles set out in this Declaration and to the further examination of issues raised by their applications and by the evolution of the technologies in question. It should organize appropriate consultations with parties concerned, such as vulnerable groups. It should make recommendations, in accordance with UNESCO's statutory procedures, addressed to the General Conference and give advice concerning the follow-up of this Declaration, in particular regarding the identification of practices that could be contrary to human dignity, such as germ-line interventions."
Universal Declaration on the Human Genome and Human Rights,,,Article 25,,"Nothing in this Declaration may be interpreted as implying for any state, group or person any claim to engage in any activity or to perform any act contrary to human rights and fundamental freedoms, including the principles set out in this Declaration."
International Covenant on Civil and Political Rights,,16 December 1966,URI: ,https://www.ohchr.org/en/instruments-mechanisms/instruments/international-covenant-civil-and-political-rights,
International Covenant on Civil and Political Rights,,Preamble,,,"The parties to the present Covenant,

Considering that, in accordance with the principles proclaimed in the Charter of the United Nations, recognition of the inherent dignity and of the equal and inalienable rights of all members of the human family is the foundation of freedom, justice and peace in the world,

Recognizing that these rights derive from the inherent dignity of the human person,

Recognizing that, in accordance with the Universal Declaration of Human Rights, the ideal of free human beings enjoying civil and political freedom and freedom from fear and want can only be achieved if conditions are created whereby everyone may enjoy his civil and political rights, as well as his economic, social and cultural rights,

Considering the obligation of States under the Charter of the United Nations to promote universal respect for, and observance of, human rights and freedoms,

Realizing that the individual, having duties to other individuals and to the community to which he belongs, is under a responsibility to strive for the promotion and observance of the rights recognized in the present Covenant,

Agree upon the following articles:"
International Covenant on Civil and Political Rights,,PART I,Article 1,1,"All peoples have the right of self-determination. By virtue of that right they freely determine their political status and freely pursue their economic, social and cultural development."
International Covenant on Civil and Political Rights,,PART I,Article 1,2,"All peoples may, for their own ends, freely dispose of their natural wealth and resources without prejudice to any obligations arising out of international economic co-operation, based upon the principle of mutual benefit, and international law. In no case may a people be deprived of its own means of subsistence."
International Covenant on Civil and Political Rights,,PART I,Article 1,3,"The parties to the present Covenant, including those having responsibility for the administration of Non-Self-Governing and Trust Territories, shall promote the realization of the right of self-determination, and shall respect that right, in conformity with the provisions of the Charter of the United Nations."
International Covenant on Civil and Political Rights,,PART II,Article 2,1,"Each party to the present Covenant undertakes to respect and to ensure to all individuals within its territory and subject to its jurisdiction the rights recognized in the present Covenant, without distinction of any kind, such as race, colour, sex, language, religion, political or other opinion, national or social origin, property, birth or other status."
International Covenant on Civil and Political Rights,,PART II,Article 2,2,"Where not already provided for by existing legislative or other measures, each party to the present Covenant undertakes to take the necessary steps, in accordance with its constitutional processes and with the provisions of the present Covenant, to adopt such laws or other measures as may be necessary to give effect to the rights recognized in the present Covenant."
International Covenant on Civil and Political Rights,,PART II,Article 2,3,"Each party to the present Covenant undertakes:

(a) To ensure that any person whose rights or freedoms as herein recognized are violated shall have an effective remedy, notwithstanding that the violation has been committed by persons acting in an official capacity;

(b) To ensure that any person claiming such a remedy shall have his right thereto determined by competent judicial, administrative or legislative authorities, or by any other competent authority provided for by the legal system of the State, and to develop the possibilities of judicial remedy;

(c) To ensure that the competent authorities shall enforce such remedies when granted."
International Covenant on Civil and Political Rights,,PART II,Article 3,,The parties to the present Covenant undertake to ensure the equal right of men and women to the enjoyment of all civil and political rights set forth in the present Covenant.
International Covenant on Civil and Political Rights,,PART II,Article 4,1," In time of public emergency which threatens the life of the nation and the existence of which is officially proclaimed, the parties to the present Covenant may take measures derogating from their obligations under the present Covenant to the extent strictly required by the exigencies of the situation, provided that such measures are not inconsistent with their other obligations under international law and do not involve discrimination solely on the ground of race, colour, sex, language, religion or social origin."
International Covenant on Civil and Political Rights,,PART II,Article 4,2,"No derogation from articles 6, 7, 8 (paragraphs I and 2), 11, 15, 16 and 18 may be made under this provision."
International Covenant on Civil and Political Rights,,PART II,Article 4,3,"Any party to the present Covenant availing itself of the right of derogation shall immediately inform the other parties to the present Covenant, through the intermediary of the Secretary-General of the United Nations, of the provisions from which it has derogated and of the reasons by which it was actuated. A further communication shall be made, through the same intermediary, on the date on which it terminates such derogation."
International Covenant on Civil and Political Rights,,PART II,Article 5,1,"Nothing in the present Covenant may be interpreted as implying for any State, group or person any right to engage in any activity or perform any act aimed at the destruction of any of the rights and freedoms recognized herein or at their limitation to a greater extent than is provided for in the present Covenant."
International Covenant on Civil and Political Rights,,PART II,Article 5,2,"There shall be no restriction upon or derogation from any of the fundamental human rights recognized or existing in any party to the present Covenant pursuant to law, conventions, regulations or custom on the pretext that the present Covenant does not recognize such rights or that it recognizes them to a lesser extent."
International Covenant on Civil and Political Rights,,PART III,Article 6,1,Every human being has the inherent right to life. This right shall be protected by law. No one shall be arbitrarily deprived of his life.
International Covenant on Civil and Political Rights,,PART III,Article 6,2,"In countries which have not abolished the death penalty, sentence of death may be imposed only for the most serious crimes in accordance with the law in force at the time of the commission of the crime and not contrary to the provisions of the present Covenant and to the Convention on the Prevention and Punishment of the Crime of Genocide. This penalty can only be carried out pursuant to a final judgement rendered by a competent court."
International Covenant on Civil and Political Rights,,PART III,Article 6,3,"When deprivation of life constitutes the crime of genocide, it is understood that nothing in this article shall authorize any party to the present Covenant to derogate in any way from any obligation assumed under the provisions of the Convention on the Prevention and Punishment of the Crime of Genocide."
International Covenant on Civil and Political Rights,,PART III,Article 6,4,"Anyone sentenced to death shall have the right to seek pardon or commutation of the sentence. Amnesty, pardon or commutation of the sentence of death may be granted in all cases."
International Covenant on Civil and Political Rights,,PART III,Article 6,5,Sentence of death shall not be imposed for crimes committed by persons below eighteen years of age and shall not be carried out on pregnant women.
International Covenant on Civil and Political Rights,,PART III,Article 6,6,Nothing in this article shall be invoked to delay or to prevent the abolition of capital punishment by any party to the present Covenant.
International Covenant on Civil and Political Rights,,PART III,Article 7,,"No one shall be subjected to torture or to cruel, inhuman or degrading treatment or punishment. In particular, no one shall be subjected without his free consent to medical or scientific experimentation."
International Covenant on Civil and Political Rights,,PART III,Article 8,1,No one shall be held in slavery; slavery and the slave-trade in all their forms shall be prohibited.
International Covenant on Civil and Political Rights,,PART III,Article 8,2,No one shall be held in servitude.
International Covenant on Civil and Political Rights,,PART III,Article 8,3,"(a) No one shall be required to perform forced or compulsory labour;

(b) Paragraph 3 (a) shall not be held to preclude, in countries where imprisonment with hard labour may be imposed as a punishment for a crime, the performance of hard labour in pursuance of a sentence to such punishment by a competent court;

(c) For the purpose of this paragraph the term ""forced or compulsory labour"" shall not include:

(i) Any work or service, not referred to in subparagraph (b), normally required of a person who is under detention in consequence of a lawful order of a court, or of a person during conditional release from such detention;

(ii) Any service of a military character and, in countries where conscientious objection is recognized, any national service required by law of conscientious objectors;

(iii) Any service exacted in cases of emergency or calamity threatening the life or well-being of the community;

(iv) Any work or service which forms part of normal civil obligations."
International Covenant on Civil and Political Rights,,PART III,Article 9,1,Everyone has the right to liberty and security of person. No one shall be subjected to arbitrary arrest or detention. No one shall be deprived of his liberty except on such grounds and in accordance with such procedure as are established by law.
International Covenant on Civil and Political Rights,,PART III,Article 9,2,"Anyone who is arrested shall be informed, at the time of arrest, of the reasons for his arrest and shall be promptly informed of any charges against him."
International Covenant on Civil and Political Rights,,PART III,Article 9,3,"Anyone arrested or detained on a criminal charge shall be brought promptly before a judge or other officer authorized by law to exercise judicial power and shall be entitled to trial within a reasonable time or to release. It shall not be the general rule that persons awaiting trial shall be detained in custody, but release may be subject to guarantees to appear for trial, at any other stage of the judicial proceedings, and, should occasion arise, for execution of the judgement."
International Covenant on Civil and Political Rights,,PART III,Article 9,4,"Anyone who is deprived of his liberty by arrest or detention shall be entitled to take proceedings before a court, in order that that court may decide without delay on the lawfulness of his detention and order his release if the detention is not lawful."
International Covenant on Civil and Political Rights,,PART III,Article 9,5,Anyone who has been the victim of unlawful arrest or detention shall have an enforceable right to compensation.
International Covenant on Civil and Political Rights,,PART III,Article 10,1,All persons deprived of their liberty shall be treated with humanity and with respect for the inherent dignity of the human person.
International Covenant on Civil and Political Rights,,PART III,Article 10,2,"(a) Accused persons shall, save in exceptional circumstances, be segregated from convicted persons and shall be subject to separate treatment appropriate to their status as unconvicted persons;

(b) Accused juvenile persons shall be separated from adults and brought as speedily as possible for adjudication."
International Covenant on Civil and Political Rights,,PART III,Article 10,3,The penitentiary system shall comprise treatment of prisoners the essential aim of which shall be their reformation and social rehabilitation. Juvenile offenders shall be segregated from adults and be accorded treatment appropriate to their age and legal status.
International Covenant on Civil and Political Rights,,PART III,Article 11,,No one shall be imprisoned merely on the ground of inability to fulfil a contractual obligation.
International Covenant on Civil and Political Rights,,PART III,Article 12,1,"Everyone lawfully within the territory of a State shall, within that territory, have the right to liberty of movement and freedom to choose his residence."
International Covenant on Civil and Political Rights,,PART III,Article 12,2,"Everyone shall be free to leave any country, including his own."
International Covenant on Civil and Political Rights,,PART III,Article 12,3,"The above-mentioned rights shall not be subject to any restrictions except those which are provided by law, are necessary to protect national security, public order (ordre public), public health or morals or the rights and freedoms of others, and are consistent with the other rights recognized in the present Covenant."
International Covenant on Civil and Political Rights,,PART III,Article 13,,"An alien lawfully in the territory of a party to the present Covenant may be expelled therefrom only in pursuance of a decision reached in accordance with law and shall, except where compelling reasons of national security otherwise require, be allowed to submit the reasons against his expulsion and to have his case reviewed by, and be represented for the purpose before, the competent authority or a person or persons especially designated by the competent authority."
International Covenant on Civil and Political Rights,,PART III,Article 14,1,"All persons shall be equal before the courts and tribunals. In the determination of any criminal charge against him, or of his rights and obligations in a suit at law, everyone shall be entitled to a fair and public hearing by a competent, independent and impartial tribunal established by law. The press and the public may be excluded from all or part of a trial for reasons of morals, public order (ordre public) or national security in a democratic society, or when the interest of the private lives of the parties so requires, or to the extent strictly necessary in the opinion of the court in special circumstances where publicity would prejudice the interests of justice; but any judgement rendered in a criminal case or in a suit at law shall be made public except where the interest of juvenile persons otherwise requires or the proceedings concern matrimonial disputes or the guardianship of children."
International Covenant on Civil and Political Rights,,PART III,Article 14,2,Everyone charged with a criminal offence shall have the right to be presumed innocent until proved guilty according to law.
International Covenant on Civil and Political Rights,,PART III,Article 14,3,"In the determination of any criminal charge against him, everyone shall be entitled to the following minimum guarantees, in full equality: (a) To be informed promptly and in detail in a language which he understands of the nature and cause of the charge against him;

(b) To have adequate time and facilities for the preparation of his defence and to communicate with counsel of his own choosing;

(c) To be tried without undue delay;

(d) To be tried in his presence, and to defend himself in person or through legal assistance of his own choosing; to be informed, if he does not have legal assistance, of this right; and to have legal assistance assigned to him, in any case where the interests of justice so require, and without payment by him in any such case if he does not have sufficient means to pay for it;

(e) To examine, or have examined, the witnesses against him and to obtain the attendance and examination of witnesses on his behalf under the same conditions as witnesses against him;

(f) To have the free assistance of an interpreter if he cannot understand or speak the language used in court;

(g) Not to be compelled to testify against himself or to confess guilt."
International Covenant on Civil and Political Rights,,PART III,Article 14,4," In the case of juvenile persons, the procedure shall be such as will take account of their age and the desirability of promoting their rehabilitation."
International Covenant on Civil and Political Rights,,PART III,Article 14,5,Everyone convicted of a crime shall have the right to his conviction and sentence being reviewed by a higher tribunal according to law.
International Covenant on Civil and Political Rights,,PART III,Article 14,6,"When a person has by a final decision been convicted of a criminal offence and when subsequently his conviction has been reversed or he has been pardoned on the ground that a new or newly discovered fact shows conclusively that there has been a miscarriage of justice, the person who has suffered punishment as a result of such conviction shall be compensated according to law, unless it is proved that the non-disclosure of the unknown fact in time is wholly or partly attributable to him."
International Covenant on Civil and Political Rights,,PART III,Article 14,7,No one shall be liable to be tried or punished again for an offence for which he has already been finally convicted or acquitted in accordance with the law and penal procedure of each country.
International Covenant on Civil and Political Rights,,PART III,Article 15,1,"No one shall be held guilty of any criminal offence on account of any act or omission which did not constitute a criminal offence, under national or international law, at the time when it was committed. Nor shall a heavier penalty be imposed than the one that was applicable at the time when the criminal offence was committed. If, subsequent to the commission of the offence, provision is made by law for the imposition of the lighter penalty, the offender shall benefit thereby."
International Covenant on Civil and Political Rights,,PART III,Article 15,2,"Nothing in this article shall prejudice the trial and punishment of any person for any act or omission which, at the time when it was committed, was criminal according to the general principles of law recognized by the community of nations."
International Covenant on Civil and Political Rights,,PART III,Article 16,,Everyone shall have the right to recognition everywhere as a person before the law.
International Covenant on Civil and Political Rights,,PART III,Article 17,1,"No one shall be subjected to arbitrary or unlawful interference with his privacy, family, home or correspondence, nor to unlawful attacks on his honour and reputation."
International Covenant on Civil and Political Rights,,PART III,Article 17,2,Everyone has the right to the protection of the law against such interference or attacks.
International Covenant on Civil and Political Rights,,PART III,Article 18,1,"Everyone shall have the right to freedom of thought, conscience and religion. This right shall include freedom to have or to adopt a religion or belief of his choice, and freedom, either individually or in community with others and in public or private, to manifest his religion or belief in worship, observance, practice and teaching."
International Covenant on Civil and Political Rights,,PART III,Article 18,2,No one shall be subject to coercion which would impair his freedom to have or to adopt a religion or belief of his choice.
International Covenant on Civil and Political Rights,,PART III,Article 18,3,"Freedom to manifest one's religion or beliefs may be subject only to such limitations as are prescribed by law and are necessary to protect public safety, order, health, or morals or the fundamental rights and freedoms of others."
International Covenant on Civil and Political Rights,,PART III,Article 18,4,"The parties to the present Covenant undertake to have respect for the liberty of parents and, when applicable, legal guardians to ensure the religious and moral education of their children in conformity with their own convictions."
International Covenant on Civil and Political Rights,,PART III,Article 19,1,Everyone shall have the right to hold opinions without interference.
International Covenant on Civil and Political Rights,,PART III,Article 19,2,"Everyone shall have the right to freedom of expression; this right shall include freedom to seek, receive and impart information and ideas of all kinds, regardless of frontiers, either orally, in writing or in print, in the form of art, or through any other media of his choice."
International Covenant on Civil and Political Rights,,PART III,Article 19,3,"The exercise of the rights provided for in paragraph 2 of this article carries with it special duties and responsibilities. It may therefore be subject to certain restrictions, but these shall only be such as are provided by law and are necessary:

(a) For respect of the rights or reputations of others;

(b) For the protection of national security or of public order (ordre public), or of public health or morals."
International Covenant on Civil and Political Rights,,PART III,Article 20,1,Any propaganda for war shall be prohibited by law.
International Covenant on Civil and Political Rights,,PART III,Article 20,2,"Any advocacy of national, racial or religious hatred that constitutes incitement to discrimination, hostility or violence shall be prohibited by law."
International Covenant on Civil and Political Rights,,PART III,Article 21,,"The right of peaceful assembly shall be recognized. No restrictions may be placed on the exercise of this right other than those imposed in conformity with the law and which are necessary in a democratic society in the interests of national security or public safety, public order (ordre public), the protection of public health or morals or the protection of the rights and freedoms of others."
International Covenant on Civil and Political Rights,,PART III,Article 22,1,"Everyone shall have the right to freedom of association with others, including the right to form and join trade unions for the protection of his interests."
International Covenant on Civil and Political Rights,,PART III,Article 22,2,"No restrictions may be placed on the exercise of this right other than those which are prescribed by law and which are necessary in a democratic society in the interests of national security or public safety, public order (ordre public), the protection of public health or morals or the protection of the rights and freedoms of others. This article shall not prevent the imposition of lawful restrictions on members of the armed forces and of the police in their exercise of this right."
International Covenant on Civil and Political Rights,,PART III,Article 22,3,"Nothing in this article shall authorize parties to the International Labour Organisation Convention of 1948 concerning Freedom of Association and Protection of the Right to Organize to take legislative measures which would prejudice, or to apply the law in such a manner as to prejudice, the guarantees provided for in that Convention."
International Covenant on Civil and Political Rights,,PART III,Article 23,1,The family is the natural and fundamental group unit of society and is entitled to protection by society and the State.
International Covenant on Civil and Political Rights,,PART III,Article 23,2,The right of men and women of marriageable age to marry and to found a family shall be recognized.
International Covenant on Civil and Political Rights,,PART III,Article 23,3,No marriage shall be entered into without the free and full consent of the intending spouses.
International Covenant on Civil and Political Rights,,PART III,Article 23,4,"parties to the present Covenant shall take appropriate steps to ensure equality of rights and responsibilities of spouses as to marriage, during marriage and at its dissolution. In the case of dissolution, provision shall be made for the necessary protection of any children."
International Covenant on Civil and Political Rights,,PART III,Article 24,1,"Every child shall have, without any discrimination as to race, colour, sex, language, religion, national or social origin, property or birth, the right to such measures of protection as are required by his status as a minor, on the part of his family, society and the State."
International Covenant on Civil and Political Rights,,PART III,Article 24,2,Every child shall be registered immediately after birth and shall have a name.
International Covenant on Civil and Political Rights,,PART III,Article 24,3,Every child has the right to acquire a nationality.
International Covenant on Civil and Political Rights,,PART III,Article 25,,"Every citizen shall have the right and the opportunity, without any of the distinctions mentioned in article 2 and without unreasonable restrictions:

(a) To take part in the conduct of public affairs, directly or through freely chosen representatives;

(b) To vote and to be elected at genuine periodic elections which shall be by universal and equal suffrage and shall be held by secret ballot, guaranteeing the free expression of the will of the electors;

(c) To have access, on general terms of equality, to public service in his country."
International Covenant on Civil and Political Rights,,PART III,Article 26,,"All persons are equal before the law and are entitled without any discrimination to the equal protection of the law. In this respect, the law shall prohibit any discrimination and guarantee to all persons equal and effective protection against discrimination on any ground such as race, colour, sex, language, religion, political or other opinion, national or social origin, property, birth or other status."
International Covenant on Civil and Political Rights,,PART III,Article 27,,"In those States in which ethnic, religious or linguistic minorities exist, persons belonging to such minorities shall not be denied the right, in community with the other members of their group, to enjoy their own culture, to profess and practise their own religion, or to use their own language."
International Covenant on Civil and Political Rights,,PART IV,Article 28,1,There shall be established a Human Rights Committee (hereafter referred to in the present Covenant as the Committee). It shall consist of eighteen members and shall carry out the functions hereinafter provided.
International Covenant on Civil and Political Rights,,PART IV,Article 28,2,"The Committee shall be composed of nationals of the parties to the present Covenant who shall be persons of high moral character and recognized competence in the field of human rights, consideration being given to the usefulness of the participation of some persons having legal experience."
International Covenant on Civil and Political Rights,,PART IV,Article 28,3,The members of the Committee shall be elected and shall serve in their personal capacity.
International Covenant on Civil and Political Rights,,PART IV,Article 29,1,The members of the Committee shall be elected by secret ballot from a list of persons possessing the qualifications prescribed in article 28 and nominated for the purpose by the parties to the present Covenant.
International Covenant on Civil and Political Rights,,PART IV,Article 29,2,Each party to the present Covenant may nominate not more than two persons. These persons shall be nationals of the nominating State.
International Covenant on Civil and Political Rights,,PART IV,Article 29,3,A person shall be eligible for renomination.
International Covenant on Civil and Political Rights,,PART IV,Article 30,1,The initial election shall be held no later than six months after the date of the entry into force of the present Covenant.
International Covenant on Civil and Political Rights,,PART IV,Article 30,2,"At least four months before the date of each election to the Committee, other than an election to fill a vacancy declared in accordance with article 34, the Secretary-General of the United Nations shall address a written invitation to the parties to the present Covenant to submit their nominations for membership of the Committee within three months."
International Covenant on Civil and Political Rights,,PART IV,Article 30,3,"The Secretary-General of the United Nations shall prepare a list in alphabetical order of all the persons thus nominated, with an indication of the parties which have nominated them, and shall submit it to the parties to the present Covenant no later than one month before the date of each election."
International Covenant on Civil and Political Rights,,PART IV,Article 30,4,"Elections of the members of the Committee shall be held at a meeting of the parties to the present Covenant convened by the Secretary General of the United Nations at the Headquarters of the United Nations. At that meeting, for which two thirds of the parties to the present Covenant shall constitute a quorum, the persons elected to the Committee shall be those nominees who obtain the largest number of votes and an absolute majority of the votes of the representatives of parties present and voting."
International Covenant on Civil and Political Rights,,PART IV,Article 31,1,The Committee may not include more than one national of the same State.
International Covenant on Civil and Political Rights,,PART IV,Article 31,2,"In the election of the Committee, consideration shall be given to equitable geographical distribution of membership and to the representation of the different forms of civilization and of the principal legal systems."
International Covenant on Civil and Political Rights,,PART IV,Article 32,1,"The members of the Committee shall be elected for a term of four years. They shall be eligible for re-election if renominated. However, the terms of nine of the members elected at the first election shall expire at the end of two years; immediately after the first election, the names of these nine members shall be chosen by lot by the Chairman of the meeting referred to in article 30, paragraph 4."
International Covenant on Civil and Political Rights,,PART IV,Article 32,2,Elections at the expiry of office shall be held in accordance with the preceding articles of this part of the present Covenant.
International Covenant on Civil and Political Rights,,PART IV,Article 33,1,"If, in the unanimous opinion of the other members, a member of the Committee has ceased to carry out his functions for any cause other than absence of a temporary character, the Chairman of the Committee shall notify the Secretary-General of the United Nations, who shall then declare the seat of that member to be vacant."
International Covenant on Civil and Political Rights,,PART IV,Article 33,2,"In the event of the death or the resignation of a member of the Committee, the Chairman shall immediately notify the Secretary-General of the United Nations, who shall declare the seat vacant from the date of death or the date on which the resignation takes effect."
International Covenant on Civil and Political Rights,,PART IV,Article 34,1,"When a vacancy is declared in accordance with article 33 and if the term of office of the member to be replaced does not expire within six months of the declaration of the vacancy, the Secretary-General of the United Nations shall notify each of the parties to the present Covenant, which may within two months submit nominations in accordance with article 29 for the purpose of filling the vacancy."
International Covenant on Civil and Political Rights,,PART IV,Article 34,2,The Secretary-General of the United Nations shall prepare a list in alphabetical order of the persons thus nominated and shall submit it to the parties to the present Covenant. The election to fill the vacancy shall then take place in accordance with the relevant provisions of this part of the present Covenant.
International Covenant on Civil and Political Rights,,PART IV,Article 34,3,A member of the Committee elected to fill a vacancy declared in accordance with article 33 shall hold office for the remainder of the term of the member who vacated the seat on the Committee under the provisions of that article.
International Covenant on Civil and Political Rights,,PART IV,Article 35,,"The members of the Committee shall, with the approval of the General Assembly of the United Nations, receive emoluments from United Nations resources on such terms and conditions as the General Assembly may decide, having regard to the importance of the Committee's responsibilities."
International Covenant on Civil and Political Rights,,PART IV,Article 36,,The Secretary-General of the United Nations shall provide the necessary staff and facilities for the effective performance of the functions of the Committee under the present Covenant.
International Covenant on Civil and Political Rights,,PART IV,Article 37,1,The Secretary-General of the United Nations shall convene the initial meeting of the Committee at the Headquarters of the United Nations.
International Covenant on Civil and Political Rights,,PART IV,Article 37,2,"After its initial meeting, the Committee shall meet at such times as shall be provided in its rules of procedure."
International Covenant on Civil and Political Rights,,PART IV,Article 37,3,The Committee shall normally meet at the Headquarters of the United Nations or at the United Nations Office at Geneva.
International Covenant on Civil and Political Rights,,PART IV,Article 38,,"Every member of the Committee shall, before taking up his duties, make a solemn declaration in open committee that he will perform his functions impartially and conscientiously."
International Covenant on Civil and Political Rights,,PART IV,Article 39,1,The Committee shall elect its officers for a term of two years. They may be re-elected.
International Covenant on Civil and Political Rights,,PART IV,,2,"The Committee shall establish its own rules of procedure, but these rules shall provide, inter alia, that:

(a) Twelve members shall constitute a quorum;

(b) Decisions of the Committee shall be made by a majority vote of the members present."
International Covenant on Civil and Political Rights,,PART IV,Article 40,1," The parties to the present Covenant undertake to submit reports on the measures they have adopted which give effect to the rights recognized herein and on the progress made in the enjoyment of those rights: (a) Within one year of the entry into force of the present Covenant for the parties concerned;

(b) Thereafter whenever the Committee so requests."
International Covenant on Civil and Political Rights,,PART IV,Article 40,2,"All reports shall be submitted to the Secretary-General of the United Nations, who shall transmit them to the Committee for consideration. Reports shall indicate the factors and difficulties, if any, affecting the implementation of the present Covenant."
International Covenant on Civil and Political Rights,,PART IV,Article 40,3,"The Secretary-General of the United Nations may, after consultation with the Committee, transmit to the specialized agencies concerned copies of such parts of the reports as may fall within their field of competence."
International Covenant on Civil and Political Rights,,PART IV,Article 40,4,"The Committee shall study the reports submitted by the parties to the present Covenant. It shall transmit its reports, and such general comments as it may consider appropriate, to the parties. The Committee may also transmit to the Economic and Social Council these comments along with the copies of the reports it has received from parties to the present Covenant."
International Covenant on Civil and Political Rights,,PART IV,Article 40,5,The parties to the present Covenant may submit to the Committee observations on any comments that may be made in accordance with paragraph 4 of this article.
International Covenant on Civil and Political Rights,,PART IV,Article 41,1,"A party to the present Covenant may at any time declare under this article that it recognizes the competence of the Committee to receive and consider communications to the effect that a party claims that another party is not fulfilling its obligations under the present Covenant. Communications under this article may be received and considered only if submitted by a party which has made a declaration recognizing in regard to itself the competence of the Committee. No communication shall be received by the Committee if it concerns a party which has not made such a declaration. Communications received under this article shall be dealt with in accordance with the following procedure:

(a) If a party to the present Covenant considers that another party is not giving effect to the provisions of the present Covenant, it may, by written communication, bring the matter to the attention of that party. Within three months after the receipt of the communication the receiving State shall afford the State which sent the communication an explanation, or any other statement in writing clarifying the matter which should include, to the extent possible and pertinent, reference to domestic procedures and remedies taken, pending, or available in the matter;

(b) If the matter is not adjusted to the satisfaction of both parties concerned within six months after the receipt by the receiving State of the initial communication, either State shall have the right to refer the matter to the Committee, by notice given to the Committee and to the other State;

(c) The Committee shall deal with a matter referred to it only after it has ascertained that all available domestic remedies have been invoked and exhausted in the matter, in conformity with the generally recognized principles of international law. This shall not be the rule where the application of the remedies is unreasonably prolonged;

(d) The Committee shall hold closed meetings when examining communications under this article;

(e) Subject to the provisions of subparagraph (c), the Committee shall make available its good offices to the parties concerned with a view to a friendly solution of the matter on the basis of respect for human rights and fundamental freedoms as recognized in the present Covenant;

(f) In any matter referred to it, the Committee may call upon the parties concerned, referred to in subparagraph (b), to supply any relevant information;

(g) The parties concerned, referred to in subparagraph (b), shall have the right to be represented when the matter is being considered in the Committee and to make submissions orally and/or in writing;

(h) The Committee shall, within twelve months after the date of receipt of notice under subparagraph (b), submit a report:

(i) If a solution within the terms of subparagraph (e) is reached, the Committee shall confine its report to a brief statement of the facts and of the solution reached;

(ii) If a solution within the terms of subparagraph (e) is not reached, the Committee shall confine its report to a brief statement of the facts; the written submissions and record of the oral submissions made by the parties concerned shall be attached to the report. In every matter, the report shall be communicated to the parties concerned."
International Covenant on Civil and Political Rights,,PART IV,Article 41,2,"The provisions of this article shall come into force when ten parties to the present Covenant have made declarations under paragraph I of this article. Such declarations shall be deposited by the parties with the Secretary-General of the United Nations, who shall transmit copies thereof to the other parties. A declaration may be withdrawn at any time by notification to the Secretary-General. Such a withdrawal shall not prejudice the consideration of any matter which is the subject of a communication already transmitted under this article; no further communication by any party shall be received after the notification of withdrawal of the declaration has been received by the Secretary-General, unless the party concerned has made a new declaration."
International Covenant on Civil and Political Rights,,PART IV,Article 42,1,"(a) If a matter referred to the Committee in accordance with article 41 is not resolved to the satisfaction of the parties concerned, the Committee may, with the prior consent of the parties concerned, appoint an ad hoc Conciliation Commission (hereinafter referred to as the Commission). The good offices of the Commission shall be made available to the parties concerned with a view to an amicable solution of the matter on the basis of respect for the present Covenant;

(b) The Commission shall consist of five persons acceptable to the parties concerned. If the parties concerned fail to reach agreement within three months on all or part of the composition of the Commission, the members of the Commission concerning whom no agreement has been reached shall be elected by secret ballot by a two-thirds majority vote of the Committee from among its members."
International Covenant on Civil and Political Rights,,PART IV,Article 42,2," The members of the Commission shall serve in their personal capacity. They shall not be nationals of the parties concerned, or of a State not Party to the present Covenant, or of a party which has not made a declaration under article 41."
International Covenant on Civil and Political Rights,,PART IV,Article 42,3,The Commission shall elect its own Chairman and adopt its own rules of procedure.
International Covenant on Civil and Political Rights,,PART IV,Article 42,4,"The meetings of the Commission shall normally be held at the Headquarters of the United Nations or at the United Nations Office at Geneva. However, they may be held at such other convenient places as the Commission may determine in consultation with the Secretary-General of the United Nations and the parties concerned."
International Covenant on Civil and Political Rights,,PART IV,Article 42,5,The secretariat provided in accordance with article 36 shall also service the commissions appointed under this article.
International Covenant on Civil and Political Rights,,PART IV,Article 42,6,The information received and collated by the Committee shall be made available to the Commission and the Commission may call upon the parties concerned to supply any other relevant information.
International Covenant on Civil and Political Rights,,PART IV,Article 42,7,"When the Commission has fully considered the matter, but in any event not later than twelve months after having been seized of the matter, it shall submit to the Chairman of the Committee a report for communication to the parties concerned:

(a) If the Commission is unable to complete its consideration of the matter within twelve months, it shall confine its report to a brief statement of the status of its consideration of the matter;

(b) If an amicable solution to the matter on tie basis of respect for human rights as recognized in the present Covenant is reached, the Commission shall confine its report to a brief statement of the facts and of the solution reached;

(c) If a solution within the terms of subparagraph (b) is not reached, the Commission's report shall embody its findings on all questions of fact relevant to the issues between the parties concerned, and its views on the possibilities of an amicable solution of the matter. This report shall also contain the written submissions and a record of the oral submissions made by the parties concerned;

(d) If the Commission's report is submitted under subparagraph (c), the parties concerned shall, within three months of the receipt of the report, notify the Chairman of the Committee whether or not they accept the contents of the report of the Commission."
International Covenant on Civil and Political Rights,,PART IV,Article 42,8,The provisions of this article are without prejudice tThe provisions of this article are without prejudice to the responsibilities of the Committee under article 41.
International Covenant on Civil and Political Rights,,PART IV,Article 42,9,The parties concerned shall share equally all the expenses of the members of the Commission in accordance with estimates to be provided by the Secretary-General of the United Nations.
International Covenant on Civil and Political Rights,,PART IV,Article 42,10,"The Secretary-General of the United Nations shall be empowered to pay the expenses of the members of the Commission, if necessary, before reimbursement by the parties concerned, in accordance with paragraph 9 of this article."
International Covenant on Civil and Political Rights,,PART IV,Article 43,,"The members of the Committee, and of the ad hoc conciliation commissions which may be appointed under article 42, shall be entitled to the facilities, privileges and immunities of experts on mission for the United Nations as laid down in the relevant sections of the Convention on the Privileges and Immunities of the United Nations."
International Covenant on Civil and Political Rights,,PART IV,Article 44,,The provisions for the implementation of the present Covenant shall apply without prejudice to the procedures prescribed in the field of human rights by or under the constituent instruments and the conventions of the United Nations and of the specialized agencies and shall not prevent the parties to the present Covenant from having recourse to other procedures for settling a dispute in accordance with general or special international agreements in force between them.
International Covenant on Civil and Political Rights,,PART IV,Article 45,,"The Committee shall submit to the General Assembly of the United Nations, through the Economic and Social Council, an annual report on its activities."
International Covenant on Civil and Political Rights,,PART V,Article 46,,Nothing in the present Covenant shall be interpreted as impairing the provisions of the Charter of the United Nations and of the constitutions of the specialized agencies which define the respective responsibilities of the various organs of the United Nations and of the specialized agencies in regard to the matters dealt with in the present Covenant.
International Covenant on Civil and Political Rights,,PART V,Article 47,,Nothing in the present Covenant shall be interpreted as impairing the inherent right of all peoples to enjoy and utilize fully and freely their natural wealth and resources.
International Covenant on Civil and Political Rights,,PART VI,Article 48,1,"The present Covenant is open for signature by any State Member of the United Nations or member of any of its specialized agencies, by any party to the Statute of the International Court of Justice, and by any other State which has been invited by the General Assembly of the United Nations to become a Party to the present Covenant."
International Covenant on Civil and Political Rights,,PART VI,Article 48,2,The present Covenant is subject to ratification. Instruments of ratification shall be deposited with the Secretary-General of the United Nations.
International Covenant on Civil and Political Rights,,PART VI,Article 48,3, The present Covenant shall be open to accession by any State referred to in paragraph 1 of this article.
International Covenant on Civil and Political Rights,,PART VI,Article 48,4,Accession shall be effected by the deposit of an instrument of accession with the Secretary-General of the United Nations.
International Covenant on Civil and Political Rights,,PART VI,Article 48,5,The Secretary-General of the United Nations shall inform all States which have signed this Covenant or acceded to it of the deposit of each instrument of ratification or accession.
International Covenant on Civil and Political Rights,,PART VI,Article 49,1,The present Covenant shall enter into force three months after the date of the deposit with the Secretary-General of the United Nations of the thirty-fifth instrument of ratification or instrument of accession.
International Covenant on Civil and Political Rights,,PART VI,Article 49,2,"For each State ratifying the present Covenant or acceding to it after the deposit of the thirty-fifth instrument of ratification or instrument of accession, the present Covenant shall enter into force three months after the date of the deposit of its own instrument of ratification or instrument of accession."
International Covenant on Civil and Political Rights,,PART VI,Article 50,,The provisions of the present Covenant shall extend to all parts of federal States without any limitations or exceptions.
International Covenant on Civil and Political Rights,,PART VI,Article 51,1,"Any party to the present Covenant may propose an amendment and file it with the Secretary-General of the United Nations. The Secretary-General of the United Nations shall thereupon communicate any proposed amendments to the parties to the present Covenant with a request that they notify him whether they favour a conference of parties for the purpose of considering and voting upon the proposals. In the event that at least one third of the parties favours such a conference, the Secretary-General shall convene the conference under the auspices of the United Nations. Any amendment adopted by a majority of the parties present and voting at the conference shall be submitted to the General Assembly of the United Nations for approval."
International Covenant on Civil and Political Rights,,PART VI,Article 51,2,"Amendments shall come into force when they have been approved by the General Assembly of the United Nations and accepted by a two-thirds majority of the parties to the present Covenant in accordance with their respective constitutional processes. 3. When amendments come into force, they shall be binding on those parties which have accepted them, other parties still being bound by the provisions of the present Covenant and any earlier amendment which they have accepted."
International Covenant on Civil and Political Rights,,PART VI,Article 52,,"Irrespective of the notifications made under article 48, paragraph 5, the Secretary-General of the United Nations shall inform all States referred to in paragraph I of the same article of the following particulars:

(a) Signatures, ratifications and accessions under article 48;

(b) The date of the entry into force of the present Covenant under article 49 and the date of the entry into force of any amendments under article 51."
International Covenant on Civil and Political Rights,,PART VI,Article 53,1,"The present Covenant, of which the Chinese, English, French, Russian and Spanish texts are equally authentic, shall be deposited in the archives of the United Nations."
International Covenant on Civil and Political Rights,,PART VI,Article 53,2,The Secretary-General of the United Nations shall transmit certified copies of the present Covenant to all States referred to in article 48.
"Slavery Convention",,25 September 1926,,https://www.ohchr.org/en/instruments-mechanisms/instruments/slavery-convention,
"Slavery Convention",,,Preamble,,"The Convention was amended by the Protocol done at the Headquarters of the United Nations, New York, on 7 December 1953; the amended Convention entered into force on 7 July 1955, the date on which the amendments, set forth in the annex to the Protocol of 7 December 1953, entered into force in accordance with article III of the Protocol.

Whereas the signatories of the General Act of the Brussels Conference of 1889-90 declared that they were equally animated by the firm intention of putting an end to the traffic in African slaves,

Whereas the signatories of the Convention of Saint-Germain-en-Laye of 1919, to revise the General Act of Berlin of 1885 and the General Act and Declaration of Brussels of 1890, affirmed their intention of securing the complete suppression of slavery in all its forms and of the slave trade by land and sea,

Taking into consideration the report of the Temporary Slavery Commission appointed by the Council of the League of Nations on June 12th, 1924,

Desiring to complete and extend the work accomplished under the Brussels Act and to find a means of giving practical effect throughout the world to such intentions as were expressed in regard to slave trade and slavery by the signatories of the Convention of Saint-Germain-en-Laye, and recognising that it is necessary to conclude to that end more detailed arrangements than are contained in that Convention,

Considering , moreover, that it is necessary to prevent forced labour from developing into conditions analogous to slavery,

Have decided to conclude a Convention and have accordingly appointed as their Plenipotentiaries [ names omitted ]

... have agreed as follows:"
"Slavery Convention",,,Article 1,,"For the purpose of the present Convention, the following definitions are agreed upon:

(1) Slavery is the status or condition of a person over whom any or all of the powers attaching to the right of ownership are exercised.

(2) The slave trade includes all acts involved in the capture, acquisition or disposal of a person with intent to reduce him to slavery; all acts involved in the acquisition of a slave with a view to selling or exchanging him; all acts of disposal by sale or exchange of a slave acquired with a view to being sold or exchanged, and, in general, every act of trade or transport in slaves."
"Slavery Convention",,,Article 2,,"The High Contracting Parties undertake, each in respect of the territories placed under its sovereignty, jurisdiction, protection, suzerainty or tutelage, so far as they have not already taken the necessary steps:

( a ) To prevent and suppress the slave trade;

( b ) To bring about, progressively and as soon as possible, the complete abolition of slavery in all its forms."
"Slavery Convention",,,Article 3,,"The High Contracting Parties undertake to adopt all appropriate measures with a view to preventing and suppressing the embarkation, disembarkation and transport of slaves in their territorial waters and upon all vessels flying their respective flags.

The High Contracting Parties undertake to negotiate as soon as possible a general Convention with regard to the slave trade which will give them rights and impose upon them duties of the same nature as those provided for in the Convention of June 17th, 1925, relative to the International Trade in Arms (Articles 12, 20, 21, 22, 23, 24 and paragraphs 3, 4 and 5 of Section II of Annex II), with the necessary adaptations, it being understood that this general Convention will not place the ships (even of small tonnage) of any High Contracting Parties in a position different from that of the other High Contracting Parties.

It is also understood that, before or after the coming into force of this general Convention, the High Contracting Parties are entirely free to conclude between themselves, without, however, derogating from the principles laid down in the preceding paragraph, such special agreements as, by reason of their peculiar situation, might appear to be suitable in order to bring about as soon as possible the complete disappearance of the slave trade."
"Slavery Convention",,,Article 4,,The High Contracting Parties shall give to one another every assistance with the object of securing the abolition of slavery and the slave trade.
"Slavery Convention",,,Article 5,,"The High Contracting Parties recognise that recourse to compulsory or forced labour may have grave consequences and undertake, each in respect of the territories placed under its sovereignty, jurisdiction, protection, suzerainty or tutelage, to take all necessary measures to prevent compulsory or forced labour from developing into conditions analogous to slavery.

It is agreed that:

(1) Subject to the transitional provisions laid down in paragraph (2) below, compulsory or forced labour may only be exacted for public purposes.

(2) In territories in which compulsory or forced labour for other than public purposes still survives, the High Contracting Parties shall endeavour progressively and as soon as possible to put an end to the practice. So long as such forced or compulsory labour exists, this labour shall invariably be of an exceptional character, shall always receive adequate remuneration, and shall not involve the removal of the labourers from their usual place of residence.

(3) In all cases, the responsibility for any recourse to compulsory or forced labour shall rest with the competent central authorities of the territory concerned."
"Slavery Convention",,,Article 6,,Those of the High Contracting Parties whose laws do not at present make adquate provision for the punishment of infractions of laws and regulations enacted with a view to giving effect to the purposes of the present Convention undertake to adopt the necessary measures in order that severe penalties may be imposed in respect of such infractions.
"Slavery Convention",,,Article 7,,The High Contracting Parties undertake to communicate to each other and to the Secretary-General of the League of Nations any laws and regulations which they may enact with a view to the application of the provisions of the present Convention.
"Slavery Convention",,,Article 8,,"The High Contracting Parties agree that disputes arising between them relating to the interpretation or application of this Convention shall, if they cannot be settled by direct negotiation, be referred for decision to the Permanent Court of International Justice. In case either or both of the parties to such a dispute should not be Parties to the Protocol of December 16th, 1920, relating to the Permanent Court of International Justice, the dispute shall be referred, at the choice of the Parties and in accordance with the constitutional procedure of each State, either to the Permanent Court of International Justice or to a court of arbitration constituted in accordance with the Convention of October 18th, 1907, for the Pacific Settlement of International Disputes, or to some other court of arbitration."
"Slavery Convention",,,Article 9,,"At the time of signature or of ratification or of accession, any High Contracting Party may declare that its acceptance of the present Convention does not bind some or all of the territories placed under its sovereignty, jurisdiction, protection, suzerainty or tutelage in respect of all or any provisions of the Convention; it may subsequently accede separately on behalf of any one of them or in respect of any provision to which any one of them is not a Party."
"Slavery Convention",,,Article 10,,"In the event of a High Contracting Party wishing to denounce the present Convention, the denunciation shall be notified in writing to the Secretary-General of the League of Nations, who will at once communicate a certified true copy of the notification to all the other High Contracting Parties, informing them of the date on which it was received.

The denunciation shall only have effect in regard to the notifying State, and one year after the notification has reached the Secretary-General of the League of Nations.

Denunciation may also be made separately in respect of any territory placed under its sovereignty, jurisdiction, protection, suzerainty or tutelage."
"Slavery Convention",,,Article 11,,"The present Convention, which will bear this day's date and of which the French and English texts are both authentic, will remain open for signature by the States Members of the League of Nations until April 1st, 1927.

The Secretary-General of the League of Nations will subsequently bring the present Convention to the notice of States which have not signed it, including States which are not Members of the League of Nations, and invite them to accede thereto.

A State desiring to accede to the Convention shall notify its intention in writing to the Secretary-General of the League of Nations and transmit to him the instrument of accession, which shall be deposited in the archives of the League.

The Secretary-General shall immediately transmit to all the other High Contracting Parties a certified true copy of the notification and of the instrument of accession, informing them of the date on which he received them."
"Slavery Convention",,,Article 12,,"The present Convention will be ratified and the instruments of ratification shall be deposited in the office of the Secretary-General of the League of Nations. The Secretary-General will inform all the High Contracting Parties of such deposit.

The Convention will come into operation for each State on the date of the deposit of its ratification or of its accession.

In faith whereof the Plenipotentiaries signed the present Convention.

Done at Geneva the twenty-fifth day of September, one thousand nine hundred and twenty-six, in one copy, which will be deposited in the archives of the League of Nations. A certified copy shall be forwarded to each signatory State."
"International Covenant on Economic, Social and Cultural Rights",,16 December 1966,URI,,https://www.ohchr.org/en/instruments-mechanisms/instruments/international-covenant-economic-social-and-cultural-rights
"International Covenant on Economic, Social and Cultural Rights",,,Preamble,,"The parties to the present Covenant,

Considering that, in accordance with the principles proclaimed in the Charter of the United Nations, recognition of the inherent dignity and of the equal and inalienable rights of all members of the human family is the foundation of freedom, justice and peace in the world,

Recognizing that these rights derive from the inherent dignity of the human person,

Recognizing that, in accordance with the Universal Declaration of Human Rights, the ideal of free human beings enjoying freedom from fear and want can only be achieved if conditions are created whereby everyone may enjoy his economic, social and cultural rights, as well as his civil and political rights,

Considering the obligation of States under the Charter of the United Nations to promote universal respect for, and observance of, human rights and freedoms,

Realizing that the individual, having duties to other individuals and to the community to which he belongs, is under a responsibility to strive for the promotion and observance of the rights recognized in the present Covenant,

Agree upon the following articles:"
"International Covenant on Economic, Social and Cultural Rights",,PART I,Article 1,1,"All peoples have the right of self-determination. By virtue of that right they freely determine their political status and freely pursue their economic, social and cultural development."
"International Covenant on Economic, Social and Cultural Rights",,PART I,,2,"All peoples may, for their own ends, freely dispose of their natural wealth and resources without prejudice to any obligations arising out of international economic co-operation, based upon the principle of mutual benefit, and international law. In no case may a people be deprived of its own means of subsistence."
"International Covenant on Economic, Social and Cultural Rights",,PART I,,3,"The parties to the present Covenant, including those having responsibility for the administration of Non-Self-Governing and Trust Territories, shall promote the realization of the right of self-determination, and shall respect that right, in conformity with the provisions of the Charter of the United Nations."
"International Covenant on Economic, Social and Cultural Rights",,PART II,Article 2,1,"Each party to the present Covenant undertakes to take steps, individually and through international assistance and co-operation, especially economic and technical, to the maximum of its available resources, with a view to achieving progressively the full realization of the rights recognized in the present Covenant by all appropriate means, including particularly the adoption of legislative measures."
"International Covenant on Economic, Social and Cultural Rights",,PART II,,2,"The parties to the present Covenant undertake to guarantee that the rights enunciated in the present Covenant will be exercised without discrimination of any kind as to race, colour, sex, language, religion, political or other opinion, national or social origin, property, birth or other status."
"International Covenant on Economic, Social and Cultural Rights",,PART II,,3,"Developing countries, with due regard to human rights and their national economy, may determine to what extent they would guarantee the economic rights recognized in the present Covenant to non-nationals."
"International Covenant on Economic, Social and Cultural Rights",,PART II,Article 3,,"The parties to the present Covenant undertake to ensure the equal right of men and women to the enjoyment of all economic, social and cultural rights set forth in the present Covenant."
"International Covenant on Economic, Social and Cultural Rights",,PART II,Article 4,,"The parties to the present Covenant recognize that, in the enjoyment of those rights provided by the State in conformity with the present Covenant, the State may subject such rights only to such limitations as are determined by law only in so far as this may be compatible with the nature of these rights and solely for the purpose of promoting the general welfare in a democratic society."
"International Covenant on Economic, Social and Cultural Rights",,PART II,Article 5,1,"Nothing in the present Covenant may be interpreted as implying for any State, group or person any right to engage in any activity or to perform any act aimed at the destruction of any of the rights or freedoms recognized herein, or at their limitation to a greater extent than is provided for in the present Covenant."
"International Covenant on Economic, Social and Cultural Rights",,PART II,Article 5,2,"No restriction upon or derogation from any of the fundamental human rights recognized or existing in any country in virtue of law, conventions, regulations or custom shall be admitted on the pretext that the present Covenant does not recognize such rights or that it recognizes them to a lesser extent."
"International Covenant on Economic, Social and Cultural Rights",,PART III,Article 6,1,"The parties to the present Covenant recognize the right to work, which includes the right of everyone to the opportunity to gain his living by work which he freely chooses or accepts, and will take appropriate steps to safeguard this right."
"International Covenant on Economic, Social and Cultural Rights",,PART III,Article 6,2,"The steps to be taken by a party to the present Covenant to achieve the full realization of this right shall include technical and vocational guidance and training programmes, policies and techniques to achieve steady economic, social and cultural development and full and productive employment under conditions safeguarding fundamental political and economic freedoms to the individual."
"International Covenant on Economic, Social and Cultural Rights",,PART III,Article 7,,"The parties to the present Covenant recognize the right of everyone to the enjoyment of just and favourable conditions of work which ensure, in particular:

(a) Remuneration which provides all workers, as a minimum, with:

(i) Fair wages and equal remuneration for work of equal value without distinction of any kind, in particular women being guaranteed conditions of work not inferior to those enjoyed by men, with equal pay for equal work;

(ii) A decent living for themselves and their families in accordance with the provisions of the present Covenant;

(b) Safe and healthy working conditions;
(c) Equal opportunity for everyone to be promoted in his employment to an appropriate higher level, subject to no considerations other than those of seniority and competence;

(d ) Rest, leisure and reasonable limitation of working hours and periodic holidays with pay, as well as remuneration for public holidays"
"International Covenant on Economic, Social and Cultural Rights",,PART III,Article 8,1,"The parties to the present Covenant undertake to ensure:

(a) The right of everyone to form trade unions and join the trade union of his choice, subject only to the rules of the organization concerned, for the promotion and protection of his economic and social interests. No restrictions may be placed on the exercise of this right other than those prescribed by law and which are necessary in a democratic society in the interests of national security or public order or for the protection of the rights and freedoms of others;

(b) The right of trade unions to establish national federations or confederations and the right of the latter to form or join international trade-union organizations;

(c) The right of trade unions to function freely subject to no limitations other than those prescribed by law and which are necessary in a democratic society in the interests of national security or public order or for the protection of the rights and freedoms of others;

(d) The right to strike, provided that it is exercised in conformity with the laws of the particular country."
"International Covenant on Economic, Social and Cultural Rights",,PART III,,2,This article shall not prevent the imposition of lawful restrictions on the exercise of these rights by members of the armed forces or of the police or of the administration of the State.
"International Covenant on Economic, Social and Cultural Rights",,PART III,,3,"Nothing in this article shall authorize parties to the International Labour Organisation Convention of 1948 concerning Freedom of Association and Protection of the Right to Organize to take legislative measures which would prejudice, or apply the law in such a manner as would prejudice, the guarantees provided for in that Convention."
"International Covenant on Economic, Social and Cultural Rights",,PART III,Article 9,,"The parties to the present Covenant recognize the right of everyone to social security, including social insurance."
"International Covenant on Economic, Social and Cultural Rights",,PART III,Article 10,,The parties to the present Covenant recognize that:
"International Covenant on Economic, Social and Cultural Rights",,PART III,Article 10,1,"The widest possible protection and assistance should be accorded to the family, which is the natural and fundamental group unit of society, particularly for its establishment and while it is responsible for the care and education of dependent children. Marriage must be entered into with the free consent of the intending spouses."
"International Covenant on Economic, Social and Cultural Rights",,PART III,Article 10,2,Special protection should be accorded to mothers during a reasonable period before and after childbirth. During such period working mothers should be accorded paid leave or leave with adequate social security benefits.
"International Covenant on Economic, Social and Cultural Rights",,PART III,Article 10,3,Special measures of protection and assistance should be taken on behalf of all children and young persons without any discrimination for reasons of parentage or other conditions. Children and young persons should be protected from economic and social exploitation. Their employment in work harmful to their morals or health or dangerous to life or likely to hamper their normal development should be punishable by law. States should also set age limits below which the paid employment of child labour should be prohibited and punishable by law.
"International Covenant on Economic, Social and Cultural Rights",,PART III,Article 11,1,"The parties to the present Covenant recognize the right of everyone to an adequate standard of living for himself and his family, including adequate food, clothing and housing, and to the continuous improvement of living conditions. The parties will take appropriate steps to ensure the realization of this right, recognizing to this effect the essential importance of international co-operation based on free consent."
"International Covenant on Economic, Social and Cultural Rights",,PART III,Article 11,2,"The parties to the present Covenant, recognizing the fundamental right of everyone to be free from hunger, shall take, individually and through international co-operation, the measures, including specific programmes, which are needed:

(a) To improve methods of production, conservation and distribution of food by making full use of technical and scientific knowledge, by disseminating knowledge of the principles of nutrition and by developing or reforming agrarian systems in such a way as to achieve the most efficient development and utilization of natural resources;

(b) Taking into account the problems of both food-importing and food-exporting countries, to ensure an equitable distribution of world food supplies in relation to need."
"International Covenant on Economic, Social and Cultural Rights",,PART III,Article 12,1, The parties to the present Covenant recognize the right of everyone to the enjoyment of the highest attainable standard of physical and mental health.
"International Covenant on Economic, Social and Cultural Rights",,PART III,Article 12,2,"The steps to be taken by the parties to the present Covenant to achieve the full realization of this right shall include those necessary for:

(a) The provision for the reduction of the stillbirth-rate and of infant mortality and for the healthy development of the child;

(b) The improvement of all aspects of environmental and industrial hygiene;

(c) The prevention, treatment and control of epidemic, endemic, occupational and other diseases;

(d) The creation of conditions which would assure to all medical service and medical attention in the event of sickness."
"International Covenant on Economic, Social and Cultural Rights",,PART III,Article 13,1,"The parties to the present Covenant recognize the right of everyone to education. They agree that education shall be directed to the full development of the human personality and the sense of its dignity, and shall strengthen the respect for human rights and fundamental freedoms. They further agree that education shall enable all persons to participate effectively in a free society, promote understanding, tolerance and friendship among all nations and all racial, ethnic or religious groups, and further the activities of the United Nations for the maintenance of peace."
"International Covenant on Economic, Social and Cultural Rights",,PART III,Article 13,2,"The parties to the present Covenant recognize that, with a view to achieving the full realization of this right:

(a) Primary education shall be compulsory and available free to all;

(b) Secondary education in its different forms, including technical and vocational secondary education, shall be made generally available and accessible to all by every appropriate means, and in particular by the progressive introduction of free education;

(c) Higher education shall be made equally accessible to all, on the basis of capacity, by every appropriate means, and in particular by the progressive introduction of free education;

(d) Fundamental education shall be encouraged or intensified as far as possible for those persons who have not received or completed the whole period of their primary education;

(e) The development of a system of schools at all levels shall be actively pursued, an adequate fellowship system shall be established, and the material conditions of teaching staff shall be continuously improved."
"International Covenant on Economic, Social and Cultural Rights",,PART III,Article 13,3,"The parties to the present Covenant undertake to have respect for the liberty of parents and, when applicable, legal guardians to choose for their children schools, other than those established by the public authorities, which conform to such minimum educational standards as may be laid down or approved by the State and to ensure the religious and moral education of their children in conformity with their own convictions."
"International Covenant on Economic, Social and Cultural Rights",,PART III,Article 13,4,"No part of this article shall be construed so as to interfere with the liberty of individuals and bodies to establish and direct educational institutions, subject always to the observance of the principles set forth in paragraph I of this article and to the requirement that the education given in such institutions shall conform to such minimum standards as may be laid down by the State."
"International Covenant on Economic, Social and Cultural Rights",,PART III,Article 14,,"Each party to the present Covenant which, at the time of becoming a Party, has not been able to secure in its metropolitan territory or other territories under its jurisdiction compulsory primary education, free of charge, undertakes, within two years, to work out and adopt a detailed plan of action for the progressive implementation, within a reasonable number of years, to be fixed in the plan, of the principle of compulsory education free of charge for all."
"International Covenant on Economic, Social and Cultural Rights",,PART III,Article 15,1,"The parties to the present Covenant recognize the right of everyone:

(a) To take part in cultural life;

(b) To enjoy the benefits of scientific progress and its applications;

(c) To benefit from the protection of the moral and material interests resulting from any scientific, literary or artistic production of which he is the author."
"International Covenant on Economic, Social and Cultural Rights",,PART III,Article 15,2,"The steps to be taken by the parties to the present Covenant to achieve the full realization of this right shall include those necessary for the conservation, the development and the diffusion of science and culture."
"International Covenant on Economic, Social and Cultural Rights",,PART III,Article 15,3,The parties to the present Covenant undertake to respect the freedom indispensable for scientific research and creative activity.
"International Covenant on Economic, Social and Cultural Rights",,PART III,Article 15,4,The parties to the present Covenant recognize the benefits to be derived from the encouragement and development of international contacts and co-operation in the scientific and cultural fields.
"International Covenant on Economic, Social and Cultural Rights",,PART IV,Article 16,1,The parties to the present Covenant undertake to submit in conformity with this part of the Covenant reports on the measures which they have adopted and the progress made in achieving the observance of the rights recognized herein.
"International Covenant on Economic, Social and Cultural Rights",,PART IV,Article 16,2,"(a) All reports shall be submitted to the Secretary-General of the United Nations, who shall transmit copies to the Economic and Social Council for consideration in accordance with the provisions of the present Covenant;

(b) The Secretary-General of the United Nations shall also transmit to the specialized agencies copies of the reports, or any relevant parts therefrom, from parties to the present Covenant which are also members of these specialized agencies in so far as these reports, or parts therefrom, relate to any matters which fall within the responsibilities of the said agencies in accordance with their constitutional instruments."
"International Covenant on Economic, Social and Cultural Rights",,PART IV,Article 17,1,"The parties to the present Covenant shall furnish their reports in stages, in accordance with a programme to be established by the Economic and Social Council within one year of the entry into force of the present Covenant after consultation with the parties and the specialized agencies concerned."
"International Covenant on Economic, Social and Cultural Rights",,PART IV,Article 17,2,Reports may indicate factors and difficulties affecting the degree of fulfilment of obligations under the present Covenant.
"International Covenant on Economic, Social and Cultural Rights",,PART IV,Article 17,3,"Where relevant information has previously been furnished to the United Nations or to any specialized agency by any party to the present Covenant, it will not be necessary to reproduce that information, but a precise reference to the information so furnished will suffice."
"International Covenant on Economic, Social and Cultural Rights",,PART IV,Article 18,,"Pursuant to its responsibilities under the Charter of the United Nations in the field of human rights and fundamental freedoms, the Economic and Social Council may make arrangements with the specialized agencies in respect of their reporting to it on the progress made in achieving the observance of the provisions of the present Covenant falling within the scope of their activities. These reports may include particulars of decisions and recommendations on such implementation adopted by their competent organs."
"International Covenant on Economic, Social and Cultural Rights",,PART IV,Article 19,,"The Economic and Social Council may transmit to the Commission on Human Rights for study and general recommendation or, as appropriate, for information the reports concerning human rights submitted by States in accordance with articles 16 and 17, and those concerning human rights submitted by the specialized agencies in accordance with article 18."
"International Covenant on Economic, Social and Cultural Rights",,PART IV,Article 20,,The parties to the present Covenant and the specialized agencies concerned may submit comments to the Economic and Social Council on any general recommendation under article 19 or reference to such general recommendation in any report of the Commission on Human Rights or any documentation referred to therein.
"International Covenant on Economic, Social and Cultural Rights",,PART IV,Article 21,,The Economic and Social Council may submit from time to time to the General Assembly reports with recommendations of a general nature and a summary of the information received from the parties to the present Covenant and the specialized agencies on the measures taken and the progress made in achieving general observance of the rights recognized in the present Covenant.
"International Covenant on Economic, Social and Cultural Rights",,PART IV,Article 22,,"The Economic and Social Council may bring to the attention of other organs of the United Nations, their subsidiary organs and specialized agencies concerned with furnishing technical assistance any matters arising out of the reports referred to in this part of the present Covenant which may assist such bodies in deciding, each within its field of competence, on the advisability of international measures likely to contribute to the effective progressive implementation of the present Covenant."
"International Covenant on Economic, Social and Cultural Rights",,PART IV,Article 23,,"The parties to the present Covenant agree that international action for the achievement of the rights recognized in the present Covenant includes such methods as the conclusion of conventions, the adoption of recommendations, the furnishing of technical assistance and the holding of regional meetings and technical meetings for the purpose of consultation and study organized in conjunction with the Governments concerned."
"International Covenant on Economic, Social and Cultural Rights",,PART IV,Article 24,,Nothing in the present Covenant shall be interpreted as impairing the provisions of the Charter of the United Nations and of the constitutions of the specialized agencies which define the respective responsibilities of the various organs of the United Nations and of the specialized agencies in regard to the matters dealt with in the present Covenant.
"International Covenant on Economic, Social and Cultural Rights",,PART IV,Article 25,,Nothing in the present Covenant shall be interpreted as impairing the inherent right of all peoples to enjoy and utilize fully and freely their natural wealth and resources.
"International Covenant on Economic, Social and Cultural Rights",,PART V,Article 26,1,"The present Covenant is open for signature by any State Member of the United Nations or member of any of its specialized agencies, by any party to the Statute of the International Court of Justice, and by any other State which has been invited by the General Assembly of the United Nations to become a party to the present Covenant."
"International Covenant on Economic, Social and Cultural Rights",,PART V,Article 26,2,The present Covenant is subject to ratification. Instruments of ratification shall be deposited with the Secretary-General of the United Nations.
"International Covenant on Economic, Social and Cultural Rights",,PART V,Article 26,3,The present Covenant shall be open to accession by any State referred to in paragraph 1 of this article.
"International Covenant on Economic, Social and Cultural Rights",,PART V,Article 26,4,Accession shall be effected by the deposit of an instrument of accession with the Secretary-General of the United Nations.
"International Covenant on Economic, Social and Cultural Rights",,PART V,Article 26,5,The Secretary-General of the United Nations shall inform all States which have signed the present Covenant or acceded to it of the deposit of each instrument of ratification or accession.
"International Covenant on Economic, Social and Cultural Rights",,PART V,Article 27,1,The present Covenant shall enter into force three months after the date of the deposit with the Secretary-General of the United Nations of the thirty-fifth instrument of ratification or instrument of accession.
"International Covenant on Economic, Social and Cultural Rights",,PART V,Article 27,2,"For each State ratifying the present Covenant or acceding to it after the deposit of the thirty-fifth instrument of ratification or instrument of accession, the present Covenant shall enter into force three months after the date of the deposit of its own instrument of ratification or instrument of accession."
"International Covenant on Economic, Social and Cultural Rights",,PART V,Article 28,,The provisions of the present Covenant shall extend to all parts of federal States without any limitations or exceptions.
"International Covenant on Economic, Social and Cultural Rights",,PART V,Article 29,1," Any party to the present Covenant may propose an amendment and file it with the Secretary-General of the United Nations. The Secretary-General shall thereupon communicate any proposed amendments to the parties to the present Covenant with a request that they notify him whether they favour a conference of parties for the purpose of considering and voting upon the proposals. In the event that at least one third of the parties favours such a conference, the Secretary-General shall convene the conference under the auspices of the United Nations. Any amendment adopted by a majority of the parties present and voting at the conference shall be submitted to the General Assembly of the United Nations for approval."
"International Covenant on Economic, Social and Cultural Rights",,PART V,Article 29,2,Amendments shall come into force when they have been approved by the General Assembly of the United Nations and accepted by a two-thirds majority of the parties to the present Covenant in accordance with their respective constitutional processes.
"International Covenant on Economic, Social and Cultural Rights",,PART V,Article 29,3,"When amendments come into force they shall be binding on those parties which have accepted them, other parties still being bound by the provisions of the present Covenant and any earlier amendment which they have accepted."
"International Covenant on Economic, Social and Cultural Rights",,PART V,Article 30,,"Irrespective of the notifications made under article 26, paragraph 5, the Secretary-General of the United Nations shall inform all States referred to in paragraph I of the same article of the following particulars:

(a) Signatures, ratifications and accessions under article 26;

(b) The date of the entry into force of the present Covenant under article 27 and the date of the entry into force of any amendments under article 29."
"International Covenant on Economic, Social and Cultural Rights",,PART V,Article 31,1,"The present Covenant, of which the Chinese, English, French, Russian and Spanish texts are equally authentic, shall be deposited in the archives of the United Nations."
"International Covenant on Economic, Social and Cultural Rights",,PART V,Article 31,2,The Secretary-General of the United Nations shall transmit certified copies of the present Covenant to all States referred to in article 26.
Convention on the Rights of Persons with Disabilities,,13 December 2006,URI,https://www.ohchr.org/en/instruments-mechanisms/instruments/convention-rights-persons-disabilities,
Convention on the Rights of Persons with Disabilities,,,Preamble,,"(a) Recalling the principles proclaimed in the Charter of the United Nations which recognize the inherent dignity and worth and the equal and inalienable rights of all members of the human family as the foundation of freedom, justice and peace in the world,

(b) Recognizing that the United Nations, in the Universal Declaration of Human Rights and in the International Covenants on Human Rights, has proclaimed and agreed that everyone is entitled to all the rights and freedoms set forth therein, without distinction of any kind,

(c) Reaffirming the universality, indivisibility, interdependence and interrelatedness of all human rights and fundamental freedoms and the need for persons with disabilities to be guaranteed their full enjoyment without discrimination,

(d) Recalling the International Covenant on Economic, Social and Cultural Rights, the International Covenant on Civil and Political Rights, the International Convention on the Elimination of All Forms of Racial Discrimination, the Convention on the Elimination of All Forms of Discrimination against Women, the Convention against Torture and Other Cruel, Inhuman or Degrading Treatment or Punishment, the Convention on the Rights of the Child, and the International Convention on the Protection of the Rights of All Migrant Workers and Members of Their Families,

(e) Recognizing that disability is an evolving concept and that disability results from the interaction between persons with impairments and attitudinal and environmental barriers that hinders their full and effective participation in society on an equal basis with others,

(f) Recognizing the importance of the principles and policy guidelines contained in the World Programme of Action concerning Disabled Persons and in the Standard Rules on the Equalization of Opportunities for Persons with Disabilities in influencing the promotion, formulation and evaluation of the policies, plans, programmes and actions at the national, regional and international levels to further equalize opportunities for persons with disabilities,

(g) Emphasizing the importance of mainstreaming disability issues as an integral part of relevant strategies of sustainable development,

(h) Recognizing also that discrimination against any person on the basis of disability is a violation of the inherent dignity and worth of the human person,

(i) Recognizing further the diversity of persons with disabilities,

(j) Recognizing the need to promote and protect the human rights of all persons with disabilities, including those who require more intensive support,

(k) Concerned that, despite these various instruments and undertakings, persons with disabilities continue to face barriers in their participation as equal members of society and violations of their human rights in all parts of the world,

(l) Recognizing the importance of international cooperation for improving the living conditions of persons with disabilities in every country, particularly in developing countries,

(m) Recognizing the valued existing and potential contributions made by persons with disabilities to the overall well-being and diversity of their communities, and that the promotion of the full enjoyment by persons with disabilities of their human rights and fundamental freedoms and of full participation by persons with disabilities will result in their enhanced sense of belonging and in significant advances in the human, social and economic development of society and the eradication of poverty,

(n) Recognizing the importance for persons with disabilities of their individual autonomy and independence, including the freedom to make their own choices,

(o) Considering that persons with disabilities should have the opportunity to be actively involved in decision-making processes about policies and programmes, including those directly concerning them,

(p) Concerned about the difficult conditions faced by persons with disabilities who are subject to multiple or aggravated forms of discrimination on the basis of race, colour, sex, language, religion, political or other opinion, national, ethnic, indigenous or social origin, property, birth, age or other status,

(q) Recognizing that women and girls with disabilities are often at greater risk, both within and outside the home, of violence, injury or abuse, neglect or negligent treatment, maltreatment or exploitation,

(r) Recognizing that children with disabilities should have full enjoyment of all human rights and fundamental freedoms on an equal basis with other children, and recalling obligations to that end undertaken by parties to the Convention on the Rights of the Child,

(s) Emphasizing the need to incorporate a gender perspective in all efforts to promote the full enjoyment of human rights and fundamental freedoms by persons with disabilities,

(t) Highlighting the fact that the majority of persons with disabilities live in conditions of poverty, and in this regard recognizing the critical need to address the negative impact of poverty on persons with disabilities,

(u) Bearing in mind that conditions of peace and security based on full respect for the purposes and principles contained in the Charter of the United Nations and observance of applicable human rights instruments are indispensable for the full protection of persons with disabilities, in particular during armed conflicts and foreign occupation,

(v) Recognizing the importance of accessibility to the physical, social, economic and cultural environment, to health and education and to information and communication, in enabling persons with disabilities to fully enjoy all human rights and fundamental freedoms,

(w) Realizing that the individual, having duties to other individuals and to the community to which he or she belongs, is under a responsibility to strive for the promotion and observance of the rights recognized in the International Bill of Human Rights,

(x) Convinced that the family is the natural and fundamental group unit of society and is entitled to protection by society and the State, and that persons with disabilities and their family members should receive the necessary protection and assistance to enable families to contribute towards the full and equal enjoyment of the rights of persons with disabilities,

(y) Convinced that a comprehensive and integral international convention to promote and protect the rights and dignity of persons with disabilities will make a significant contribution to redressing the profound social disadvantage of persons with disabilities and promote their participation in the civil, political, economic, social and cultural spheres with equal opportunities, in both developing and developed countries,

Have agreed as follows :"
Convention on the Rights of Persons with Disabilities,,,Article 1,Purpose,"The purpose of the present Convention is to promote, protect and ensure the full and equal enjoyment of all human rights and fundamental freedoms by all persons with disabilities, and to promote respect for their inherent dignity.

Persons with disabilities include those who have long-term physical, mental, intellectual or sensory impairments which in interaction with various barriers may hinder their full and effective participation in society on an equal basis with others."
Convention on the Rights of Persons with Disabilities,,,Article 2,Definitions,"For the purposes of the present Convention:

""Communication"" includes languages, display of text, Braille, tactile communication, large print, accessible multimedia as well as written, audio, plain-language, human-reader and augmentative and alternative modes, means and formats of communication, including accessible information and communication technology;

""Language"" includes spoken and signed languages and other forms of non-spoken languages;

""Discrimination on the basis of disability"" means any distinction, exclusion or restriction on the basis of disability which has the purpose or effect of impairing or nullifying the recognition, enjoyment or exercise, on an equal basis with others, of all human rights and fundamental freedoms in the political, economic, social, cultural, civil or any other field. It includes all forms of discrimination, including denial of reasonable accommodation;

""Reasonable accommodation"" means necessary and appropriate modification and adjustments not imposing a disproportionate or undue burden, where needed in a particular case, to ensure to persons with disabilities the enjoyment or exercise on an equal basis with others of all human rights and fundamental freedoms;

""Universal design"" means the design of products, environments, programmes and services to be usable by all people, to the greatest extent possible, without the need for adaptation or specialized design. ""Universal design"" shall not exclude assistive devices for particular groups of persons with disabilities where this is needed."
Convention on the Rights of Persons with Disabilities,,Article 3,General principles,,
Convention on the Rights of Persons with Disabilities,,Article 4,General obligations,,"The principles of the present Convention shall be:

Respect for inherent dignity, individual autonomy including the freedom to make one's own choices, and independence of persons;
Non-discrimination;
Full and effective participation and inclusion in society;
Respect for difference and acceptance of persons with disabilities as part of human diversity and humanity;
Equality of opportunity;
Accessibility;
Equality between men and women;
Respect for the evolving capacities of children with disabilities and respect for the right of children with disabilities to preserve their identities."
Convention on the Rights of Persons with Disabilities,,Article 4,General obligations,1,"parties undertake to ensure and promote the full realization of all human rights and fundamental freedoms for all persons with disabilities without discrimination of any kind on the basis of disability. To this end, parties undertake:
a. To adopt all appropriate legislative, administrative and other measures for the implementation of the rights recognized in the present Convention;
b. To take all appropriate measures, including legislation, to modify or abolish existing laws, regulations, customs and practices that constitute discrimination against persons with disabilities;
c. To take into account the protection and promotion of the human rights of persons with disabilities in all policies and programmes;
d. To refrain from engaging in any act or practice that is inconsistent with the present Convention and to ensure that public authorities and institutions act in conformity with the present Convention;
e. To take all appropriate measures to eliminate discrimination on the basis of disability by any person, organization or private enterprise;
f. To undertake or promote research and development of universally designed goods, services, equipment and facilities, as defined in article 2 of the present Convention, which should require the minimum possible adaptation and the least cost to meet the specific needs of a person with disabilities, to promote their availability and use, and to promote universal design in the development of standards and guidelines;
g. To undertake or promote research and development of, and to promote the availability and use of new technologies, including information and communications technologies, mobility aids, devices and assistive technologies, suitable for persons with disabilities, giving priority to technologies at an affordable cost;
h. To provide accessible information to persons with disabilities about mobility aids, devices and assistive technologies, including new technologies, as well as other forms of assistance, support services and facilities;
i. To promote the training of professionals and staff working with persons with disabilities in the rights recognized in this Convention so as to better provide the assistance and services guaranteed by those rights."
Convention on the Rights of Persons with Disabilities,,Article 4,General obligations,2,"With regard to economic, social and cultural rights, each party undertakes to take measures to the maximum of its available resources and, where needed, within the framework of international cooperation, with a view to achieving progressively the full realization of these rights, without prejudice to those obligations contained in the present Convention that are immediately applicable according to international law."
Convention on the Rights of Persons with Disabilities,,Article 4,General obligations,3,"In the development and implementation of legislation and policies to implement the present Convention, and in other decision-making processes concerning issues relating to persons with disabilities, parties shall closely consult with and actively involve persons with disabilities, including children with disabilities, through their representative organizations."
Convention on the Rights of Persons with Disabilities,,Article 4,General obligations,4,"Nothing in the present Convention shall affect any provisions which are more conducive to the realization of the rights of persons with disabilities and which may be contained in the law of a party or international law in force for that State. There shall be no restriction upon or derogation from any of the human rights and fundamental freedoms recognized or existing in any party to the present Convention pursuant to law, conventions, regulation or custom on the pretext that the present Convention does not recognize such rights or freedoms or that it recognizes them to a lesser extent."
Convention on the Rights of Persons with Disabilities,,Article 4,General obligations,5,The provisions of the present Convention shall extend to all parts of federal states without any limitations or exceptions.
Convention on the Rights of Persons with Disabilities,,Article 5,Equality and non-discrimination,1,parties recognize that all persons are equal before and under the law and are entitled without any discrimination to the equal protection and equal benefit of the law.
Convention on the Rights of Persons with Disabilities,,Article 5,Equality and non-discrimination,2,parties shall prohibit all discrimination on the basis of disability and guarantee to persons with disabilities equal and effective legal protection against discrimination on all grounds.
Convention on the Rights of Persons with Disabilities,,Article 5,Equality and non-discrimination,3,"In order to promote equality and eliminate discrimination, parties shall take all appropriate steps to ensure that reasonable accommodation is provided."
Convention on the Rights of Persons with Disabilities,,Article 5,Equality and non-discrimination,4,Specific measures which are necessary to accelerate or achieve de facto equality of persons with disabilities shall not be considered discrimination under the terms of the present Convention.
Convention on the Rights of Persons with Disabilities,,Article 6,Women with disabilities,1,"parties recognize that women and girls with disabilities are subject to multiple discrimination, and in this regard shall take measures to ensure the full and equal enjoyment by them of all human rights and fundamental freedoms."
Convention on the Rights of Persons with Disabilities,,Article 6,Women with disabilities,2,"parties shall take all appropriate measures to ensure the full development, advancement and empowerment of women, for the purpose of guaranteeing them the exercise and enjoyment of the human rights and fundamental freedoms set out in the present Convention."
Convention on the Rights of Persons with Disabilities,,Article 7,Children with disabilities,1,parties shall take all necessary measures to ensure the full enjoyment by children with disabilities of all human rights and fundamental freedoms on an equal basis with other children.
Convention on the Rights of Persons with Disabilities,,Article 7,Children with disabilities,2,"In all actions concerning children with disabilities, the best interests of the child shall be a primary consideration."
Convention on the Rights of Persons with Disabilities,,Article 7,Children with disabilities,3,"parties shall ensure that children with disabilities have the right to express their views freely on all matters affecting them, their views being given due weight in accordance with their age and maturity, on an equal basis with other children, and to be provided with disability and age-appropriate assistance to realize that right."
Convention on the Rights of Persons with Disabilities,,Article 8,Awareness-raising,1,"parties undertake to adopt immediate, effective and appropriate measures:
a. To raise awareness throughout society, including at the family level, regarding persons with disabilities, and to foster respect for the rights and dignity of persons with disabilities;
b. To combat stereotypes, prejudices and harmful practices relating to persons with disabilities, including those based on sex and age, in all areas of life;
c. To promote awareness of the capabilities and contributions of persons with disabilities."
Convention on the Rights of Persons with Disabilities,,Article 8,Awareness-raising,2,"Measures to this end include:
a. Initiating and maintaining effective public awareness campaigns designed:
i. To nurture receptiveness to the rights of persons with disabilities;
ii. To promote positive perceptions and greater social awareness towards persons with disabilities;
iii. To promote recognition of the skills, merits and abilities of persons with disabilities, and of their contributions to the workplace and the labour market;
b. Fostering at all levels of the education system, including in all children from an early age, an attitude of respect for the rights of persons with disabilities;
c. Encouraging all organs of the media to portray persons with disabilities in a manner consistent with the purpose of the present Convention;
d. Promoting awareness-training programmes regarding persons with disabilities and the rights of persons with disabilities."
Convention on the Rights of Persons with Disabilities,,Article 9,Accessibility,,"To enable persons with disabilities to live independently and participate fully in all aspects of life, parties shall take appropriate measures to ensure to persons with disabilities access, on an equal basis with others, to the physical environment, to transportation, to information and communications, including information and communications technologies and systems, and to other facilities and services open or provided to the public, both in urban and in rural areas. These measures, which shall include the identification and elimination of obstacles and barriers to accessibility, shall apply to, inter alia:
a. Buildings, roads, transportation and other indoor and outdoor facilities, including schools, housing, medical facilities and workplaces;
b. Information, communications and other services, including electronic services and emergency services."
Convention on the Rights of Persons with Disabilities,,,,,"parties shall also take appropriate measures to:
a. Develop, promulgate and monitor the implementation of minimum standards and guidelines for the accessibility of facilities and services open or provided to the public;
b. Ensure that private entities that offer facilities and services which are open or provided to the public take into account all aspects of accessibility for persons with disabilities;
c. Provide training for stakeholders on accessibility issues facing persons with disabilities;
d. Provide in buildings and other facilities open to the public signage in Braille and in easy to read and understand forms;
e. Provide forms of live assistance and intermediaries, including guides, readers and professional sign language interpreters, to facilitate accessibility to buildings and other facilities open to the public;
f. Promote other appropriate forms of assistance and support to persons with disabilities to ensure their access to information;
g. Promote access for persons with disabilities to new information and communications technologies and systems, including the Internet;
h. Promote the design, development, production and distribution of accessible information and communications technologies and systems at an early stage, so that these technologies and systems become accessible at minimum cost."
Convention on the Rights of Persons with Disabilities,,Article 10,Right to life,,parties reaffirm that every human being has the inherent right to life and shall take all necessary measures to ensure its effective enjoyment by persons with disabilities on an equal basis with others.
Convention on the Rights of Persons with Disabilities,,Article 11,Situations of risk and humanitarian emergencies,,"parties shall take, in accordance with their obligations under international law, including international humanitarian law and international human rights law, all necessary measures to ensure the protection and safety of persons with disabilities in situations of risk, including situations of armed conflict, humanitarian emergencies and the occurrence of natural disasters."
Convention on the Rights of Persons with Disabilities,,Article 12,Equal recognition before the law,1,parties reaffirm that persons with disabilities have the right to recognition everywhere as persons before the law.
Convention on the Rights of Persons with Disabilities,,Article 12,Equal recognition before the law,2,parties shall recognize that persons with disabilities enjoy legal capacity on an equal basis with others in all aspects of life.
Convention on the Rights of Persons with Disabilities,,Article 12,Equal recognition before the law,3,parties shall take appropriate measures to provide access by persons with disabilities to the support they may require in exercising their legal capacity.
Convention on the Rights of Persons with Disabilities,,Article 12,Equal recognition before the law,4,"parties shall ensure that all measures that relate to the exercise of legal capacity provide for appropriate and effective safeguards to prevent abuse in accordance with international human rights law. Such safeguards shall ensure that measures relating to the exercise of legal capacity respect the rights, will and preferences of the person, are free of conflict of interest and undue influence, are proportional and tailored to the person's circumstances, apply for the shortest time possible and are subject to regular review by a competent, independent and impartial authority or judicial body. The safeguards shall be proportional to the degree to which such measures affect the person's rights and interests."
Convention on the Rights of Persons with Disabilities,,Article 12,Equal recognition before the law,5,"Subject to the provisions of this article, parties shall take all appropriate and effective measures to ensure the equal right of persons with disabilities to own or inherit property, to control their own financial affairs and to have equal access to bank loans, mortgages and other forms of financial credit, and shall ensure that persons with disabilities are not arbitrarily deprived of their property."
Convention on the Rights of Persons with Disabilities,,Article 13,Access to justice,1,"parties shall ensure effective access to justice for persons with disabilities on an equal basis with others, including through the provision of procedural and age-appropriate accommodations, in order to facilitate their effective role as direct and indirect participants, including as witnesses, in all legal proceedings, including at investigative and other preliminary stages."
Convention on the Rights of Persons with Disabilities,,Article 13,Access to justice,2,"In order to help to ensure effective access to justice for persons with disabilities, parties shall promote appropriate training for those working in the field of administration of justice, including police and prison staff."
Convention on the Rights of Persons with Disabilities,,Article 14,Liberty and security of the person,1,"parties shall ensure that persons with disabilities, on an equal basis with others:
a. Enjoy the right to liberty and security of person;
b. Are not deprived of their liberty unlawfully or arbitrarily, and that any deprivation of liberty is in conformity with the law, and that the existence of a disability shall in no case justify a deprivation of liberty."
Convention on the Rights of Persons with Disabilities,,,,2,"parties shall ensure that if persons with disabilities are deprived of their liberty through any process, they are, on an equal basis with others, entitled to guarantees in accordance with international human rights law and shall be treated in compliance with the objectives and principles of this Convention, including by provision of reasonable accommodation."
Convention on the Rights of Persons with Disabilities,,Article 15,"Freedom from torture or cruel, inhuman or degrading treatment or punishment",1,"No one shall be subjected to torture or to cruel, inhuman or degrading treatment or punishment. In particular, no one shall be subjected without his or her free consent to medical or scientific experimentation."
Convention on the Rights of Persons with Disabilities,,Article 15,"Freedom from torture or cruel, inhuman or degrading treatment or punishment",2,"parties shall take all effective legislative, administrative, judicial or other measures to prevent persons with disabilities, on an equal basis with others, from being subjected to torture or cruel, inhuman or degrading treatment or punishment."
Convention on the Rights of Persons with Disabilities,,Article 16,"Freedom from exploitation, violence and abuse",1,"parties shall take all appropriate legislative, administrative, social, educational and other measures to protect persons with disabilities, both within and outside the home, from all forms of exploitation, violence and abuse, including their gender-based aspects."
Convention on the Rights of Persons with Disabilities,,Article 16,"Freedom from exploitation, violence and abuse",2,"parties shall also take all appropriate measures to prevent all forms of exploitation, violence and abuse by ensuring, inter alia, appropriate forms of gender- and age-sensitive assistance and support for persons with disabilities and their families and caregivers, including through the provision of information and education on how to avoid, recognize and report instances of exploitation, violence and abuse. parties shall ensure that protection services are age-, gender- and disability-sensitive."
Convention on the Rights of Persons with Disabilities,,Article 16,"Freedom from exploitation, violence and abuse",3,"In order to prevent the occurrence of all forms of exploitation, violence and abuse, parties shall ensure that all facilities and programmes designed to serve persons with disabilities are effectively monitored by independent authorities."
Convention on the Rights of Persons with Disabilities,,Article 16,"Freedom from exploitation, violence and abuse",4,"parties shall take all appropriate measures to promote the physical, cognitive and psychological recovery, rehabilitation and social reintegration of persons with disabilities who become victims of any form of exploitation, violence or abuse, including through the provision of protection services. Such recovery and reintegration shall take place in an environment that fosters the health, welfare, self-respect, dignity and autonomy of the person and takes into account gender- and age-specific needs."
Convention on the Rights of Persons with Disabilities,,Article 16,"Freedom from exploitation, violence and abuse",5,"parties shall put in place effective legislation and policies, including women- and child-focused legislation and policies, to ensure that instances of exploitation, violence and abuse against persons with disabilities are identified, investigated and, where appropriate, prosecuted."
Convention on the Rights of Persons with Disabilities,,Article 17,Protecting the integrity of the person,,Every person with disabilities has a right to respect for his or her physical and mental integrity on an equal basis with others.
Convention on the Rights of Persons with Disabilities,,Article 18,Liberty of movement and nationality,1,"parties shall recognize the rights of persons with disabilities to liberty of movement, to freedom to choose their residence and to a nationality, on an equal basis with others, including by ensuring that persons with disabilities:
a. Have the right to acquire and change a nationality and are not deprived of their nationality arbitrarily or on the basis of disability;
b. Are not deprived, on the basis of disability, of their ability to obtain, possess and utilize documentation of their nationality or other documentation of identification, or to utilize relevant processes such as immigration proceedings, that may be needed to facilitate exercise of the right to liberty of movement;
c. Are free to leave any country, including their own;
d. Are not deprived, arbitrarily or on the basis of disability, of the right to enter their own country."
Convention on the Rights of Persons with Disabilities,,Article 18,Liberty of movement and nationality,2,"Children with disabilities shall be registered immediately after birth and shall have the right from birth to a name, the right to acquire a nationality and, as far as possible, the right to know and be cared for by their parents."
Convention on the Rights of Persons with Disabilities,,Article 19,Living independently and being included in the community,,"parties to this Convention recognize the equal right of all persons with disabilities to live in the community, with choices equal to others, and shall take effective and appropriate measures to facilitate full enjoyment by persons with disabilities of this right and their full inclusion and participation in the community, including by ensuring that
A. Persons with disabilities have the opportunity to choose their place of residence and where and with whom they live on an equal basis with others and are not obliged to live in a particular living arrangement;
B. Persons with disabilities have access to a range of in-home, residential and other community support services, including personal assistance necessary to support living and inclusion in the community, and to prevent isolation or segregation from the community;
C. Community services and facilities for the general population are available on an equal basis to persons with disabilities and are responsive to their needs."
Convention on the Rights of Persons with Disabilities,,Article 20,Personal mobility,,"parties shall take effective measures to ensure personal mobility with the greatest possible independence for persons with disabilities, including by
a. Facilitating the personal mobility of persons with disabilities in the manner and at the time of their choice, and at affordable cost;
b. Facilitating access by persons with disabilities to quality mobility aids, devices, assistive technologies and forms of live assistance and intermediaries, including by making them available at affordable cost;
c. Providing training in mobility skills to persons with disabilities and to specialist staff working with persons with disabilities;
d. Encouraging entities that produce mobility aids, devices and assistive technologies to take into account all aspects of mobility for persons with disabilities."
Convention on the Rights of Persons with Disabilities,,Article 21,"Freedom of expression and opinion, and access to information",,"parties shall take all appropriate measures to ensure that persons with disabilities can exercise the right to freedom of expression and opinion, including the freedom to seek, receive and impart information and ideas on an equal basis with others and through all forms of communication of their choice, as defined in article 2 of the present Convention, including by:
a. Providing information intended for the general public to persons with disabilities in accessible formats and technologies appropriate to different kinds of disabilities in a timely manner and without additional cost;
b. Accepting and facilitating the use of sign languages, Braille, augmentative and alternative communication, and all other accessible means, modes and formats of communication of their choice by persons with disabilities in official interactions;
c. Urging private entities that provide services to the general public, including through the Internet, to provide information and services in accessible and usable formats for persons with disabilities;
d. Encouraging the mass media, including providers of information through the Internet, to make their services accessible to persons with disabilities;
e. Recognizing and promoting the use of sign languages."
Convention on the Rights of Persons with Disabilities,,Article 22,Respect for privacy,1,"No person with disabilities, regardless of place of residence or living arrangements, shall be subjected to arbitrary or unlawful interference with his or her privacy, family, or correspondence or other types of communication or to unlawful attacks on his or her honour and reputation. Persons with disabilities have the right to the protection of the law against such interference or attacks."
Convention on the Rights of Persons with Disabilities,,Article 22,Respect for privacy,2,"parties shall protect the privacy of personal, health and rehabilitation information of persons with disabilities on an equal basis with others."
Convention on the Rights of Persons with Disabilities,,Article 23,Respect for home and the family,1,"parties shall take effective and appropriate measures to eliminate discrimination against persons with disabilities in all matters relating to marriage, family, parenthood and relationships, on an equal basis with others, so as to ensure that:
a. The right of all persons with disabilities who are of marriageable age to marry and to found a family on the basis of free and full consent of the intending spouses is recognized;
b. The rights of persons with disabilities to decide freely and responsibly on the number and spacing of their children and to have access to age-appropriate information, reproductive and family planning education are recognized, and the means necessary to enable them to exercise these rights are provided;
c. Persons with disabilities, including children, retain their fertility on an equal basis with others."
Convention on the Rights of Persons with Disabilities,,Article 23,Respect for home and the family,2,"parties shall ensure the rights and responsibilities of persons with disabilities, with regard to guardianship, wardship, trusteeship, adoption of children or similar institutions, where these concepts exist in national legislation; in all cases the best interests of the child shall be paramount. parties shall render appropriate assistance to persons with disabilities in the performance of their child-rearing responsibilities."
Convention on the Rights of Persons with Disabilities,,Article 23,Respect for home and the family,3,"parties shall ensure that children with disabilities have equal rights with respect to family life. With a view to realizing these rights, and to prevent concealment, abandonment, neglect and segregation of children with disabilities, parties shall undertake to provide early and comprehensive information, services and support to children with disabilities and their families."
Convention on the Rights of Persons with Disabilities,,Article 23,Respect for home and the family,4,"parties shall ensure that a child shall not be separated from his or her parents against their will, except when competent authorities subject to judicial review determine, in accordance with applicable law and procedures, that such separation is necessary for the best interests of the child. In no case shall a child be separated from parents on the basis of a disability of either the child or one or both of the parents."
Convention on the Rights of Persons with Disabilities,,Article 23,Respect for home and the family,5,"parties shall, where the immediate family is unable to care for a child with disabilities, undertake every effort to provide alternative care within the wider family, and failing that, within the community in a family setting."
Convention on the Rights of Persons with Disabilities,,Article 24,Education,1,"parties recognize the right of persons with disabilities to education. With a view to realizing this right without discrimination and on the basis of equal opportunity, parties shall ensure an inclusive education system at all levels and life long learning directed to:
A. The full development of human potential and sense of dignity and self-worth, and the strengthening of respect for human rights, fundamental freedoms and human diversity;
B. The development by persons with disabilities of their personality, talents and creativity, as well as their mental and physical abilities, to their fullest potential;
C. Enabling persons with disabilities to participate effectively in a free society."
Convention on the Rights of Persons with Disabilities,,Article 24,Education,2,"In realizing this right, parties shall ensure that:
A. Persons with disabilities are not excluded from the general education system on the basis of disability, and that children with disabilities are not excluded from free and compulsory primary education, or from secondary education, on the basis of disability;
B. Persons with disabilities can access an inclusive, quality and free primary education and secondary education on an equal basis with others in the communities in which they live;
C. Reasonable accommodation of the individual's requirements is provided;
D. Persons with disabilities receive the support required, within the general education system, to facilitate their effective education;
E. Effective individualized support measures are provided in environments that maximize academic and social development, consistent with the goal of full inclusion."
Convention on the Rights of Persons with Disabilities,,Article 24,Education,3,"parties shall enable persons with disabilities to learn life and social development skills to facilitate their full and equal participation in education and as members of the community. To this end, parties shall take appropriate measures, including:
A. Facilitating the learning of Braille, alternative script, augmentative and alternative modes, means and formats of communication and orientation and mobility skills, and facilitating peer support and mentoring;
B. Facilitating the learning of sign language and the promotion of the linguistic identity of the deaf community;
C. Ensuring that the education of persons, and in particular children, who are blind, deaf or deafblind, is delivered in the most appropriate languages and modes and means of communication for the individual, and in environments which maximize academic and social development."
Convention on the Rights of Persons with Disabilities,,Article 24,Education,4,"In order to help ensure the realization of this right, parties shall take appropriate measures to employ teachers, including teachers with disabilities, who are qualified in sign language and/or Braille, and to train professionals and staff who work at all levels of education. Such training shall incorporate disability awareness and the use of appropriate augmentative and alternative modes, means and formats of communication, educational techniques and materials to support persons with disabilities."
Convention on the Rights of Persons with Disabilities,,Article 24,Education,5,"parties shall ensure that persons with disabilities are able to access general tertiary education, vocational training, adult education and lifelong learning without discrimination and on an equal basis with others. To this end, parties shall ensure that reasonable accommodation is provided to persons with disabilities."
Convention on the Rights of Persons with Disabilities,,Article 25,Health,,"parties recognize that persons with disabilities have the right to the enjoyment of the highest attainable standard of health without discrimination on the basis of disability. parties shall take all appropriate measures to ensure access for persons with disabilities to health services that are gender-sensitive, including health-related rehabilitation. In particular, parties shall:
a. Provide persons with disabilities with the same range, quality and standard of free or affordable health care and programmes as provided to other persons, including in the area of sexual and reproductive health and population-based public health programmes;
b. Provide those health services needed by persons with disabilities specifically because of their disabilities, including early identification and intervention as appropriate, and services designed to minimize and prevent further disabilities, including among children and older persons;
c. Provide these health services as close as possible to people's own communities, including in rural areas;
d. Require health professionals to provide care of the same quality to persons with disabilities as to others, including on the basis of free and informed consent by, inter alia, raising awareness of the human rights, dignity, autonomy and needs of persons with disabilities through training and the promulgation of ethical standards for public and private health care;
e. Prohibit discrimination against persons with disabilities in the provision of health insurance, and life insurance where such insurance is permitted by national law, which shall be provided in a fair and reasonable manner;
f. Prevent discriminatory denial of health care or health services or food and fluids on the basis of disability."
Convention on the Rights of Persons with Disabilities,,Article 26,Habilitation and rehabilitation,1,"parties shall take effective and appropriate measures, including through peer support, to enable persons with disabilities to attain and maintain maximum independence, full physical, mental, social and vocational ability, and full inclusion and participation in all aspects of life. To that end, parties shall organize, strengthen and extend comprehensive habilitation and rehabilitation services and programmes, particularly in the areas of health, employment, education and social services, in such a way that these services and programmes:
a. Begin at the earliest possible stage, and are based on the multidisciplinary assessment of individual needs and strengths;
b. Support participation and inclusion in the community and all aspects of society, are voluntary, and are available to persons with disabilities as close as possible to their own communities, including in rural areas."
Convention on the Rights of Persons with Disabilities,,Article 26,Habilitation and rehabilitation,2,parties shall promote the development of initial and continuing training for professionals and staff working in habilitation and rehabilitation services.
Convention on the Rights of Persons with Disabilities,,Article 26,Habilitation and rehabilitation,3,"parties shall promote the availability, knowledge and use of assistive devices and technologies, designed for persons with disabilities, as they relate to habilitation and rehabilitation."
Convention on the Rights of Persons with Disabilities,,Article 27,Work and employment,1,"parties recognize the right of persons with disabilities to work, on an equal basis with others; this includes the right to the opportunity to gain a living by work freely chosen or accepted in a labour market and work environment that is open, inclusive and accessible to persons with disabilities. parties shall safeguard and promote the realization of the right to work, including for those who acquire a disability during the course of employment, by taking appropriate steps, including through legislation, to, inter alia:
a. Prohibit discrimination on the basis of disability with regard to all matters concerning all forms of employment, including conditions of recruitment, hiring and employment, continuance of employment, career advancement and safe and healthy working conditions;
b. Protect the rights of persons with disabilities, on an equal basis with others, to just and favourable conditions of work, including equal opportunities and equal remuneration for work of equal value, safe and healthy working conditions, including protection from harassment, and the redress of grievances;
c. Ensure that persons with disabilities are able to exercise their labour and trade union rights on an equal basis with others;
d. Enable persons with disabilities to have effective access to general technical and vocational guidance programmes, placement services and vocational and continuing training;
e. Promote employment opportunities and career advancement for persons with disabilities in the labour market, as well as assistance in finding, obtaining, maintaining and returning to employment;
f. Promote opportunities for self-employment, entrepreneurship, the development of cooperatives and starting one's own business;
g. Employ persons with disabilities in the public sector;
h. Promote the employment of persons with disabilities in the private sector through appropriate policies and measures, which may include affirmative action programmes, incentives and other measures;
i. Ensure that reasonable accommodation is provided to persons with disabilities in the workplace;
j. Promote the acquisition by persons with disabilities of work experience in the open labour market;
k. Promote vocational and professional rehabilitation, job retention and return-to-work programmes for persons with disabilities."
Convention on the Rights of Persons with Disabilities,,,,2,"parties shall ensure that persons with disabilities are not held in slavery or in servitude, and are protected, on an equal basis with others, from forced or compulsory labour."
Convention on the Rights of Persons with Disabilities,,Article 28,Adequate standard of living and social protection,1,"parties recognize the right of persons with disabilities to an adequate standard of living for themselves and their families, including adequate food, clothing and housing, and to the continuous improvement of living conditions, and shall take appropriate steps to safeguard and promote the realization of this right without discrimination on the basis of disability."
Convention on the Rights of Persons with Disabilities,,Article 28,Adequate standard of living and social protection,2,"parties recognize the right of persons with disabilities to social protection and to the enjoyment of that right without discrimination on the basis of disability, and shall take appropriate steps to safeguard and promote the realization of this right, including measures:
a. To ensure equal access by persons with disabilities to clean water services, and to ensure access to appropriate and affordable services, devices and other assistance for disability-related needs;
b. To ensure access by persons with disabilities, in particular women and girls with disabilities and older persons with disabilities, to social protection programmes and poverty reduction programmes;
c. To ensure access by persons with disabilities and their families living in situations of poverty to assistance from the State with disability-related expenses, including adequate training, counselling, financial assistance and respite care;
d. To ensure access by persons with disabilities to public housing programmes;
e. To ensure equal access by persons with disabilities to retirement benefits and programmes."
Convention on the Rights of Persons with Disabilities,,Article 29,Participation in political and public life,,"parties shall guarantee to persons with disabilities political rights and the opportunity to enjoy them on an equal basis with others, and shall undertake to:
a. Ensure that persons with disabilities can effectively and fully participate in political and public life on an equal basis with others, directly or through freely chosen representatives, including the right and opportunity for persons with disabilities to vote and be elected, inter alia, by:
i. Ensuring that voting procedures, facilities and materials are appropriate, accessible and easy to understand and use;
ii. Protecting the right of persons with disabilities to vote by secret ballot in elections and public referendums without intimidation, and to stand for elections, to effectively hold office and perform all public functions at all levels of government, facilitating the use of assistive and new technologies where appropriate;
iii. Guaranteeing the free expression of the will of persons with disabilities as electors and to this end, where necessary, at their request, allowing assistance in voting by a person of their own choice;
b. Promote actively an environment in which persons with disabilities can effectively and fully participate in the conduct of public affairs, without discrimination and on an equal basis with others, and encourage their participation in public affairs, including:
i. Participation in non-governmental organizations and associations concerned with the public and political life of the country, and in the activities and administration of political parties;
ii. Forming and joining organizations of persons with disabilities to represent persons with disabilities at international, national, regional and local levels."
Convention on the Rights of Persons with Disabilities,,Article 30,"Participation in cultural life, recreation, leisure and sport",1,"parties recognize the right of persons with disabilities to take part on an equal basis with others in cultural life, and shall take all appropriate measures to ensure that persons with disabilities:
a. Enjoy access to cultural materials in accessible formats;
b. Enjoy access to television programmes, films, theatre and other cultural activities, in accessible formats;
c. Enjoy access to places for cultural performances or services, such as theatres, museums, cinemas, libraries and tourism services, and, as far as possible, enjoy access to monuments and sites of national cultural importance."
Convention on the Rights of Persons with Disabilities,,Article 30,"Participation in cultural life, recreation, leisure and sport",2,"parties shall take appropriate measures to enable persons with disabilities to have the opportunity to develop and utilize their creative, artistic and intellectual potential, not only for their own benefit, but also for the enrichment of society."
Convention on the Rights of Persons with Disabilities,,Article 30,"Participation in cultural life, recreation, leisure and sport",3,"parties shall take all appropriate steps, in accordance with international law, to ensure that laws protecting intellectual property rights do not constitute an unreasonable or discriminatory barrier to access by persons with disabilities to cultural materials."
Convention on the Rights of Persons with Disabilities,,Article 30,"Participation in cultural life, recreation, leisure and sport",4,"Persons with disabilities shall be entitled, on an equal basis with others, to recognition and support of their specific cultural and linguistic identity, including sign languages and deaf culture."
Convention on the Rights of Persons with Disabilities,,Article 30,"Participation in cultural life, recreation, leisure and sport",5,"With a view to enabling persons with disabilities to participate on an equal basis with others in recreational, leisure and sporting activities, parties shall take appropriate measures:
a. To encourage and promote the participation, to the fullest extent possible, of persons with disabilities in mainstream sporting activities at all levels;
b. To ensure that persons with disabilities have an opportunity to organize, develop and participate in disability-specific sporting and recreational activities and, to this end, encourage the provision, on an equal basis with others, of appropriate instruction, training and resources;
c. To ensure that persons with disabilities have access to sporting, recreational and tourism venues;
d. To ensure that children with disabilities have equal access with other children to participation in play, recreation and leisure and sporting activities, including those activities in the school system;
e. To ensure that persons with disabilities have access to services from those involved in the organization of recreational, tourism, leisure and sporting activities."
Convention on the Rights of Persons with Disabilities,,Article 31,Statistics and data collection,1,"parties undertake to collect appropriate information, including statistical and research data, to enable them to formulate and implement policies to give effect to the present Convention. The process of collecting and maintaining this information shall:
a. Comply with legally established safeguards, including legislation on data protection, to ensure confidentiality and respect for the privacy of persons with disabilities;
b. Comply with internationally accepted norms to protect human rights and fundamental freedoms and ethical principles in the collection and use of statistics."
Convention on the Rights of Persons with Disabilities,,Article 31,Statistics and data collection,2,"The information collected in accordance with this article shall be disaggregated, as appropriate, and used to help assess the implementation of parties' obligations under the present Convention and to identify and address the barriers faced by persons with disabilities in exercising their rights."
Convention on the Rights of Persons with Disabilities,,Article 31,Statistics and data collection,3,parties shall assume responsibility for the dissemination of these statistics and ensure their accessibility to persons with disabilities and others.
Convention on the Rights of Persons with Disabilities,,Article 32,International cooperation,1,"parties recognize the importance of international cooperation and its promotion, in support of national efforts for the realization of the purpose and objectives of the present Convention, and will undertake appropriate and effective measures in this regard, between and among States and, as appropriate, in partnership with relevant international and regional organizations and civil society, in particular organizations of persons with disabilities. Such measures could include, inter alia:
a. Ensuring that international cooperation, including international development programmes, is inclusive of and accessible to persons with disabilities;
b. Facilitating and supporting capacity-building, including through the exchange and sharing of information, experiences, training programmes and best practices;
c. Facilitating cooperation in research and access to scientific and technical knowledge;
d. Providing, as appropriate, technical and economic assistance, including by facilitating access to and sharing of accessible and assistive technologies, and through the transfer of technologies."
Convention on the Rights of Persons with Disabilities,,Article 32,International cooperation,2,The provisions of this article are without prejudice to the obligations of each party to fulfil its obligations under the present Convention.
Convention on the Rights of Persons with Disabilities,,Article 33,National implementation and monitoring,1,"parties, in accordance with their system of organization, shall designate one or more focal points within government for matters relating to the implementation of the present Convention, and shall give due consideration to the establishment or designation of a coordination mechanism within government to facilitate related action in different sectors and at different levels."
Convention on the Rights of Persons with Disabilities,,Article 33,National implementation and monitoring,2,"parties shall, in accordance with their legal and administrative systems, maintain, strengthen, designate or establish within the party, a framework, including one or more independent mechanisms, as appropriate, to promote, protect and monitor implementation of the present Convention. When designating or establishing such a mechanism, parties shall take into account the principles relating to the status and functioning of national institutions for protection and promotion of human rights."
Convention on the Rights of Persons with Disabilities,,Article 33,National implementation and monitoring,3,"Civil society, in particular persons with disabilities and their representative organizations, shall be involved and participate fully in the monitoring process."
Convention on the Rights of Persons with Disabilities,,Article 34,Committee on the Rights of Persons with Disabilities,1,"There shall be established a Committee on the Rights of Persons with Disabilities (hereafter referred to as ""the Committee""), which shall carry out the functions hereinafter provided."
Convention on the Rights of Persons with Disabilities,,Article 34,Committee on the Rights of Persons with Disabilities,2,"The Committee shall consist, at the time of entry into force of the present Convention, of twelve experts. After an additional sixty ratifications or accessions to the Convention, the membership of the Committee shall increase by six members, attaining a maximum number of eighteen members."
Convention on the Rights of Persons with Disabilities,,Article 34,Committee on the Rights of Persons with Disabilities,3,"The members of the Committee shall serve in their personal capacity and shall be of high moral standing and recognized competence and experience in the field covered by the present Convention. When nominating their candidates, parties are invited to give due consideration to the provision set out in article 4.3 of the present Convention."
Convention on the Rights of Persons with Disabilities,,Article 34,Committee on the Rights of Persons with Disabilities,4,"The members of the Committee shall be elected by parties, consideration being given to equitable geographical distribution, representation of the different forms of civilization and of the principal legal systems, balanced gender representation and participation of experts with disabilities."
Convention on the Rights of Persons with Disabilities,,Article 34,Committee on the Rights of Persons with Disabilities,5,"The members of the Committee shall be elected by secret ballot from a list of persons nominated by the parties from among their nationals at meetings of the Conference of parties. At those meetings, for which two thirds of parties shall constitute a quorum, the persons elected to the Committee shall be those who obtain the largest number of votes and an absolute majority of the votes of the representatives of parties present and voting."
Convention on the Rights of Persons with Disabilities,,Article 34,Committee on the Rights of Persons with Disabilities,6,"The initial election shall be held no later than six months after the date of entry into force of the present Convention. At least four months before the date of each election, the Secretary-General of the United Nations shall address a letter to the parties inviting them to submit the nominations within two months. The Secretary-General shall subsequently prepare a list in alphabetical order of all persons thus nominated, indicating the State Parties which have nominated them, and shall submit it to the parties to the present Convention."
Convention on the Rights of Persons with Disabilities,,Article 34,Committee on the Rights of Persons with Disabilities,7,"The members of the Committee shall be elected for a term of four years. They shall be eligible for re-election once. However, the term of six of the members elected at the first election shall expire at the end of two years; immediately after the first election, the names of these six members shall be chosen by lot by the chairperson of the meeting referred to in paragraph 5 of this article."
Convention on the Rights of Persons with Disabilities,,Article 34,Committee on the Rights of Persons with Disabilities,8,"The election of the six additional members of the Committee shall be held on the occasion of regular elections, in accordance with the relevant provisions of this article."
Convention on the Rights of Persons with Disabilities,,Article 34,Committee on the Rights of Persons with Disabilities,9,"If a member of the Committee dies or resigns or declares that for any other cause she or he can no longer perform her or his duties, the party which nominated the member shall appoint another expert possessing the qualifications and meeting the requirements set out in the relevant provisions of this article, to serve for the remainder of the term."
Convention on the Rights of Persons with Disabilities,,Article 34,Committee on the Rights of Persons with Disabilities,10,The Committee shall establish its own rules of procedure.
Convention on the Rights of Persons with Disabilities,,Article 34,Committee on the Rights of Persons with Disabilities,11,"The Secretary-General of the United Nations shall provide the necessary staff and facilities for the effective performance of the functions of the Committee under the present Convention, and shall convene its initial meeting."
Convention on the Rights of Persons with Disabilities,,Article 34,Committee on the Rights of Persons with Disabilities,12,"With the approval of the General Assembly, the members of the Committee established under the present Convention shall receive emoluments from United Nations resources on such terms and conditions as the Assembly may decide, having regard to the importance of the Committee's responsibilities."
Convention on the Rights of Persons with Disabilities,,Article 34,Committee on the Rights of Persons with Disabilities,13,"The members of the Committee shall be entitled to the facilities, privileges and immunities of experts on mission for the United Nations as laid down in the relevant sections of the Convention on the Privileges and Immunities of the United Nations."
Convention on the Rights of Persons with Disabilities,,Article 35,Reports by parties,1,"Each party shall submit to the Committee, through the Secretary-General of the United Nations, a comprehensive report on measures taken to give effect to its obligations under the present Convention and on the progress made in that regard, within two years after the entry into force of the present Convention for the party concerned."
Convention on the Rights of Persons with Disabilities,,Article 35,Reports by parties,2,"Thereafter, parties shall submit subsequent reports at least every four years and further whenever the Committee so requests."
Convention on the Rights of Persons with Disabilities,,Article 35,Reports by parties,3,The Committee shall decide any guidelines applicable to the content of the reports.
Convention on the Rights of Persons with Disabilities,,Article 35,Reports by parties,4,"A party which has submitted a comprehensive initial report to the Committee need not, in its subsequent reports, repeat information previously provided. When preparing reports to the Committee, parties are invited to consider doing so in an open and transparent process and to give due consideration to the provision set out in article 4.3 of the present Convention."
Convention on the Rights of Persons with Disabilities,,Article 35,Reports by parties,5,Reports may indicate factors and difficulties affecting the degree of fulfilment of obligations under the present Convention.
Convention on the Rights of Persons with Disabilities,,Article 36,Consideration of reports,1,"Each report shall be considered by the Committee, which shall make such suggestions and general recommendations on the report as it may consider appropriate and shall forward these to the party concerned. The party may respond with any information it chooses to the Committee. The Committee may request further information from parties relevant to the implementation of the present Convention."
Convention on the Rights of Persons with Disabilities,,Article 36,Consideration of reports,2,"If a party is significantly overdue in the submission of a report, the Committee may notify the party concerned of the need to examine the implementation of the present Convention in that party, on the basis of reliable information available to the Committee, if the relevant report is not submitted within three months following the notification. The Committee shall invite the party concerned to participate in such examination. Should the party respond by submitting the relevant report, the provisions of paragraph 1 of this article will apply."
Convention on the Rights of Persons with Disabilities,,Article 36,Consideration of reports,3,The Secretary-General of the United Nations shall make available the reports to all parties.
Convention on the Rights of Persons with Disabilities,,Article 36,Consideration of reports,4,parties shall make their reports widely available to the public in their own countries and facilitate access to the suggestions and general recommendations relating to these reports.
Convention on the Rights of Persons with Disabilities,,Article 36,Consideration of reports,5,"The Committee shall transmit, as it may consider appropriate, to the specialized agencies, funds and programmes of the United Nations, and other competent bodies, reports from parties in order to address a request or indication of a need for technical advice or assistance contained therein, along with the Committee's observations and recommendations, if any, on these requests or indications."
Convention on the Rights of Persons with Disabilities,,Article 37,Cooperation between parties and the Committee,1,Each party shall cooperate with the Committee and assist its members in the fulfilment of their mandate.
Convention on the Rights of Persons with Disabilities,,Article 37,Cooperation between parties and the Committee,2,"In its relationship with parties, the Committee shall give due consideration to ways and means of enhancing national capacities for the implementation of the present Convention, including through international cooperation."
Convention on the Rights of Persons with Disabilities,,Article 38,Relationship of the Committee with other bodies,,"In order to foster the effective implementation of the present Convention and to encourage international cooperation in the field covered by the present Convention:

a. The specialized agencies and other United Nations organs shall be entitled to be represented at the consideration of the implementation of such provisions of the present Convention as fall within the scope of their mandate. The Committee may invite the specialized agencies and other competent bodies as it may consider appropriate to provide expert advice on the implementation of the Convention in areas falling within the scope of their respective mandates. The Committee may invite specialized agencies and other United Nations organs to submit reports on the implementation of the Convention in areas falling within the scope of their activities;"
Convention on the Rights of Persons with Disabilities,,Article 38,Relationship of the Committee with other bodies,2,"The Committee, as it discharges its mandate, shall consult, as appropriate, other relevant bodies instituted by international human rights treaties, with a view to ensuring the consistency of their respective reporting guidelines, suggestions and general recommendations, and avoiding duplication and overlap in the performance of their functions."
Convention on the Rights of Persons with Disabilities,,Article 39,Report of the Committee,,"The Committee shall report every two years to the General Assembly and to the Economic and Social Council on its activities, and may make suggestions and general recommendations based on the examination of reports and information received from the parties. Such suggestions and general recommendations shall be included in the report of the Committee together with comments, if any, from parties."
Convention on the Rights of Persons with Disabilities,,Article 40,Conference of parties,1,The parties shall meet regularly in a Conference of parties in order to consider any matter with regard to the implementation of the present Convention.
Convention on the Rights of Persons with Disabilities,,Article 40,Conference of parties,2,"No later than six months after the entry into force of the present Convention, the Conference of the parties shall be convened by the Secretary-General of the United Nations. The subsequent meetings shall be convened by the Secretary-General of the United Nations biennially or upon the decision of the Conference of parties.
"
Convention on the Rights of Persons with Disabilities,,Article 41,Depositary,,The Secretary-General of the United Nations shall be the depositary of the present Convention.
Convention on the Rights of Persons with Disabilities,,Article 42,Signature,,The present Convention shall be open for signature by all States and by regional integration organizations at United Nations Headquarters in New York as of 30 March 2007.
Convention on the Rights of Persons with Disabilities,,Article 43,Consent to be bound,,The present Convention shall be subject to ratification by signatory States and to formal confirmation by signatory regional integration organizations. It shall be open for accession by any State or regional integration organization which has not signed the Convention.
Convention on the Rights of Persons with Disabilities,,Article 44,Regional integration organizations,1,"""Regional integration organization"" shall mean an organization constituted by sovereign States of a given region, to which its member parties have transferred competence in respect of matters governed by this Convention. Such organizations shall declare, in their instruments of formal confirmation or accession, the extent of their competence with respect to matters governed by this Convention. Subsequently, they shall inform the depositary of any substantial modification in the extent of their competence."
Convention on the Rights of Persons with Disabilities,,Article 44,Regional integration organizations,2,"References to ""parties"" in the present Convention shall apply to such organizations within the limits of their competence."
Convention on the Rights of Persons with Disabilities,,Article 44,Regional integration organizations,3,"3. For the purposes of article 45, paragraph 1, and article 47, paragraphs 2 and 3, any instrument deposited by a regional integration organization shall not be counted."
Convention on the Rights of Persons with Disabilities,,Article 44,Regional integration organizations,4,"Regional integration organizations, in matters within their competence, may exercise their right to vote in the Conference of parties, with a number of votes equal to the number of their member parties that are Parties to this Convention. Such an organization shall not exercise its right to vote if any of its member parties exercises its right, and vice versa."
Convention on the Rights of Persons with Disabilities,,Article 45,Entry into force,1,The present Convention shall enter into force on the thirtieth day after the deposit of the twentieth instrument of ratification or accession.
Convention on the Rights of Persons with Disabilities,,Article 45,Entry into force,2,"For each State or regional integration organization ratifying, formally confirming or acceding to the Convention after the deposit of the twentieth such instrument, the Convention shall enter into force on the thirtieth day after the deposit of its own such instrument."
Convention on the Rights of Persons with Disabilities,,Article 46,Reservations,1,Reservations incompatible with the object and purpose of the present Convention shall not be permitted.
Convention on the Rights of Persons with Disabilities,,Article 46,Reservations,2,Reservations may be withdrawn at any time.
"Convention against Torture and Other Cruel, Inhuman or Degrading Treatment or Punishment",10 December 1984,URI:,https://www.ohchr.org/en/instruments-mechanisms/instruments/convention-against-torture-and-other-cruel-inhuman-or-degrading,,
"Convention against Torture and Other Cruel, Inhuman or Degrading Treatment or Punishment",,,Preamble,,"The parties to this Convention,

Considering that, in accordance with the principles proclaimed in the Charter of the United Nations, recognition of the equal and inalienable rights of all members of the human family is the foundation of freedom, justice and peace in the world,

Recognizing that those rights derive from the inherent dignity of the human person,

Considering the obligation of States under the Charter, in particular Article 55, to promote universal respect for, and observance of, human rights and fundamental freedoms,

Having regard to article 5 of the Universal Declaration of Human Rights and article 7 of the International Covenant on Civil and Political Rights, both of which provide that no one shall be subjected to torture or to cruel, inhuman or degrading treatment or punishment,

Having regard also to the Declaration on the Protection of All Persons from Being Subjected to Torture and Other Cruel, Inhuman or Degrading Treatment or Punishment, adopted by the General Assembly on 9 December 1975,

Desiring to make more effective the struggle against torture and other cruel, inhuman or degrading treatment or punishment throughout the world,

Have agreed as follows:"
"Convention against Torture and Other Cruel, Inhuman or Degrading Treatment or Punishment",,Part I,Article 1,1,"For the purposes of this Convention, the term ""torture"" means any act by which severe pain or suffering, whether physical or mental, is intentionally inflicted on a person for such purposes as obtaining from him or a third person information or a confession, punishing him for an act he or a third person has committed or is suspected of having committed, or intimidating or coercing him or a third person, or for any reason based on discrimination of any kind, when such pain or suffering is inflicted by or at the instigation of or with the consent or acquiescence of a public official or other person acting in an official capacity. It does not include pain or suffering arising only from, inherent in or incidental to lawful sanctions."
"Convention against Torture and Other Cruel, Inhuman or Degrading Treatment or Punishment",,Part I,Article 1,2,This article is without prejudice to any international instrument or national legislation which does or may contain provisions of wider application.
"Convention against Torture and Other Cruel, Inhuman or Degrading Treatment or Punishment",,Part I,Article 2,1,"Each party shall take effective legislative, administrative, judicial or other measures to prevent acts of torture in any territory under its jurisdiction."
"Convention against Torture and Other Cruel, Inhuman or Degrading Treatment or Punishment",,Part I,Article 2,2,"No exceptional circumstances whatsoever, whether a state of war or a threat of war, internal political instability or any other public emergency, may be invoked as a justification of torture."
"Convention against Torture and Other Cruel, Inhuman or Degrading Treatment or Punishment",,Part I,Article 2,3,An order from a superior officer or a public authority may not be invoked as a justification of torture.
"Convention against Torture and Other Cruel, Inhuman or Degrading Treatment or Punishment",,Part I,Article 3,1,"No party shall expel, return (""refouler"") or extradite a person to another State where there are substantial grounds for believing that he would be in danger of being subjected to torture."
"Convention against Torture and Other Cruel, Inhuman or Degrading Treatment or Punishment",,Part I,Article 3,2," For the purpose of determining whether there are such grounds, the competent authorities shall take into account all relevant considerations including, where applicable, the existence in the State concerned of a consistent pattern of gross, flagrant or mass violations of human rights."
"Convention against Torture and Other Cruel, Inhuman or Degrading Treatment or Punishment",,Part I,Article 4,1,Each party shall ensure that all acts of torture are offences under its criminal law. The same shall apply to an attempt to commit torture and to an act by any person which constitutes complicity or participation in torture. 2. Each party shall make these offences punishable by appropriate penalties which take into account their grave nature.
"Convention against Torture and Other Cruel, Inhuman or Degrading Treatment or Punishment",,Part I,Article 5,1," Each party shall take such measures as may be necessary to establish its jurisdiction over the offences referred to in article 4 in the following cases:
(a) When the offences are committed in any territory under its jurisdiction or on board a ship or aircraft registered in that State;

(b) When the alleged offender is a national of that State;

(c) When the victim is a national of that State if that State considers it appropriate."
"Convention against Torture and Other Cruel, Inhuman or Degrading Treatment or Punishment",,Part I,Article 5,2,Each party shall likewise take such measures as may be necessary to establish its jurisdiction over such offences in cases where the alleged offender is present in any territory under its jurisdiction and it does not extradite him pursuant to article 8 to any of the States mentioned in paragraph I of this article.
"Convention against Torture and Other Cruel, Inhuman or Degrading Treatment or Punishment",,Part I,Article 5,3,This Convention does not exclude any criminal jurisdiction exercised in accordance with internal law.
"Convention against Torture and Other Cruel, Inhuman or Degrading Treatment or Punishment",,Part I,Article 6,1,"Upon being satisfied, after an examination of information available to it, that the circumstances so warrant, any party in whose territory a person alleged to have committed any offence referred to in article 4 is present shall take him into custody or take other legal measures to ensure his presence. The custody and other legal measures shall be as provided in the law of that State but may be continued only for such time as is necessary to enable any criminal or extradition proceedings to be instituted."
"Convention against Torture and Other Cruel, Inhuman or Degrading Treatment or Punishment",,Part I,Article 6,2, Such State shall immediately make a preliminary inquiry into the facts.
"Convention against Torture and Other Cruel, Inhuman or Degrading Treatment or Punishment",,Part I,Article 6,3,"Any person in custody pursuant to paragraph I of this article shall be assisted in communicating immediately with the nearest appropriate representative of the State of which he is a national, or, if he is a stateless person, with the representative of the State where he usually resides."
"Convention against Torture and Other Cruel, Inhuman or Degrading Treatment or Punishment",,Part I,Article 6,4,"When a State, pursuant to this article, has taken a person into custody, it shall immediately notify the States referred to in article 5, paragraph 1, of the fact that such person is in custody and of the circumstances which warrant his detention. The State which makes the preliminary inquiry contemplated in paragraph 2 of this article shall promptly report its findings to the said States and shall indicate whether it intends to exercise jurisdiction."
"Convention against Torture and Other Cruel, Inhuman or Degrading Treatment or Punishment",,Part I,Article 7,1,"The party in the territory under whose jurisdiction a person alleged to have committed any offence referred to in article 4 is found shall in the cases contemplated in article 5, if it does not extradite him, submit the case to its competent authorities for the purpose of prosecution."
"Convention against Torture and Other Cruel, Inhuman or Degrading Treatment or Punishment",,Part I,Article 7,2,"These authorities shall take their decision in the same manner as in the case of any ordinary offence of a serious nature under the law of that State. In the cases referred to in article 5, paragraph 2, the standards of evidence required for prosecution and conviction shall in no way be less stringent than those which apply in the cases referred to in article 5, paragraph 1."
"Convention against Torture and Other Cruel, Inhuman or Degrading Treatment or Punishment",,Part I,Article 7,3,Any person regarding whom proceedings are brought in connection with any of the offences referred to in article 4 shall be guaranteed fair treatment at all stages of the proceedings.
"Convention against Torture and Other Cruel, Inhuman or Degrading Treatment or Punishment",,Part I,Article 8,1,The offences referred to in article 4 shall be deemed to be included as extraditable offences in any extradition treaty existing between parties. parties undertake to include such offences as extraditable offences in every extradition treaty to be concluded between them.
"Convention against Torture and Other Cruel, Inhuman or Degrading Treatment or Punishment",,Part I,Article 8,2,"If a party which makes extradition conditional on the existence of a treaty receives a request for extradition from another party with which it has no extradition treaty, it may consider this Convention as the legal basis for extradition in respect of such offences. Extradition shall be subject to the other conditions provided by the law of the requested State."
"Convention against Torture and Other Cruel, Inhuman or Degrading Treatment or Punishment",,Part I,Article 8,3,parties which do not make extradition conditional on the existence of a treaty shall recognize such offences as extraditable offences between themselves subject to the conditions provided by the law of the requested State.
"Convention against Torture and Other Cruel, Inhuman or Degrading Treatment or Punishment",,Part I,Article 8,4,"Such offences shall be treated, for the purpose of extradition between parties, as if they had been committed not only in the place in which they occurred but also in the territories of the States required to establish their jurisdiction in accordance with article 5, paragraph 1."
"Convention against Torture and Other Cruel, Inhuman or Degrading Treatment or Punishment",,Part I,Article 9,1,"parties shall afford one another the greatest measure of assistance in connection with criminal proceedings brought in respect of any of the offences referred to in article 4, including the supply of all evidence at their disposal necessary for the proceedings."
"Convention against Torture and Other Cruel, Inhuman or Degrading Treatment or Punishment",,Part I,Article 9,2,parties shall carry out their obligations under paragraph I of this article in conformity with any treaties on mutual judicial assistance that may exist between them.
"Convention against Torture and Other Cruel, Inhuman or Degrading Treatment or Punishment",,Part I,Article 10,1,"Each party shall ensure that education and information regarding the prohibition against torture are fully included in the training of law enforcement personnel, civil or military, medical personnel, public officials and other persons who may be involved in the custody, interrogation or treatment of any individual subjected to any form of arrest, detention or imprisonment."
"Convention against Torture and Other Cruel, Inhuman or Degrading Treatment or Punishment",,Part I,Article 10,2,Each party shall include this prohibition in the rules or instructions issued in regard to the duties and functions of any such person.
"Convention against Torture and Other Cruel, Inhuman or Degrading Treatment or Punishment",,Part I,Article 11,,"Each party shall keep under systematic review interrogation rules, instructions, methods and practices as well as arrangements for the custody and treatment of persons subjected to any form of arrest, detention or imprisonment in any territory under its jurisdiction, with a view to preventing any cases of torture."
"Convention against Torture and Other Cruel, Inhuman or Degrading Treatment or Punishment",,Part I,Article 12,,"Each party shall ensure that its competent authorities proceed to a prompt and impartial investigation, wherever there is reasonable ground to believe that an act of torture has been committed in any territory under its jurisdiction."
"Convention against Torture and Other Cruel, Inhuman or Degrading Treatment or Punishment",,Part I,Article 13,,"Each party shall ensure that any individual who alleges he has been subjected to torture in any territory under its jurisdiction has the right to complain to, and to have his case promptly and impartially examined by, its competent authorities. Steps shall be taken to ensure that the complainant and witnesses are protected against all ill-treatment or intimidation as a consequence of his complaint or any evidence given."
"Convention against Torture and Other Cruel, Inhuman or Degrading Treatment or Punishment",,Part I,Article 14,1,"Each party shall ensure in its legal system that the victim of an act of torture obtains redress and has an enforceable right to fair and adequate compensation, including the means for as full rehabilitation as possible. In the event of the death of the victim as a result of an act of torture, his dependants shall be entitled to compensation."
"Convention against Torture and Other Cruel, Inhuman or Degrading Treatment or Punishment",,Part I,Article 14,2,Nothing in this article shall affect any right of the victim or other persons to compensation which may exist under national law.
"Convention against Torture and Other Cruel, Inhuman or Degrading Treatment or Punishment",,Part I,Article 15,,"Each party shall ensure that any statement which is established to have been made as a result of torture shall not be invoked as evidence in any proceedings, except against a person accused of torture as evidence that the statement was made."
"Convention against Torture and Other Cruel, Inhuman or Degrading Treatment or Punishment",,Part I,Article 16,1,"Each party shall undertake to prevent in any territory under its jurisdiction other acts of cruel, inhuman or degrading treatment or punishment which do not amount to torture as defined in article I, when such acts are committed by or at the instigation of or with the consent or acquiescence of a public official or other person acting in an official capacity. In particular, the obligations contained in articles 10, 11, 12 and 13 shall apply with the substitution for references to torture of references to other forms of cruel, inhuman or degrading treatment or punishment."
"Convention against Torture and Other Cruel, Inhuman or Degrading Treatment or Punishment",,Part I,Article 16,2,"The provisions of this Convention are without prejudice to the provisions of any other international instrument or national law which prohibits cruel, inhuman or degrading treatment or punishment or which relates to extradition or expulsion."
"Convention against Torture and Other Cruel, Inhuman or Degrading Treatment or Punishment",,PART II,Article 17,1,"There shall be established a Committee against Torture (hereinafter referred to as the Committee) which shall carry out the functions hereinafter provided. The Committee shall consist of ten experts of high moral standing and recognized competence in the field of human rights, who shall serve in their personal capacity. The experts shall be elected by the parties, consideration being given to equitable geographical distribution and to the usefulness of the participation of some persons having legal experience."
"Convention against Torture and Other Cruel, Inhuman or Degrading Treatment or Punishment",,PART II,Article 17,2,The members of the Committee shall be elected by secret ballot from a list of persons nominated by parties. Each party may nominate one person from among its own nationals. parties shall bear in mind the usefulness of nominating persons who are also members of the Human Rights Committee established under the International Covenant on Civil and Political Rights and who are willing to serve on the Committee against Torture.
"Convention against Torture and Other Cruel, Inhuman or Degrading Treatment or Punishment",,PART II,Article 17,3,"Elections of the members of the Committee shall be held at biennial meetings of parties convened by the Secretary-General of the United Nations. At those meetings, for which two thirds of the parties shall constitute a quorum, the persons elected to the Committee shall be those who obtain the largest number of votes and an absolute majority of the votes of the representatives of parties present and voting."
"Convention against Torture and Other Cruel, Inhuman or Degrading Treatment or Punishment",,PART II,Article 17,4,"The initial election shall be held no later than six months after the date of the entry into force of this Convention. At. Ieast four months before the date of each election, the Secretary-General of the United Nations shall address a letter to the parties inviting them to submit their nominations within three months. The Secretary-General shall prepare a list in alphabetical order of all persons thus nominated, indicating the parties which have nominated them, and shall submit it to the parties."
"Convention against Torture and Other Cruel, Inhuman or Degrading Treatment or Punishment",,PART II,Article 17,5,"The members of the Committee shall be elected for a term of four years. They shall be eligible for re-election if renominated. However, the term of five of the members elected at the first election shall expire at the end of two years; immediately after the first election the names of these five members shall be chosen by lot by the chairman of the meeting referred to in paragraph 3 of this article."
"Convention against Torture and Other Cruel, Inhuman or Degrading Treatment or Punishment",,PART II,Article 17,6,"If a member of the Committee dies or resigns or for any other cause can no longer perform his Committee duties, the party which nominated him shall appoint another expert from among its nationals to serve for the remainder of his term, subject to the approval of the majority of the parties. The approval shall be considered given unless half or more of the parties respond negatively within six weeks after having been informed by the Secretary-General of the United Nations of the proposed appointment."
"Convention against Torture and Other Cruel, Inhuman or Degrading Treatment or Punishment",,PART II,Article 17,7,parties shall be responsible for the expenses of the members of the Committee while they are in performance of Committee duties.
"Convention against Torture and Other Cruel, Inhuman or Degrading Treatment or Punishment",,PART II,Article 18,1,The Committee shall elect its officers for a term of two years. They may be re-elected.
"Convention against Torture and Other Cruel, Inhuman or Degrading Treatment or Punishment",,PART II,Article 18,2,"The Committee shall establish its own rules of procedure, but these rules shall provide, inter alia, that:

(a) Six members shall constitute a quorum;

(b) Decisions of the Committee shall be made by a majority vote of the members present."
"Convention against Torture and Other Cruel, Inhuman or Degrading Treatment or Punishment",,PART II,Article 18,3,The Secretary-General of the United Nations shall provide the necessary staff and facilities for the effective performance of the functions of the Committee under this Convention.
"Convention against Torture and Other Cruel, Inhuman or Degrading Treatment or Punishment",,PART II,Article 18,4,"The Secretary-General of the United Nations shall convene the initial meeting of the Committee. After its initial meeting, the Committee shall meet at such times as shall be provided in its rules of procedure."
"Convention against Torture and Other Cruel, Inhuman or Degrading Treatment or Punishment",,PART II,Article 18,5,"The parties shall be responsible for expenses incurred in connection with the holding of meetings of the parties and of the Committee, including reimbursement to the United Nations for any expenses, such as the cost of staff and facilities, incurred by the United Nations pursuant to paragraph 3 of this article."
"Convention against Torture and Other Cruel, Inhuman or Degrading Treatment or Punishment",,PART II,Article 19,1,"The parties shall submit to the Committee, through the Secretary-General of the United Nations, reports on the measures they have taken to give effect to their undertakings under this Convention, within one year after the entry into force of the Convention for the party concerned. Thereafter the parties shall submit supplementary reports every four years on any new measures taken and such other reports as the Committee may request."
"Convention against Torture and Other Cruel, Inhuman or Degrading Treatment or Punishment",,PART II,Article 19,2,The Secretary-General of the United Nations shall transmit the reports to all parties.
"Convention against Torture and Other Cruel, Inhuman or Degrading Treatment or Punishment",,PART II,Article 19,3,Each report shall be considered by the Committee which may make such general comments on the report as it may consider appropriate and shall forward these to the party concerned. That party may respond with any observations it chooses to the Committee.
"Convention against Torture and Other Cruel, Inhuman or Degrading Treatment or Punishment",,PART II,Article 19,4,"The Committee may, at its discretion, decide to include any comments made by it in accordance with paragraph 3 of this article, together with the observations thereon received from the party concerned, in its annual report made in accordance with article 24. If so requested by the party concerned, the Committee may also include a copy of the report submitted under paragraph I of this article."
"Convention against Torture and Other Cruel, Inhuman or Degrading Treatment or Punishment",,PART II,Article 20,1,"If the Committee receives reliable information which appears to it to contain well-founded indications that torture is being systematically practised in the territory of a party, the Committee shall invite that party to co-operate in the examination of the information and to this end to submit observations with regard to the information concerned."
"Convention against Torture and Other Cruel, Inhuman or Degrading Treatment or Punishment",,PART II,Article 20,2,"Taking into account any observations which may have been submitted by the party concerned, as well as any other relevant information available to it, the Committee may, if it decides that this is warranted, designate one or more of its members to make a confidential inquiry and to report to the Committee urgently."
"Convention against Torture and Other Cruel, Inhuman or Degrading Treatment or Punishment",,PART II,Article 20,3,"If an inquiry is made in accordance with paragraph 2 of this article, the Committee shall seek the co-operation of the party concerned. In agreement with that party, such an inquiry may include a visit to its territory."
"Convention against Torture and Other Cruel, Inhuman or Degrading Treatment or Punishment",,PART II,Article 20,4,"After examining the findings of its member or members submitted in accordance with paragraph 2 of this article, the Commission shall transmit these findings to the party concerned together with any comments or suggestions which seem appropriate in view of the situation."
"Convention against Torture and Other Cruel, Inhuman or Degrading Treatment or Punishment",,PART II,Article 20,6,"All the proceedings of the Committee referred to in paragraphs I to 4 of th is article s hall be con fidential , and at all stages of the proceedings the co-operation of the party shall be sought. After such proceedings have been completed with regard to an inquiry made in accordance with paragraph 2, the Committee may, after consultations with the party concerned, decide to include a summary account of the results of the proceedings in its annual report made in accordance with article 24."
"Convention against Torture and Other Cruel, Inhuman or Degrading Treatment or Punishment",,PART II,Article 21,1," A party to this Convention may at any time declare under this article that it recognizes the competence of the Committee to receive and consider communications to the effect that a party claims that another party is not fulfilling its obligations under this Convention. Such communications may be received and considered according to the procedures laid down in this article only if submitted by a party which has made a declaration recognizing in regard to itself the competence of the Committee. No communication shall be dealt with by the Committee under this article if it concerns a party which has not made such a declaration. Communications received under this article shall be dealt with in accordance with the following procedure;
(a) If a party considers that another party is not giving effect to the provisions ofthis Convention, it may, by written communication, bring the matter to the attention of that party. Within three months after the receipt of the communication the receiving State shall afford the State which sent the communication an explanation or any other statement in writing clarifying the matter, which should include, to the extent possible and pertinent, reference to domestic procedures and remedies taken, pending or available in the matter;

(b) If the matter is not adjusted to the satisfaction of both parties concerned within six months after the receipt by the receiving State of the initial communication, either State shall have the right to refer the matter to the Committee, by notice given to the Committee and to the other State;

(c) The Committee shall deal with a matter referred to it under this article only after it has ascertained that all domestic remedies have been invoked and exhausted in the matter, in conformity with the generally recognized principles of international law. This shall not be the rule where the application of the remedies is unreasonably prolonged or is unlikely to bring effective relief to the person who is the victim of the violation of this Convention;

(d) The Committee shall hold closed meetings when examining communications under this article; (e) Subject to the provisions of subparagraph

(e), the Committee shall make available its good offices to the parties concerned with a view to a friendly solution of the matter on the basis of respect for the obligations provided for in this Convention. For this purpose, the Committee may, when appropriate, set up an ad hoc conciliation commission;

(f) In any matter referred to it under this article, the Committee may call upon the parties concerned, referred to in subparagraph (b), to supply any relevant information;

(g) The parties concerned, referred to in subparagraph (b), shall have the right to be represented when the matter is being considered by the Committee and to make submissions orally and/or in writing;

(h) The Committee shall, within twelve months after the date of receipt of notice under subparagraph (b), submit a report:

(i) If a solution within the terms of subparagraph (e) is reached, the Committee shall confine its report to a brief statement of the facts and of the solution reached;

(ii) If a solution within the terms of subparagraph (e) is not reached, the Committee shall confine its report to a brief statement of the facts; the written submissions and record of the oral submissions made by the parties concerned shall be attached to the report.

In every matter, the report shall be communicated to the parties concerned."
"Convention against Torture and Other Cruel, Inhuman or Degrading Treatment or Punishment",,PART II,Article 21,2,"The provisions of this article shall come into force when five parties to this Convention have made declarations under paragraph 1 of this article. Such declarations shall be deposited by the parties with the Secretary-General of the United Nations, who shall transmit copies thereof to the other parties. A declaration may be withdrawn at any time by notification to the Secretary-General. Such a withdrawal shall not prejudice the consideration of any matter which is the subject of a communication already transmitted under this article; no further communication by any party shall be received under this article after the notification of withdrawal of the declaration has been received by the Secretary-General, unless the party concerned has made a new declaration."
"Convention against Torture and Other Cruel, Inhuman or Degrading Treatment or Punishment",,PART II,Article 22,1,A party to this Convention may at any time declare under this article that it recognizes the competence of the Committee to receive and consider communications from or on behalf of individuals subject to its jurisdiction who claim to be victims of a violation by a party of the provisions of the Convention. No communication shall be received by the Committee if it concerns a party which has not made such a declaration.
"Convention against Torture and Other Cruel, Inhuman or Degrading Treatment or Punishment",,PART II,,2,The Committee shall consider inadmissible any communication under this article which is anonymous or which it considers to be an abuse of the right of submission of such communications or to be incompatible with the provisions of this Convention.
"Convention against Torture and Other Cruel, Inhuman or Degrading Treatment or Punishment",,PART II,,3,"Subject to the provisions of paragraph 2, the Committee shall bring any communications submitted to it under this article to the attention of the party to this Convention which has made a declaration under paragraph I and is alleged to be violating any provisions of the Convention. Within six months, the receiving State shall submit to the Committee written explanations or statements clarifying the matter and the remedy, if any, that may have been taken by that State."
"Convention against Torture and Other Cruel, Inhuman or Degrading Treatment or Punishment",,PART II,,4,"The Committee shall consider communications received under this article in the light of all information made available to it by or on behalf of the individual and by the party concerned. 5. The Committee shall not consider any communications from an individual under this article unless it has ascertained that:

(a) The same matter has not been, and is not being, examined under another procedure of international investigation or settlement;

(b) The individual has exhausted all available domestic remedies; this shall not be the rule where the application of the remedies is unreasonably prolonged or is unlikely to bring effective reliefto the person who is the victim of the violation of this Convention."
"Convention against Torture and Other Cruel, Inhuman or Degrading Treatment or Punishment",,PART II,,6,The Committee shall hold closed meetings when examining communications under this article.
"Convention against Torture and Other Cruel, Inhuman or Degrading Treatment or Punishment",,PART II,,7,The Committee shall forward its views to the party concerned and to the individual.
"Convention against Torture and Other Cruel, Inhuman or Degrading Treatment or Punishment",,PART II,,8,"The provisions of this article shall come into force when five parties to this Convention have made declarations under paragraph 1 of this article. Such declarations shall be deposited by the parties with the Secretary-General of the United Nations, who shall transmit copies thereof to the other parties. A declaration may be withdrawn at any time by notification to the Secretary-General. Such a withdrawal shall not prejudice the consideration of any matter which is the subject of a communication already transmitted under this article; no further communication by or on behalf of an individual shall be received under this article after the notification of withdrawal of the declaration has been received by the SecretaryGeneral, unless the party has made a new declaration."
"Convention against Torture and Other Cruel, Inhuman or Degrading Treatment or Punishment",,PART II,Article 23,,"The members of the Committee and of the ad hoc conciliation commissions which may be appointed under article 21, paragraph I (e), shall be entitled to the facilities, privileges and immunities of experts on mission for the United Nations as laid down in the relevant sections of the Convention on the Privileges and Immunities of the United Nations."
"Convention against Torture and Other Cruel, Inhuman or Degrading Treatment or Punishment",,PART II,Article 24,,The Committee shall submit an annual report on its activities under this Convention to the parties and to the General Assembly of the United Nations.
"Convention against Torture and Other Cruel, Inhuman or Degrading Treatment or Punishment",,PART III,Article 25,,This Convention is open for signature by all States. 2. This Convention is subject to ratification. Instruments of ratification shall be deposited with the Secretary-General of the United Nations.
"Convention against Torture and Other Cruel, Inhuman or Degrading Treatment or Punishment",,PART III,Article 26,,This Convention is open to accession by all States. Accession shall be effected by the deposit of an instrument of accession with the SecretaryGeneral of the United Nations.
"Convention against Torture and Other Cruel, Inhuman or Degrading Treatment or Punishment",,PART III,Article 27,1,This Convention shall enter into force on the thirtieth day after the date of the deposit with the Secretary-General of the United Nations of the twentieth instrument of ratification or accession.
"Convention against Torture and Other Cruel, Inhuman or Degrading Treatment or Punishment",,PART III,Article 27,2,"For each State ratifying this Convention or acceding to it after the deposit of the twentieth instrument of ratification or accession, the Convention shall enter into force onthe thirtieth day after the date of the deposit of its own instrument of ratification or accession."
"Convention against Torture and Other Cruel, Inhuman or Degrading Treatment or Punishment",,PART III,Article 28,1,"Each State may, at the time of signature or ratification of this Convention or accession thereto, declare that it does not recognize the competence of the Committee provided for in article 20."
"Convention against Torture and Other Cruel, Inhuman or Degrading Treatment or Punishment",,PART III,Article 28,2,"Any party having made a reservation in accordance with paragraph I of this article may, at any time, withdraw this reservation by notification to the Secretary-General of the United Nations."
"Convention against Torture and Other Cruel, Inhuman or Degrading Treatment or Punishment",,PART III,Article 29,1,"Any party to this Convention may propose an amendment and file it with the Secretary-General of the United Nations. The SecretaryGeneral shall thereupon communicate the proposed amendment to the parties with a request that they notify him whether they favour a conference of parties for the purpose of considering an d voting upon the proposal. In the event that within four months from the date of such communication at least one third of the parties favours such a conference, the SecretaryGeneral shall convene the conference under the auspices of the United Nations. Any amendment adopted by a majority of the parties present and voting at the conference shall be submitted by the Secretary-General to all the parties for acceptance."
"Convention against Torture and Other Cruel, Inhuman or Degrading Treatment or Punishment",,PART III,Article 29,2,An amendment adopted in accordance with paragraph I of this article shall enter into force when two thirds of the parties to this Convention have notified the Secretary-General of the United Nations that they have accepted it in accordance with their respective constitutional processes.
"Convention against Torture and Other Cruel, Inhuman or Degrading Treatment or Punishment",,PART III,Article 29,3,"When amendments enter into force, they shall be binding on those parties which have accepted them, other parties still being bound by the provisions of this Convention and any earlier amendments which they have accepted."
"Convention against Torture and Other Cruel, Inhuman or Degrading Treatment or Punishment",,PART III,Article 30,1,"Any dispute between two or more parties concerning the interpretation or application of this Convention which cannot be settled through negotiation shall, at the request of one of them, be submitted to arbitration. If within six months from thc date of the request for arbitration the Parties are unable to agree on the organization of the arbitration, any one of those Parties may refer the dispute to the International Court of Justice by request in conformity with the Statute of the Court."
"Convention against Torture and Other Cruel, Inhuman or Degrading Treatment or Punishment",,PART III,Article 30,2,"Each State may, at the time of signature or ratification of this Con vention or accession thereto, declare that it does not consider itself bound by paragraph I of this article. The other parties shall not be bound by paragraph I of this article with respect to any party having made such a reservation."
"Convention against Torture and Other Cruel, Inhuman or Degrading Treatment or Punishment",,PART III,Article 30,3,Any party having made a reservation in accordance with paragraph 2 of this article may at any time withdraw this reservation by notification to the Secretary-General of the United Nations.
"Convention against Torture and Other Cruel, Inhuman or Degrading Treatment or Punishment",,PART III,Article 31,1,A party may denounce this Convention by written notification to the Secretary-General of the United Nations. Denunciation becomes effective one year after the date of receipt of- the notification by the Secretary-General .
"Convention against Torture and Other Cruel, Inhuman or Degrading Treatment or Punishment",,PART III,Article 31,2,"Such a denunciation shall not have the effect of releasing the party from its obligations under this Convention in regard to any act or omission which occurs prior to the date at which the denunciation becomes effective, nor shall denunciation prejudice in any way the continued consideration of any matter which is already under consideration by the Committee prior to the date at which the denunciation becomes effective."
"Convention against Torture and Other Cruel, Inhuman or Degrading Treatment or Punishment",,PART III,Article 31,3,"Following the date at which the denunciation of a party becomes effective, the Committee shall not commence consideration of any new matter regarding that State."
"Convention against Torture and Other Cruel, Inhuman or Degrading Treatment or Punishment",,PART III,Article 32,,"The Secretary-General of the United Nations shall inform all States Members of the United Nations and all States which have signed this Convention or acceded to it of the following:
(a) Signatures, ratifications and accessions under articles 25 and 26;

(b) The date of entry into force of this Convention under article 27 and the date of the entry into force of any amendments under article 29;"
"Convention against Torture and Other Cruel, Inhuman or Degrading Treatment or Punishment",,PART III,Article 33,1,"This Convention, of which the Arabic, Chinese, English, French, Russian and Spanish texts are equally authentic, shall be deposited with the Secretary-General of the United Nations."
"Convention against Torture and Other Cruel, Inhuman or Degrading Treatment or Punishment",,PART III,Article 33,2,The Secretary-General of the United Nations shall transmit certified copies of this Convention to all States.
"Equal Remuneration Convention, 1951 (No. 100)",29 June 1951,URI,https://www.ohchr.org/en/instruments-mechanisms/instruments/equal-remuneration-convention-1951-no-100,,
"Equal Remuneration Convention, 1951 (No. 100)",,,Preamble,,"The General Conference of the International Labour Organisation,

Having been convened at Geneva by the Governing Body of the International Labour Office, and having met in its thirty-fourth session on 6 June 1951, and

Having decided upon the adoption of certain proposals with regard to the principle of equal remuneration for men and women workers for work of equal value, which is the seventh item on the agenda of the session, and

Having determined that these proposals shall take the form of an international Convention,

Adopts this twenty-ninth day of June of the year one thousand nine hundred and fifty-one the following Convention, which may be cited as the Equal Remuneration Convention, 1951:"
"Equal Remuneration Convention, 1951 (No. 100)",,,Article 1,,"For the purpose of this Convention:

(a) The term ""remuneration"" includes the ordinary, basic or minimum wage or salary and any additional emoluments whatsoever payable directly or indirectly, whether in cash or in kind, by the employer to the worker and arising out of the worker's employment;

(b) The term ""equal remuneration for men and women workers for work of equal value"" refers to rates of remuneration established without discrimination based on sex."
"Equal Remuneration Convention, 1951 (No. 100)",,,Article 2,1,"Each Member shall, by means appropriate to the methods in operation for determining rates of remuneration, promote and, in so far as is consistent with such methods, ensure the application to all workers of the principle of equal remuneration for men and women workers for work of equal value."
"Equal Remuneration Convention, 1951 (No. 100)",,,Article 2,2,"This principle may be applied by means of:

(a) National laws or regulations;

(b) Legally established or recognised machinery for wage determination;

(c) Collective agreements between employers and workers; or

(d) A combination of these various means."
"Equal Remuneration Convention, 1951 (No. 100)",,,Article 3,1,"Where such action will assist in giving effect to the provisions of this Convention, measures shall be taken to promote objective appraisal of jobs on the basis of the work to be performed."
"Equal Remuneration Convention, 1951 (No. 100)",,,,2,"The methods to be followed in this appraisal may be decided upon by the authorities responsible for the determination of rates of remuneration, or, where such rates are determined by collective agreements, by the parties thereto."
"Equal Remuneration Convention, 1951 (No. 100)",,,,3,"Differential rates between workers, which correspond, without regard to sex, to differences, as determined by such objective appraisal, in the work to be performed, shall not be considered as being contrary to the principle of equal remuneration for men and women workers for work of equal value."
"Equal Remuneration Convention, 1951 (No. 100)",,,Article 4,,Each Member shall co-operate as appropriate with the employers' and workers' organisations concerned for the purpose of giving effect to the provisions of this Convention.
"Equal Remuneration Convention, 1951 (No. 100)",,,Article 5,,The formal ratification of this Convention shall be communicated to the Director-General of the International Labour Office for registration.
"Equal Remuneration Convention, 1951 (No. 100)",,,Article 6,1,This Convention shall be binding only upon those Members of the International Labour Organisation whose ratifications have been registered with the Director-General.
"Equal Remuneration Convention, 1951 (No. 100)",,,Article 6,2,It shall come into force twelve months after the date on which the ratifications of two Members have been registered with the Director-General.
"Equal Remuneration Convention, 1951 (No. 100)",,,Article 6,3,"Thereafter, this Convention shall come into force for any Member twelve months after the date on which its ratification has been registered."
"Equal Remuneration Convention, 1951 (No. 100)",,,Article 7,1,"Declarations communicated to the Director-General of the International Labour Office in accordance with paragraph 2 of article 35 of the Constitution of the International Labour Organisation shall indicate:

(a) The territories in respect of which the Member concerned undertakes that the provisions of the Convention shall be applied without modification;

(b) The territories in respect of which it undertakes that the provisions of the Convention shall be applied subject to modifications, together with details of the said modifications;

(c) The territories in respect of which the Convention is inapplicable and in such cases the grounds on which it is inapplicable;

d) The territories in respect of which it reserves its decisions pending further consideration of the position."
"Equal Remuneration Convention, 1951 (No. 100)",,,Article 7,2,The undertakings referred to in subparagraphs (a) and (b) of paragraph 1 of this article shall be deemed to be an integral part of the ratification and shall have the force of ratification.
"Equal Remuneration Convention, 1951 (No. 100)",,,Article 7,3,"Any member may at any time by a subsequent declaration cancel in whole or in part any reservation made in its original declaration by virtue of subparagraphs (b), (c) or (d) of paragraph 1 of this article."
"Equal Remuneration Convention, 1951 (No. 100)",,,Article 7,4,"Any Member may, at any time at which the Convention is subject to denunciation in accordance with the provisions of article 9, communicate to the Director-General a declaration modifying in any other respect the terms of any former declaration and stating the present position in respect of such territories as it may specify."
"Equal Remuneration Convention, 1951 (No. 100)",,,Article 8,1,"Declarations communicated to the Director-General of the International Labour Office in accordance with paragraphs 4 and 5 of article 35 of the Constitution of the International Labour Organisation shall indicate whether the provisions of the Convention will be applied in the territory concerned without modification or subject to modification; when the declaration indicates that the provisions of the Convention will be applied subject to modification, it shall give details of the said modifications."
"Equal Remuneration Convention, 1951 (No. 100)",,,Article 8,2,"The Member, Members or international authority concerned may at any time by a subsequent declaration renounce in whole or in part the right to have recourse to any modification indicated in any former declaration."
"Equal Remuneration Convention, 1951 (No. 100)",,,Article 8,3,"The Member, Members or international authority concerned may, at any time at which this Convention is subject to denunciation in accordance with the provisions of article 9, communicate to the Director-General a declaration modifying in any other respect the terms of any former declaration and stating the present position in respect of the application of the Convention."
"Equal Remuneration Convention, 1951 (No. 100)",,,Article 9,1,"A Member which has ratified this Convention may denounce it after the expiration of ten years from the date on which the Convention first comes into force, by an act communicated to the Director-General of the International Labour Office for registration. Such denunciation shall not take effect until one year after the date on which it is registered."
"Equal Remuneration Convention, 1951 (No. 100)",,,Article 9,2,"Each Member which has ratified this Convention and which does not, within the year following the expiration of the period of ten years mentioned in the preceding paragraph, exercise the right of denunciation provided for in this article, will be bound for another period of ten years and, thereafter, may denounce this Convention at the expiration of each period of ten years under the terms provided for in this article."
"Equal Remuneration Convention, 1951 (No. 100)",,,Article 10,1,"The Director-General of the International Labour Office shall notify all Members of the International Labour Organisation of the registration of all ratifications, declarations and denunciations communicated to him by the Members of the Organisation."
"Equal Remuneration Convention, 1951 (No. 100)",,,Article 10,2,"When notifying the Members of the Organisation of the registration of the second ratification communicated to him, the Director-General shall draw the attention of the Members of the Organisation to the date upon which the Convention will come into force."
"Equal Remuneration Convention, 1951 (No. 100)",,,Article 11,,"The Director-General of the International Labour Office shall communicate to the Secretary-General of the United Nations for registration in accordance with Article 102 of the Charter of the United Nations full particulars of all ratifications, declarations and acts of denunciation registered by him in accordance with the provisions of the preceding articles."
"Equal Remuneration Convention, 1951 (No. 100)",,,Article 12,,"At such times as it may consider necessary, the Governing Body of the International Labour Office shall present to the General Conference a report on the working of this Convention and shall examine the desirability of placing on the agenda of the Conference the question of its revision in whole or in part."
"Equal Remuneration Convention, 1951 (No. 100)",,,Article 13,1,"Should the Conference adopt a new Convention revising this Convention in whole or in part, then, unless the new Convention otherwise provides:

(a) The ratification by a Member of the new revising Convention shall ipso jure involve the immediate denunciation of this Convention, notwithstanding the provisions of article 9 above, if and when the new revising Convention shall have come into force;

(b) As from the date when the new revising Convention comes into force this Convention shall cease to be open to ratification by the Members."
"Equal Remuneration Convention, 1951 (No. 100)",,,Article 13,2,This Convention shall in any case remain in force in its actual form and content for those Members which have ratified it but have not ratified the revising Convention.
"Equal Remuneration Convention, 1951 (No. 100)",,,Article 14,,"The English and French versions of the text of this Convention are equally authoritative.

The foregoing is the authentic text of the Convention duly adopted by the General Conference of the International Labour Organisation during its thirty-fourth session which was held at Geneva and declared closed the twenty-ninth day of June 1951.

In faith whereof we have appended our signatures this second day of August 1951."
Universal Declaration on Cultural Diversity,02 November 2001,URI:,https://www.ohchr.org/en/instruments-mechanisms/instruments/universal-declaration-cultural-diversity,,
Universal Declaration on Cultural Diversity,,,Preamble,,"The General Conference ,

Committed to the full implementation of the human rights and fundamental freedoms proclaimed in the Universal Declaration of Human Rights and other universally recognized legal instruments, such as the two International Covenants of 1966 relating respectively to civil and political rights and to economic, social and cultural rights,

Recalling that the Preamble to the Constitution of UNESCO affirms ""that the wide diffusion of culture, and the education of humanity for justice and liberty and peace are indispensable to the dignity of man and constitute a sacred duty which all the nations must fulfil in a spirit of mutual assistance and concern"",

Further recalling Article 1 of the Constitution, which assigns to UNESCO among other purposes that of recommending ""such international agreements as may be necessary to promote the free flow of ideas by word and image"",

Referring to the provisions relating to cultural diversity and the exercise of cultural rights in the international instruments enacted by UNESCO, 1

Reaffirming that culture should be regarded as the set of distinctive spiritual, material, intellectual and emotional features of society or a social group, and that it encompasses, in addition to art and literature, lifestyles, ways of living together, value systems, traditions and beliefs, 2

Noting that culture is at the heart of contemporary debates about identity, social cohesion, and the development of a knowledge-based economy,

Affirming that respect for the diversity of cultures, tolerance, dialogue and cooperation, in a climate of mutual trust and understanding are among the best guarantees of international peace and security,

Aspiring to greater solidarity on the basis of recognition of cultural diversity, of awareness of the unity of humankind, and of the development of intercultural exchanges,

Considering that the process of globalization, facilitated by the rapid development of new information and communication technologies, though representing a challenge for cultural diversity, creates the conditions for renewed dialogue among cultures and civilizations,

Aware of the specific mandate which has been entrusted to UNESCO, within the United Nations system, to ensure the preservation and promotion of the fruitful diversity of cultures,

Proclaims the following principles and adopts the present Declaration:"
Universal Declaration on Cultural Diversity,"Identity, diversity and pluralism",Article 1,Cultural diversity: the common heritage of humanity,,"Culture takes diverse forms across time and space. This diversity is embodied in the uniqueness and plurality of the identities of the groups and societies making up humankind. As a source of exchange, innovation and creativity, cultural diversity is as necessary for humankind as biodiversity is for nature. In this sense, it is the common heritage of humanity and should be recognized and affirmed for the benefit of present and future generations."
Universal Declaration on Cultural Diversity,"Identity, diversity and pluralism",Article 2,From cultural diversity to cultural pluralism,,"In our increasingly diverse societies, it is essential to ensure harmonious interaction among people and groups with plural, varied and dynamic cultural identities as well as their willingness to live together. Policies for the inclusion and participation of all citizens are guarantees of social cohesion, the vitality of civil society and peace. Thus defined, cultural pluralism gives policy expression to the reality of cultural diversity. Indissociable from a democratic framework, cultural pluralism is conducive to cultural exchange and to the flourishing of creative capacities that sustain public life."
Universal Declaration on Cultural Diversity,v,Article 3,Cultural diversity as a factor in development,,"Cultural diversity widens the range of options open to everyone; it is one of the roots of development, understood not simply in terms of economic growth, but also as a means to achieve a more satisfactory intellectual, emotional, moral and spiritual existence."
Universal Declaration on Cultural Diversity,Cultural diversity and human rights,Article 4,Human rights as guarantees of cultural diversity,,"The defence of cultural diversity is an ethical imperative, inseparable from respect for human dignity. It implies a commitment to human rights and fundamental freedoms, in particular the rights of persons belonging to minorities and those of indigenous peoples. No one may invoke cultural diversity to infringe upon human rights guaranteed by international law, nor to limit their scope."
Universal Declaration on Cultural Diversity,Cultural diversity and human rights,Article 5,Cultural rights as an enabling environment for cultural diversity,,"Cultural rights are an integral part of human rights, which are universal, indivisible and interdependent. The flourishing of creative diversity requires the full implementation of cultural rights as defined in Article 27 of the Universal Declaration of Human Rights and in Articles 13 and 15 of the International Covenant on Economic, Social and cultural Rights. All persons should therefore be able to express themselves and to create and disseminate their work in the language of their choice, and particularly in their mother tongue; all persons should be entitled to quality education and training that fully respect their cultural identity; and all persons have the right to participate in the cultural life of their choice and conduct their own cultural practices, subject to respect for human rights and fundamental freedoms."
Universal Declaration on Cultural Diversity,Cultural diversity and human rights,Article 6,Towards access for all to cultural diversity,,"While ensuring the free flow of ideas by word and image, care should be exercised so that all cultures can express themselves and make themselves known. Freedom of expression, media pluralism, multilingualism, equal access to art and to scientific and technological knowledge, including in digital form, and the possibility for all cultures to have access to the means of expression and dissemination are the guarantees of cultural diversity."
Universal Declaration on Cultural Diversity,Cultural diversity and creativity,Article 7,Cultural heritage as the wellspring of creativity,,"Creation draws on the roots of cultural tradition, but flourishes in contact with other cultures. For this reason, heritage in all its forms must be preserved, enhanced and handed on to future generations as a record of human experience and aspirations, so as to foster creativity in all its diversity and to inspire genuine dialogue among cultures."
Universal Declaration on Cultural Diversity,Cultural diversity and creativity,Article 8,Cultural goods and services: commodities of a unique kind,,"In the face of present-day economic and technological change, opening up vast prospects for creation and innovation, particular attention must be paid to the diversity of the supply of creative work, to due recognition of the rights of authors and artists and to the specificity of cultural goods and services which, as vectors of identity, values and meaning, must not be treated as mere commodities or consumer goods."
Universal Declaration on Cultural Diversity,Cultural diversity and creativity,Article 9,Cultural policies as catalysts of creativity,,"While ensuring the free circulation of ideas and works, cultural policies must create conditions conducive to the production and dissemination of diversified cultural goods and services through cultural industries that have the means to assert themselves at the local and global level. It is for each State, with due regard to its international obligations, to define its cultural policy and to implement it through the means it considers fit, whether by operational support or appropriate regulations."
Universal Declaration on Cultural Diversity,Cultural diversity and international solidarity,Article 10,Strengthening capacities for creation and dissemination worldwide,,"In the face of current imbalances in flows and exchanges of cultural goods and services at the global level, it is necessary to reinforce international cooperation and solidarity aimed at enabling all countries, especially developing countries and countries in transition, to establish cultural industries that are viable and competitive at national and international level."
Universal Declaration on Cultural Diversity,Cultural diversity and international solidarity,Article 11,"Building partnerships between the public sector, the private sector and civil society",,"Market forces alone cannot guarantee the preservation and promotion of cultural diversity, which is the key to sustainable human development. From this perspective, the pre-eminence of public policy, in partnership with the private sector and civil society, must be reaffirmed."
Universal Declaration on Cultural Diversity,Cultural diversity and international solidarity,Article 12,The role of UNESCO,,"UNESCO, by virtue of its mandate and functions, has the responsibility to:

(a) Promote the incorporation of the principles set out in the present Declaration into the development strategies drawn up within the various intergovernmental bodies;

(b) Serve as a reference point and a forum where States, international governmental and non-governmental organizations, civil society and the private sector may join together in elaborating concepts, objectives and policies in favour of cultural diversity;

(c) Pursue its activities in standard-setting, awareness-raising and capacity-building in the areas related to the present Declaration within its fields of competence;

(d) Facilitate the implementation of the Action Plan, the main lines of which are appended to the present Declaration."
"United Nations Millennium Declaration",08 September 2000,URI:,https://www.ohchr.org/en/instruments-mechanisms/instruments/united-nations-millennium-declaration,,
"United Nations Millennium Declaration",I.,Values and principles,,1,"We, heads of State and Government, have gathered at United Nations Headquarters in New York from 6 to 8 September 2000, at the dawn of a new millennium, to reaffirm our faith in the Organization and its Charter as indispensable foundations of a more peaceful, prosperous and just world."
"United Nations Millennium Declaration",I.,Values and principles,,2,"We recognize that, in addition to our separate responsibilities to our individual societies, we have a collective responsibility to uphold the principles of human dignity, equality and equity at the global level. As leaders we have a duty therefore to all the world's people, especially the most vulnerable and, in particular, the children of the world, to whom the future belongs."
"United Nations Millennium Declaration",I.,Values and principles,,3,"We reaffirm our commitment to the purposes and principles of the Charter of the United Nations, which have proved timeless and universal. Indeed, their relevance and capacity to inspire have increased, as nations and peoples have become increasingly interconnected and interdependent."
"United Nations Millennium Declaration",I.,Values and principles,,4,"We are determined to establish a just and lasting peace all over the world in accordance with the purposes and principles of the Charter. We rededicate ourselves to support all efforts to uphold the sovereign equality of all States, respect for their territorial integrity and political independence, resolution of disputes by peaceful means and in conformity with the principles of justice and international law, the right to self-determination of peoples which remain under colonial domination and foreign occupation, non-interference in the internal affairs of States, respect for human rights and fundamental freedoms, respect for the equal rights of all without distinction as to race, sex, language or religion and international cooperation in solving international problems of an economic, social, cultural or humanitarian character."
"United Nations Millennium Declaration",I.,Values and principles,,5,"We believe that the central challenge we face today is to ensure that globalization becomes a positive force for all the world's people. For while globalization offers great opportunities, at present its benefits are very unevenly shared, while its costs are unevenly distributed. We recognize that developing countries and countries with economies in transition face special difficulties in responding to this central challenge. Thus, only through broad and sustained efforts to create a shared future, based upon our common humanity in all its diversity, can globalization be made fully inclusive and equitable. These efforts must include policies and measures, at the global level, which correspond to the needs of developing countries and economies in transition and are formulated and implemented with their effective participation."
"United Nations Millennium Declaration",I.,Values and principles,,6,"We consider certain fundamental values to be essential to international relations in the twenty-first century. These include:

Freedom. Men and women have the right to live their lives and raise their children in dignity, free from hunger and from the fear of violence, oppression or injustice. Democratic and participatory governance based on the will of the people best assures these rights.
Equality. No individual and no nation must be denied the opportunity to benefit from development. The equal rights and opportunities of women and men must be assured.
Solidarity. Global challenges must be managed in a way that distributes the costs and burdens fairly in accordance with basic principles of equity and social justice. Those who suffer or who benefit least deserve help from those who benefit most.
Tolerance. Human beings must respect one other, in all their diversity of belief, culture and language. Differences within and between societies should be neither feared nor repressed, but cherished as a precious asset of humanity. A culture of peace and dialogue among all civilizations should be actively promoted.
Respect for nature. Prudence must be shown in the management of all living species and natural resources, in accordance with the precepts of sustainable development. Only in this way can the immeasurable riches provided to us by nature be preserved and passed on to our descendants. The current unsustainable patterns of production and consumption must be changed in the interest of our future welfare and that of our descendants.
Shared responsibility. Responsibility for managing worldwide economic and social development, as well as threats to international peace and security, must be shared among the nations of the world and should be exercised multilaterally. As the most universal and most representative organization in the world, the United Nations must play the central role."
"United Nations Millennium Declaration",I.,Values and principles,,7," In order to translate these shared values into actions, we have identified key objectives to which we assign special significance."
"United Nations Millennium Declaration",II.,"Peace, security and disarmament",,8,"We will spare no effort to free our peoples from the scourge of war, whether within or between States, which has claimed more than 5 million lives in the past decade. We will also seek to eliminate the dangers posed by weapons of mass destruction."
"United Nations Millennium Declaration",II.,"Peace, security and disarmament",,9,"We resolve therefore:

To strengthen respect for the rule of law in international as in national affairs and, in particular, to ensure compliance by member parties with the decisions of the International Court of Justice, in compliance with the Charter of the United Nations, in cases to which they are parties.
To make the United Nations more effective in maintaining peace and security by giving it the resources and tools it needs for conflict prevention, peaceful resolution of disputes, peacekeeping, post-conflict peace-building and reconstruction. In this context, we take note of the report of the Panel on United Nations Peace Operations and request the General Assembly to consider its recommendations expeditiously.
To strengthen cooperation between the United Nations and regional organizations, in accordance with the provisions of Chapter VIII of the Charter.
To ensure the implementation, by parties, of treaties in areas such as arms control and disarmament and of international humanitarian law and human rights law, and call upon all States to consider signing and ratifying the Rome Statute of the International Criminal Court.
To take concerted action against international terrorism, and to accede as soon as possible to all the relevant international conventions.
To redouble our efforts to implement our commitment to counter the world drug problem.
To intensify our efforts to fight transnational crime in all its dimensions, including trafficking as well as smuggling in human beings and money laundering.
To minimize the adverse effects of United Nations economic sanctions on innocent populations, to subject such sanctions regimes to regular reviews and to eliminate the adverse effects of sanctions on third parties.
To strive for the elimination of weapons of mass destruction, particularly nuclear weapons, and to keep all options open for achieving this aim, including the possibility of convening an international conference to identify ways of eliminating nuclear dangers.
To take concerted action to end illicit traffic in small arms and light weapons, especially by making arms transfers more transparent and supporting regional disarmament measures, taking account of all the recommendations of the forthcoming United Nations Conference on Illicit Trade in Small Arms and Light Weapons.
To call on all States to consider acceding to the Convention on the Prohibition of the Use, Stockpiling, Production and Transfer of Anti-personnel Mines and on Their Destruction, as well as the amended mines protocol to the Convention on conventional weapons."
"United Nations Millennium Declaration",II.,"Peace, security and disarmament",,10,"We urge member parties to observe the Olympic Truce, individually and collectively, now and in the future, and to support the International Olympic Committee in its efforts to promote peace and human understanding through sport and the Olympic Ideal."
"United Nations Millennium Declaration",III.,Development and poverty eradication,,11,"We will spare no effort to free our fellow men, women and children from the abject and dehumanizing conditions of extreme poverty, to which more than a billion of them are currently subjected. We are committed to making the right to development a reality for everyone and to freeing the entire human race from want."
"United Nations Millennium Declaration",III.,Development and poverty eradication,,12,We resolve therefore to create an environment - at the national and global levels alike - which is conducive to development and to the elimination of poverty.
"United Nations Millennium Declaration",III.,Development and poverty eradication,,13,"Success in meeting these objectives depends, inter alia , on good governance within each country. It also depends on good governance at the international level and on transparency in the financial, monetary and trading systems. We are committed to an open, equitable, rule-based, predictable and non-discriminatory multilateral trading and financial system."
"United Nations Millennium Declaration",III.,Development and poverty eradication,,14,"We are concerned about the obstacles developing countries face in mobilizing the resources needed to finance their sustained development. We will therefore make every effort to ensure the success of the High-level International and Intergovernmental Event on Financing for Development, to be held in 2001."
"United Nations Millennium Declaration",III.,Development and poverty eradication,,15,"We also undertake to address the special needs of the least developed countries. In this context, we welcome the Third United Nations Conference on the Least Developed Countries to be held in May 2001 and will endeavour to ensure its success. We call on the industrialized countries:

To adopt, preferably by the time of that Conference, a policy of duty- and quota-free access for essentially all exports from the least developed countries;
To implement the enhanced programme of debt relief for the heavily indebted poor countries without further delay and to agree to cancel all official bilateral debts of those countries in return for their making demonstrable commitments to poverty reduction; and
To grant more generous development assistance, especially to countries that are genuinely making an effort to apply their resources to poverty reduction."
"United Nations Millennium Declaration",III.,Development and poverty eradication,,16,"We are also determined to deal comprehensively and effectively with the debt problems of low- and middle-income developing countries, through various national and international measures designed to make their debt sustainable in the long term."
"United Nations Millennium Declaration",III.,Development and poverty eradication,,17,"We also resolve to address the special needs of small island developing States, by implementing the Barbados Programme of Action and the outcome of the twenty-second special session of the General Assembly rapidly and in full. We urge the international community to ensure that, in the development of a vulnerability index, the special needs of small island developing States are taken into account."
"United Nations Millennium Declaration",III.,Development and poverty eradication,,18,"We recognize the special needs and problems of the landlocked developing countries, and urge both bilateral and multilateral donors to increase financial and technical assistance to this group of countries to meet their special development needs and to help them overcome the impediments of geography by improving their transit transport systems."
"United Nations Millennium Declaration",III.,Development and poverty eradication,,19,"We resolve further:

To halve, by the year 2015, the proportion of the world's people whose income is less than one dollar a day and the proportion of people who suffer from hunger and, by the same date, to halve the proportion of people who are unable to reach or to afford safe drinking water.
To ensure that, by the same date, children everywhere, boys and girls alike, will be able to complete a full course of primary schooling and that girls and boys will have equal access to all levels of education.
By the same date, to have reduced maternal mortality by three quarters, and under-five child mortality by two thirds, of their current rates.
To have, by then, halted, and begun to reverse, the spread of HIV/AIDS, the scourge of malaria and other major diseases that afflict humanity.
To provide special assistance to children orphaned by HIV/AIDS.
By 2020, to have achieved a significant improvement in the lives of at least 100 million slum dwellers as proposed in the ""Cities Without Slums"" initiative."
"United Nations Millennium Declaration",III.,Development and poverty eradication,,20,"We also resolve:

To promote gender equality and the empowerment of women as effective ways to combat poverty, hunger and disease and to stimulate development that is truly sustainable.
To develop and implement strategies that give young people everywhere a real chance to find decent and productive work.
To encourage the pharmaceutical industry to make essential drugs more widely available and affordable by all who need them in developing countries.
To develop strong partnerships with the private sector and with civil society organizations in pursuit of development and poverty eradication.
To ensure that the benefits of new technologies, especially information and communication technologies, in conformity with recommendations contained in the ECOSOC 2000 Ministerial Declaration, are available to all."
"United Nations Millennium Declaration",IV.,Protecting our common environment,,21,"We must spare no effort to free all of humanity, and above all our children and grandchildren, from the threat of living on a planet irredeemably spoilt by human activities, and whose resources would no longer be sufficient for their needs."
"United Nations Millennium Declaration",IV.,Protecting our common environment,,22,"We reaffirm our support for the principles of sustainable development, including those set out in Agenda 21, agreed upon at the United Nations Conference on Environment and Development."
"United Nations Millennium Declaration",IV.,Protecting our common environment,,23,"We resolve therefore to adopt in all our environmental actions a new ethic of conservation and stewardship and, as first steps, we resolve:

To make every effort to ensure the entry into force of the Kyoto Protocol, preferably by the tenth anniversary of the United Nations Conference on Environment and Development in 2002, and to embark on the required reduction in emissions of greenhouse gases.
To intensify our collective efforts for the management, conservation and sustainable development of all types of forests.
To press for the full implementation of the Convention on Biological Diversity and the Convention to Combat Desertification in those Countries Experiencing Serious Drought and/or Desertification, particularly in Africa.
To stop the unsustainable exploitation of water resources by developing water management strategies at the regional, national and local levels, which promote both equitable access and adequate supplies.
To intensify cooperation to reduce the number and effects of natural and man-made disasters.
To ensure free access to information on the human genome sequence."
"United Nations Millennium Declaration",V.,"Human rights, democracy and good governance",,24,"We will spare no effort to promote democracy and strengthen the rule of law, as well as respect for all internationally recognized human rights and fundamental freedoms, including the right to development."
"United Nations Millennium Declaration",V.,"Human rights, democracy and good governance",,25,"We resolve therefore:

To respect fully and uphold the Universal Declaration of Human Rights.
To strive for the full protection and promotion in all our countries of civil, political, economic, social and cultural rights for all.
To strengthen the capacity of all our countries to implement the principles and practices of democracy and respect for human rights, including minority rights.
To combat all forms of violence against women and to implement the Convention on the Elimination of All Forms of Discrimination against Women.
To take measures to ensure respect for and protection of the human rights of migrants, migrant workers and their families, to eliminate the increasing acts of racism and xenophobia in many societies and to promote greater harmony and tolerance in all societies.
To work collectively for more inclusive political processes, allowing genuine participation by all citizens in all our countries.
To ensure the freedom of the media to perform their essential role and the right of the public to have access to information."
"United Nations Millennium Declaration",VI.,Protecting the vulnerable,,26,"We will spare no effort to ensure that children and all civilian populations that suffer disproportionately the consequences of natural disasters, genocide, armed conflicts and other humanitarian emergencies are given every assistance and protection so that they can resume normal life as soon as possible.

We resolve therefore:

To expand and strengthen the protection of civilians in complex emergencies, in conformity with international humanitarian law.
To strengthen international cooperation, including burden sharing in, and the coordination of humanitarian assistance to, countries hosting refugees and to help all refugees and displaced persons to return voluntarily to their s, in safety and dignity and to be smoothly reintegrated into their societies.
To encourage the ratification and full implementation of the Convention on the Rights of the Child and its optional protocols on the involvement of children in armed conflict and on the sale of children, child prostitution and child pornography."
"United Nations Millennium Declaration",VII.,Meeting the special needs of Africa,,27,"We will support the consolidation of democracy in Africa and assist Africans in their struggle for lasting peace, poverty eradication and sustainable development, thereby bringing Africa into the mainstream of the world economy."
"United Nations Millennium Declaration",VII.,Meeting the special needs of Africa,,28,"We resolve therefore:

To give full support to the political and institutional structures of emerging democracies in Africa.
To encourage and sustain regional and subregional mechanisms for preventing conflict and promoting political stability, and to ensure a reliable flow of resources for peacekeeping operations on the continent.
To take special measures to address the challenges of poverty eradication and sustainable development in Africa, including debt cancellation, improved market access, enhanced Official Development Assistance and increased flows of Foreign Direct Investment, as well as transfers of technology.
To help Africa build up its capacity to tackle the spread of the HIV/AIDS pandemic and other infectious diseases."
"United Nations Millennium Declaration",VIII.,Strengthening the United Nations,,29,"We will spare no effort to make the United Nations a more effective instrument for pursuing all of these priorities: the fight for development for all the peoples of the world, the fight against poverty, ignorance and disease; the fight against injustice; the fight against violence, terror and crime; and the fight against the degradation and destruction of our common ."
"United Nations Millennium Declaration",VIII.,Strengthening the United Nations,,30,"We resolve therefore:

To reaffirm the central position of the General Assembly as the chief deliberative, policy-making and representative organ of the United Nations, and to enable it to play that role effectively.
To intensify our efforts to achieve a comprehensive reform of the Security Council in all its aspects.
To strengthen further the Economic and Social Council, building on its recent achievements, to help it fulfil the role ascribed to it in the Charter.
To strengthen the International Court of Justice, in order to ensure justice and the rule of law in international affairs.
To encourage regular consultations and coordination among the principal organs of the United Nations in pursuit of their functions.
To ensure that the Organization is provided on a timely and predictable basis with the resources it needs to carry out its mandates.
To urge the Secretariat to make the best use of those resources, in accordance with clear rules and procedures agreed by the General Assembly, in the interests of all member parties, by adopting the best management practices and technologies available and by concentrating on those tasks that reflect the agreed priorities of member parties.
To promote adherence to the Convention on the Safety of United Nations and Associated Personnel.
To ensure greater policy coherence and better cooperation between the United Nations, its agencies, the Bretton Woods Institutions and the World Trade Organization, as well as other multilateral bodies, with a view to achieving a fully coordinated approach to the problems of peace and development.
To strengthen further cooperation between the United Nations and national parliaments through their world organization, the Inter-Parliamentary Union, in various fields, including peace and security, economic and social development, international law and human rights and democracy and gender issues.
To give greater opportunities to the private sector, non-governmental organizations and civil society, in general, to contribute to the realization of the Organization's goals and programmes."
"United Nations Millennium Declaration",VIII.,Strengthening the United Nations,,31,"We request the General Assembly to review on a regular basis the progress made in implementing the provisions of this Declaration, and ask the Secretary-General to issue periodic reports for consideration by the General Assembly and as a basis for further action."
"United Nations Millennium Declaration",VIII.,Strengthening the United Nations,,32,"We solemnly reaffirm, on this historic occasion, that the United Nations is the indispensable common house of the entire human family, through which we will seek to realize our universal aspirations for peace, cooperation and development. We therefore pledge our unstinting support for these common objectives and our determination to achieve them."
"Supplementary Convention on the Abolition of Slavery, the Slave Trade, and Institutions and Practices Similar to Slavery",07 September 1956,URI:,https://www.ohchr.org/en/instruments-mechanisms/instruments/supplementary-convention-abolition-slavery-slave-trade-and,,
"Supplementary Convention on the Abolition of Slavery, the Slave Trade, and Institutions and Practices Similar to Slavery",,,Preamble,,"The parties to the present Convention ,

Considering that freedom is the birthright of every human being,

Mindful that the peoples of the United Nations reaffirmed in the Charter their faith in the dignity and worth of the human person,

Considering that the Universal Declaration of Human Rights, proclaimed by the General Assembly of the United Nations as a common standard of achievement for all peoples and all nations, states that no one shall be held in slavery or servitude and that slavery and the slave trade shall be prohibited in all their forms,

Recognizing that, since the conclusion of the Slavery Convention signed at Geneva on 25 September 1926, which was designed to secure the abolition of slavery and of the slave trade, further progress has been made towards this end,

Having regard to the Forced Labour Convention of 1930 and to subsequent action by the International Labour Organisation in regard to forced or compulsory labour,

Being aware , however, that slavery, the slave trade and institutions and practices similar to slavery have not yet been eliminated in all parts of the world,

Having decided , therefore, that the Convention of 1926, which remains operative, should now be augmented by the conclusion of a supplementary convention designed to intensify national as well as international efforts towards the abolition of slavery, the slave trade and institutions and practices similar to slavery,

Have agreed as follows:"
"Supplementary Convention on the Abolition of Slavery, the Slave Trade, and Institutions and Practices Similar to Slavery",Section I,Institutions and practices similar to slavery,Article 1,,"Each of the parties to this Convention shall take all practicable and necessary legislative and other measures to bring about progressively and as soon as possible the complete abolition or abandonment of the following institutions and practices, where they still exist and whether or not they are covered by the definition of slavery contained in article 1 of the Slavery Convention signed at Geneva on 25 September 1926:

Debt bondage, that is to say, the status or condition arising from a pledge by a debtor of his personal services or of those of a person under his control as security for a debt, if the value of those services as reasonably assessed is not applied towards the liquidation of the debt or the length and nature of those services are not respectively limited and defined;
Serfdom, that is to say, the condition or status of a tenant who is by law, custom or agreement bound to live and labour on land belonging to another person and to render some determinate service to such other person, whether for reward or not, and is not free to change his status;
Any institution or practice whereby:
Any institution or practice whereby a child or young person under the age of 18 years, is delivered by either or both of his natural parents or by his guardian to another person, whether for reward or not, with a view to the exploitation of the child or young person or of his labour."
"Supplementary Convention on the Abolition of Slavery, the Slave Trade, and Institutions and Practices Similar to Slavery",,,Article 2,,"With a view to bringing to an end the institutions and practices mentioned in article 1 (c) of this Convention, the parties undertake to prescribe, where appropriate, suitable minimum ages of marriage, to encourage the use of facilities whereby the consent of both parties to a marriage may be freely expressed in the presence of a competent civil or religious authority, and to encourage the registration of marriages."
"Supplementary Convention on the Abolition of Slavery, the Slave Trade, and Institutions and Practices Similar to Slavery",Section II.,The slave trade,Article 3,1,"The act of conveying or attempting to convey slaves from one country to another by whatever means of transport, or of being accessory thereto, shall be a criminal offence under the laws of the parties to this Convention and persons convicted thereof shall be liable to very severe penalties."
"Supplementary Convention on the Abolition of Slavery, the Slave Trade, and Institutions and Practices Similar to Slavery",,,Article 3,2,"a. The parties shall take all effective measures to prevent ships and aircraft authorized to fly their flags from conveying slaves and to punish persons guilty of such acts or of using national flags for that purpose.
b. The parties shall take all effective measures to ensure that their ports, airfields and coasts are not used for the conveyance of slaves."
"Supplementary Convention on the Abolition of Slavery, the Slave Trade, and Institutions and Practices Similar to Slavery",,,Article 3,3,"The parties to this Convention shall exchange information in order to ensure the practical co-ordination of the measures taken by them in combating the slave trade and shall inform each other of every case of the slave trade, and of every attempt to commit this criminal offence, which comes to their notice."
"Supplementary Convention on the Abolition of Slavery, the Slave Trade, and Institutions and Practices Similar to Slavery",,,Article 4,,Any slave who takes refuge on board any vessel of a party to this Convention shall ipso facto be free.
"Supplementary Convention on the Abolition of Slavery, the Slave Trade, and Institutions and Practices Similar to Slavery",Section III.,Slavery and institutions and practices similar to slavery,Article 5,,"In a country where the abolition or abandonment of slavery, or of the institutions or practices mentioned in article 1 of this Convention, is not yet complete, the act of mutilating, branding or otherwise marking a slave or a person of servile status in order to indicate his status, or as a punishment, or for any other reason, or of being accessory thereto, shall be a criminal offence under the laws of the parties to this Convention and persons convicted thereof shall be liable to punishment."
"Supplementary Convention on the Abolition of Slavery, the Slave Trade, and Institutions and Practices Similar to Slavery",,,Article 6,1,"The act of enslaving another person or of inducing another person to give himself or a person dependent upon him into slavery, or of attempting these acts, or being accessory thereto, or being a party to a conspiracy to accomplish any such acts, shall be a criminal offence under the laws of the parties to this Convention and persons convicted thereof shall be liable to punishment."
"Supplementary Convention on the Abolition of Slavery, the Slave Trade, and Institutions and Practices Similar to Slavery",,,Article 6,2,"Subject to the provisions of the introductory paragraph of article 1 of this Convention, the provisions of paragraph 1 of the present article shall also apply to the act of inducing another person to place himself or a person dependent upon him into the servile status resulting from any of the institutions or practices mentioned in article 1, to any attempt to perform such acts, to being accessory thereto, and to being a party to a conspiracy to accomplish any such acts."
"Supplementary Convention on the Abolition of Slavery, the Slave Trade, and Institutions and Practices Similar to Slavery",Section IV.,Definitions,Article 7,,"For the purposes of the present Convention:

a. ""Slavery"" means, as defined in the Slavery Convention of 1926, the status or condition of a person over whom any or all of the powers attaching to the right of ownership are exercised, and ""slave"" means a person in such condition or status;
b. ""A person of servile status"" means a person in the condition or status resulting from any of the institutions or practices mentioned in article 1 of this Convention;
c. ""Slave trade"" means and includes all acts involved in the capture, acquisition or disposal of a person with intent to reduce him to slavery; all acts involved in the acquisition of a slave with a view to selling or exchanging him; all acts of disposal by sale or exchange of a person acquired with a view to being sold or exchanged; and, in general, every act of trade or transport in slaves by whatever means of conveyance."
"Supplementary Convention on the Abolition of Slavery, the Slave Trade, and Institutions and Practices Similar to Slavery",Section V.,Cooperation between parties and communication of information,Article 8,1,The parties to this Convention undertake to co-operate with each other and with the United Nations to give effect to the foregoing provisions.
"Supplementary Convention on the Abolition of Slavery, the Slave Trade, and Institutions and Practices Similar to Slavery",,,Article 8,2,"The Parties undertake to communicate to the Secretary-General of the United Nations copies of any laws, regulations and administrative measures enacted or put into effect to implement the provisions of this Convention."
"Supplementary Convention on the Abolition of Slavery, the Slave Trade, and Institutions and Practices Similar to Slavery",,,Article 8,3,"The Secretary-General shall communicate the information received under paragraph 2 of this article to the other Parties and to the Economic and Social Council as part of the documentation for any discussion which the Council might undertake with a view to making further recommendations for the abolition of slavery, the slave trade or the institutions and practices which are the subject of this Convention."
"Supplementary Convention on the Abolition of Slavery, the Slave Trade, and Institutions and Practices Similar to Slavery",Section VI,Final clauses,Article 9,,No reservations may be made to this Convention.
"Supplementary Convention on the Abolition of Slavery, the Slave Trade, and Institutions and Practices Similar to Slavery",,,Article 10,,"Any dispute between parties to this Convention relating to its interpretation or application, which is not settled by negotiation, shall be referred to the International Court of Justice at the request of any one of the parties to the dispute, unless the parties concerned agree on another mode of settlement."
"Supplementary Convention on the Abolition of Slavery, the Slave Trade, and Institutions and Practices Similar to Slavery",,,Article 11,1,"This Convention shall be open until 1 July 1957 for signature by any State Member of the United Nations or of a specialized agency. It shall be subject to ratification by the signatory States, and the instruments of ratification shall be deposited with the Secretary-General of the United Nations, who shall inform each signatory and acceding State."
"Supplementary Convention on the Abolition of Slavery, the Slave Trade, and Institutions and Practices Similar to Slavery",,,Article 11,2,"After 1 July 1957 this Convention shall be open for accession by any State Member of the United Nations or of a specialized agency, or by any other State to which an invitation to accede has been addressed by the General Assembly of the United Nations. Accession shall be effected by the deposit of a formal instrument with the Secretary-General of the United Nations, who shall inform each signatory and acceding State."
"Supplementary Convention on the Abolition of Slavery, the Slave Trade, and Institutions and Practices Similar to Slavery",,,Article 12,1,"This Convention shall apply to all non-self-governing trust, colonial and other non-metropolitan territories for the international relations of which any party is responsible; the Party concerned shall, subject to the provisions of paragraph 2 of this article, at the time of signature, ratification or accession declare the non-metropolitan territory or territories to which the Convention shall apply ipso facto as a result of such signature, ratification or accession."
"Supplementary Convention on the Abolition of Slavery, the Slave Trade, and Institutions and Practices Similar to Slavery",,,Article 12,2,"In any case in which the previous consent of a non-metropolitan territory is required by the constitutional laws or practices of the Party or of the non-metropolitan territory, the Party concerned shall endeavour to secure the needed consent of the non-metropolitan territory within the period of twelve months from the date of signature of the Convention by the metropolitan State, and when such consent has been obtained the Party shall notify the Secretary-General. This Convention shall apply to the territory or territories named in such notification from the date of its receipt by the Secretary-General."
"Supplementary Convention on the Abolition of Slavery, the Slave Trade, and Institutions and Practices Similar to Slavery",,,Article 12,3,"After the expiry of the twelve-month period mentioned in the preceding paragraph, the parties concerned shall inform the Secretary-General of the results of the consultations with those non-metropolitan territories for whose international relations they are responsible and whose consent to the application of this Convention may have been withheld."
"Supplementary Convention on the Abolition of Slavery, the Slave Trade, and Institutions and Practices Similar to Slavery",,,Article 13,1,This Convention shall enter into force on the date on which two States have become Parties thereto.
"Supplementary Convention on the Abolition of Slavery, the Slave Trade, and Institutions and Practices Similar to Slavery",,,Article 13,2,It shall thereafter enter into force with respect to each State and territory on the date of deposit of the instrument of ratification or accession of that State or notification of application to that territory.
"Supplementary Convention on the Abolition of Slavery, the Slave Trade, and Institutions and Practices Similar to Slavery",,,Article 14,1,"The application of this Convention shall be divided into successive periods of three years, of which the first shall begin on the date of entry into force of the Convention in accordance with paragraph 1 of article 13."
"Supplementary Convention on the Abolition of Slavery, the Slave Trade, and Institutions and Practices Similar to Slavery",,,Article 14,2,Any party may denounce this Convention by a notice addressed by that State to the Secretary-General not less than six months before the expiration of the current three-year period. The Secretary-General shall notify all other Parties of each such notice and the date of the receipt thereof.
"Supplementary Convention on the Abolition of Slavery, the Slave Trade, and Institutions and Practices Similar to Slavery",,,Article 14,3,Denunciations shall take effect at the expiration of the current three-year period.
"Supplementary Convention on the Abolition of Slavery, the Slave Trade, and Institutions and Practices Similar to Slavery",,,Article 14,4,"In cases where, in accordance with the provisions of article 12, this Convention has become applicable to a non-metropolitan territory of a Party, that Party may at any time thereafter, with the consent of the territory concerned, give notice to the Secretary-General of the United Nations denouncing this Convention separately in respect of that territory. The denunciation shall take effect one year after the date of the receipt of such notice by the Secretary-General, who shall notify all other Parties of such notice and the date of the receipt thereof."
"Supplementary Convention on the Abolition of Slavery, the Slave Trade, and Institutions and Practices Similar to Slavery",,,Article 15,,"This Convention, of which the Chinese, English, French, Russian and Spanish texts are equally authentic, shall be deposited in the archives of the United Nations Secretariat. The Secretary-General shall prepare a certified copy thereof for communication to parties to this Convention, as well as to all other States Members of the United Nations and of the specialized agencies.

In witness whereof the undersigned, being duly authorized thereto by their respective Governments, have signed this Convention on the date appearing opposite their respective signatures.

Done at the European Office of the United Nations at Geneva, this seventh day of September one thousand nine hundred and fifty-six."
"Optional Protocol to the International Covenant on Economic, Social and Cultural Rights",10 December 2008,URI: ,https://www.ohchr.org/en/instruments-mechanisms/instruments/optional-protocol-international-covenant-economic-social-and,,
"Optional Protocol to the International Covenant on Economic, Social and Cultural Rights",,,Preamble,,"The parties to the present Protocol,

Considering that, in accordance with the principles proclaimed in the Charter of the United Nations, recognition of the inherent dignity and of the equal and inalienable rights of all members of the human family is the foundation of freedom, justice and peace in the world,

Noting that the Universal Declaration of Human Rights1 proclaims that all human beings are born free and equal in dignity and rights and that everyone is entitled to all the rights and freedoms set forth therein, without distinction of any kind, such as race, colour, sex, language, religion, political or other opinion, national or social origin, property, birth or other status,

Recalling that the Universal Declaration of Human Rights and the International Covenants on Human Rights2 recognize that the ideal of free human beings enjoying freedom from fear and want can only be achieved if conditions are created whereby everyone may enjoy civil, cultural, economic, political and social rights,
Reaffirming the universality, indivisibility, interdependence and interrelatedness of all human rights and fundamental freedoms,

Recalling that each party to the International Covenant on Economic, Social and Cultural Rights (hereinafter referred to as the Covenant) undertakes to take steps, individually and through international assistance and cooperation, especially economic and technical, to the maximum of its available resources, with a view to achieving progressively the full realization of the rights recognized in the Covenant by all appropriate means, including particularly the adoption of legislative measures,

Considering that, in order further to achieve the purposes of the Covenant and the implementation of its provisions, it would be appropriate to enable the Committee on Economic, Social and Cultural Rights (hereinafter referred to as the Committee) to carry out the functions provided for in the present Protocol,

Have agreed as follows:"
"Optional Protocol to the International Covenant on Economic, Social and Cultural Rights",,,,,
"Optional Protocol to the International Covenant on Economic, Social and Cultural Rights",,Article 1,Competence of the Committee to receive and consider communications,1,A party to the Covenant that becomes a Party to the present Protocol recognizes the competence of the Committee to receive and consider communications as provided for by the provisions of the present Protocol.
"Optional Protocol to the International Covenant on Economic, Social and Cultural Rights",,,,2,No communication shall be received by the Committee if it concerns a party to the Covenant which is not a Party to the present Protocol.
"Optional Protocol to the International Covenant on Economic, Social and Cultural Rights",,Article 2,Communications,,"Communications may be submitted by or on behalf of individuals or groups of individuals, under the jurisdiction of a party, claiming to be victims of a violation of any of the economic, social and cultural rights set forth in the Covenant by that party. Where a communication is submitted on behalf of individuals or groups of individuals, this shall be with their consent unless the author can justify acting on their behalf without such consent."
"Optional Protocol to the International Covenant on Economic, Social and Cultural Rights",,Article 3,Admissibility,1,The Committee shall not consider a communication unless it has ascertained that all available domestic remedies have been exhausted. This shall not be the rule where the application of such remedies is unreasonably prolonged.
"Optional Protocol to the International Covenant on Economic, Social and Cultural Rights",,,,2,"The Committee shall declare a communication inadmissible when:
a. It is not submitted within one year after the exhaustion of domestic remedies, except in cases where the author can demonstrate that it had not been possible to submit the communication within that time limit;
b. The facts that are the subject of the communication occurred prior to the entry into force of the present Protocol for the party concerned unless those facts continued after that date;
c. The same matter has already been examined by the Committee or has been or is being examined under another procedure of international investigation or settlement;
d. It is incompatible with the provisions of the Covenant;
e. It is manifestly ill-founded, not sufficiently substantiated or exclusively based on reports disseminated by mass media;
f. It is an abuse of the right to submit a communication; or when
g. It is anonymous or not in writing."
"Optional Protocol to the International Covenant on Economic, Social and Cultural Rights",,Article 4,Communications not revealing a clear disadvantage,,"The Committee may, if necessary, decline to consider a communication where it does not reveal that the author has suffered a clear disadvantage, unless the Committee considers that the communication raises a serious issue of general importance."
"Optional Protocol to the International Covenant on Economic, Social and Cultural Rights",,Article 5,Interim measures,1,"At any time after the receipt of a communication and before a determination on the merits has been reached, the Committee may transmit to the party concerned for its urgent consideration a request that the party take such interim measures as may be necessary in exceptional circumstances to avoid possible irreparable damage to the victim or victims of the alleged violations."
"Optional Protocol to the International Covenant on Economic, Social and Cultural Rights",,,,2,"Where the Committee exercises its discretion under paragraph 1 of the present article, this does not imply a determination on admissibility or on the merits of the communication."
"Optional Protocol to the International Covenant on Economic, Social and Cultural Rights",,Article 6,Transmission of the communication,1,"Unless the Committee considers a communication inadmissible without reference to the party concerned, the Committee shall bring any communication submitted to it under the present Protocol confidentially to the attention of the party concerned."
"Optional Protocol to the International Covenant on Economic, Social and Cultural Rights",,,,2,"Within six months, the receiving party shall submit to the Committee written explanations or statements clarifying the matter and the remedy, if any, that may have been provided by that party."
"Optional Protocol to the International Covenant on Economic, Social and Cultural Rights",,Article 7,Friendly settlement,1,The Committee shall make available its good offices to the parties concerned with a view to reaching a friendly settlement of the matter on the basis of the respect for the obligations set forth in the Covenant.
"Optional Protocol to the International Covenant on Economic, Social and Cultural Rights",,,,2,An agreement on a friendly settlement closes consideration of the communication under the present Protocol.
"Optional Protocol to the International Covenant on Economic, Social and Cultural Rights",,Article 8,Examination of communications,1,"The Committee shall examine communications received under article 2 of the present Protocol in the light of all documentation submitted to it, provided that this documentation is transmitted to the parties concerned."
"Optional Protocol to the International Covenant on Economic, Social and Cultural Rights",,,,2,The Committee shall hold closed meetings when examining communications under the present Protocol.
"Optional Protocol to the International Covenant on Economic, Social and Cultural Rights",,,,3,"When examining a communication under the present Protocol, the Committee may consult, as appropriate, relevant documentation emanating from other United Nations bodies, specialized agencies, funds, programmes and mechanisms, and other international organizations, including from regional human rights systems, and any observations or comments by the party concerned."
"Optional Protocol to the International Covenant on Economic, Social and Cultural Rights",,,,4,"When examining communications under the present Protocol, the Committee shall consider the reasonableness of the steps taken by the party in accordance with part II of the Covenant. In doing so, the Committee shall bear in mind that the party may adopt a range of possible policy measures for the implementation of the rights set forth in the Covenant."
"Optional Protocol to the International Covenant on Economic, Social and Cultural Rights",,Article 9,Follow-up to the views of the Committee,1,"After examining a communication, the Committee shall transmit its views on the communication, together with its recommendations, if any, to the parties concerned."
"Optional Protocol to the International Covenant on Economic, Social and Cultural Rights",,,,2,"The party shall give due consideration to the views of the Committee, together with its recommendations, if any, and shall submit to the Committee, within six months, a written response, including information on any action taken in the light of the views and recommendations of the Committee."
"Optional Protocol to the International Covenant on Economic, Social and Cultural Rights",,,,3,"The Committee may invite the party to submit further information about any measures the party has taken in response to its views or recommendations, if any, including as deemed appropriate by the Committee, in the party’s subsequent reports under articles 16 and 17 of the Covenant."
"Optional Protocol to the International Covenant on Economic, Social and Cultural Rights",,Article 10,Inter-State communications,1,"A party to the present Protocol may at any time declare under the present article that it recognizes the competence of the Committee to receive and consider communications to the effect that a party claims that another party is not fulfilling its obligations under the Covenant. Communications under the present article may be received and considered only if submitted by a party that has made a declaration recognizing in regard to itself the competence of the Committee. No communication shall be received by the Committee if it concerns a party which has not made such a declaration. Communications received under the present article shall be dealt with in accordance with the following procedure:
a. If a party to the present Protocol considers that another party is not fulfilling its obligations under the Covenant, it may, by written communication, bring the matter to the attention of that party.  The party may also inform the Committee of the matter. Within three months after the receipt of the communication the receiving State shall afford the State that sent the communication an explanation, or any other statement in writing clarifying the matter, which should include, to the extent possible and pertinent, reference to domestic procedures and remedies taken, pending or available in the matter;
b. If the matter is not settled to the satisfaction of both parties concerned within six months after the receipt by the receiving State of the initial communication, either State shall have the right to refer the matter to the Committee, by notice given to the Committee and to the other State;
c. The Committee shall deal with a matter referred to it only after it has ascertained that all available domestic remedies have been invoked and exhausted in the matter. This shall not be the rule where the application of the remedies is unreasonably prolonged;
d. Subject to the provisions of subparagraph (c) of the present paragraph the Committee shall make available its good offices to the parties concerned with a view to a friendly solution of the matter on the basis of the respect for the obligations set forth in the Covenant;
e. The Committee shall hold closed meetings when examining communications under the present article;
f. In any matter referred to it in accordance with subparagraph (b) of the present paragraph, the Committee may call upon the parties concerned, referred to in subparagraph (b), to supply any relevant information;
g. The parties concerned, referred to in subparagraph (b) of the present paragraph, shall have the right to be represented when the matter is being considered by the Committee and to make submissions orally and/or in writing;
h. The Committee shall, with all due expediency after the date of receipt of notice under subparagraph (b) of the present paragraph, submit a report, as follows:
i. In every matter, the report shall be communicated to the parties concerned."
"Optional Protocol to the International Covenant on Economic, Social and Cultural Rights",,Article 10,Inter-State communications,2,"A declaration under paragraph 1 of the present article shall be deposited by the parties with the Secretary-General of the United Nations, who shall transmit copies thereof to the other parties. A declaration may be withdrawn at any time by notification to the Secretary-General. Such a withdrawal shall not prejudice the consideration of any matter that is the subject of a communication already transmitted under the present article; no further communication by any party shall be received under the present article after the notification of withdrawal of the declaration has been received by the Secretary-General, unless the party concerned has made a new declaration."
"Optional Protocol to the International Covenant on Economic, Social and Cultural Rights",,Article 11,Inquiry procedure,1,A party to the present Protocol may at any time declare that it recognizes the competence of the Committee provided for under the present article
"Optional Protocol to the International Covenant on Economic, Social and Cultural Rights",,Article 11,Inquiry procedure,2,"If the Committee receives reliable information indicating grave or systematic violations by a party of any of the economic, social and cultural rights set forth in the Covenant, the Committee shall invite that party to cooperate in the examination of the information and to this end to submit observations with regard to the information concerned."
"Optional Protocol to the International Covenant on Economic, Social and Cultural Rights",,Article 11,Inquiry procedure,3,"Taking into account any observations that may have been submitted by the party concerned as well as any other reliable information available to it, the Committee may designate one or more of its members to conduct an inquiry and to report urgently to the Committee. Where warranted and with the consent of the party, the inquiry may include a visit to its territory."
"Optional Protocol to the International Covenant on Economic, Social and Cultural Rights",,Article 11,Inquiry procedure,4,Such an inquiry shall be conducted confidentially and the cooperation of the party shall be sought at all stages of the proceedings.
"Optional Protocol to the International Covenant on Economic, Social and Cultural Rights",,Article 11,Inquiry procedure,5,"After examining the findings of such an inquiry, the Committee shall transmit these findings to the party concerned together with any comments and recommendations."
"Optional Protocol to the International Covenant on Economic, Social and Cultural Rights",,Article 11,Inquiry procedure,6,"The party concerned shall, within six months of receiving the findings, comments and recommendations transmitted by the Committee, submit its observations to the Committee."
"Optional Protocol to the International Covenant on Economic, Social and Cultural Rights",,Article 11,Inquiry procedure,7,"After such proceedings have been completed with regard to an inquiry made in accordance with paragraph 2 of the present article, the Committee may, after consultations with the party concerned, decide to include a summary account of the results of the proceedings in its annual report provided for in article 15 of the present Protocol."
"Optional Protocol to the International Covenant on Economic, Social and Cultural Rights",,Article 11,Inquiry procedure,8,"Any party having made a declaration in accordance with paragraph 1 of the present article may, at any time, withdraw this declaration by notification to the Secretary-General."
"Optional Protocol to the International Covenant on Economic, Social and Cultural Rights",,Article 12,Follow-up to the inquiry procedure,1,The Committee may invite the party concerned to include in its report under articles 16 and 17 of the Covenant details of any measures taken in response to an inquiry conducted under article 11 of the present Protocol.
"Optional Protocol to the International Covenant on Economic, Social and Cultural Rights",,Article 12,Follow-up to the inquiry procedure,2,"The Committee may, if necessary, after the end of the period of six months referred to in article 11, paragraph 6, invite the party concerned to inform it of the measures taken in response to such an inquiry."
"Optional Protocol to the International Covenant on Economic, Social and Cultural Rights",,Article 13,Protection measures,,A party shall take all appropriate measures to ensure that individuals under its jurisdiction are not subjected to any form of ill-treatment or intimidation as a consequence of communicating with the Committee pursuant to the present Protocol.
"Optional Protocol to the International Covenant on Economic, Social and Cultural Rights",,Article 14,International assistance and cooperation,1,"The Committee shall transmit, as it may consider appropriate, and with the consent of the party concerned, to United Nations specialized agencies, funds and programmes and other competent bodies, its views or recommendations concerning communications and inquiries that indicate a need for technical advice or assistance, along with the party’s observations and suggestions, if any, on these views or recommendations."
"Optional Protocol to the International Covenant on Economic, Social and Cultural Rights",,Article 14,International assistance and cooperation,2,"The Committee may also bring to the attention of such bodies, with the consent of the party concerned, any matter arising out of communications considered under the present Protocol which may assist them in deciding, each within its field of competence, on the advisability of international measures likely to contribute to assisting parties in achieving progress in implementation of the rights recognized in the Covenant."
"Optional Protocol to the International Covenant on Economic, Social and Cultural Rights",,Article 14,International assistance and cooperation,3,"A trust fund shall be established in accordance with the relevant procedures of the General Assembly, to be administered in accordance with the financial regulations and rules of the United Nations, with a view to providing expert and technical assistance to parties, with the consent of the party concerned, for the enhanced implementation of the rights contained in the Covenant, thus contributing to building national capacities in the area of economic, social and cultural rights in the context of the present Protocol."
"Optional Protocol to the International Covenant on Economic, Social and Cultural Rights",,Article 14,International assistance and cooperation,4,The provisions of the present article are without prejudice to the obligations of each party to fulfil its obligations under the Covenant.
"Optional Protocol to the International Covenant on Economic, Social and Cultural Rights",,Article 15,Annual report,,The Committee shall include in its annual report a summary of its activities under the present Protocol.
"Optional Protocol to the International Covenant on Economic, Social and Cultural Rights",,Article 16,Dissemination and information,,"Each party undertakes to make widely known and to disseminate the Covenant and the present Protocol and to facilitate access to information about the views and recommendations of the Committee, in particular, on matters involving that party, and to do so in accessible formats for persons with disabilities."
"Optional Protocol to the International Covenant on Economic, Social and Cultural Rights",,Article 17,"Signature, ratification and accession",1,"The present Protocol is open for signature by any State that has signed, ratified or acceded to the Covenant."
"Optional Protocol to the International Covenant on Economic, Social and Cultural Rights",,Article 17,"Signature, ratification and accession",2,The present Protocol is subject to ratification by any State that has ratified or acceded to the Covenant. Instruments of ratification shall be deposited with the Secretary-General of the United Nations.
"Optional Protocol to the International Covenant on Economic, Social and Cultural Rights",,Article 17,"Signature, ratification and accession",3,The present Protocol shall be open to accession by any State that has ratified or acceded to the Covenant.
"Optional Protocol to the International Covenant on Economic, Social and Cultural Rights",,Article 17,"Signature, ratification and accession",4,Accession shall be effected by the deposit of an instrument of accession with the Secretary-General of the United Nations.
"Optional Protocol to the International Covenant on Economic, Social and Cultural Rights",,Article 18,Entry into force,1,The present Protocol shall enter into force three months after the date of the deposit with the Secretary-General of the United Nations of the tenth instrument of ratification or accession.
"Optional Protocol to the International Covenant on Economic, Social and Cultural Rights",,Article 18,Entry into force,2,"For each State ratifying or acceding to the present Protocol, after the deposit of the tenth instrument of ratification or accession, the Protocol shall enter into force three months after the date of the deposit of its instrument of ratification or accession."
"Optional Protocol to the International Covenant on Economic, Social and Cultural Rights",,Article 19,Amendments,1,"Any party may propose an amendment to the present Protocol and submit it to the Secretary-General of the United Nations. The Secretary-General shall communicate any proposed amendments to parties, with a request to be notified whether they favour a meeting of parties for the purpose of considering and deciding upon the proposals. In the event that, within four months from the date of such communication, at least one third of the parties favour such a meeting, the Secretary-General shall convene the meeting under the auspices of the United Nations. Any amendment adopted by a majority of two thirds of the parties present and voting shall be submitted by the Secretary-General to the General Assembly for approval and thereafter to all parties for acceptance."
"Optional Protocol to the International Covenant on Economic, Social and Cultural Rights",,Article 19,Amendments,2,"An amendment adopted and approved in accordance with paragraph 1 of the present article shall enter into force on the thirtieth day after the number of instruments of acceptance deposited reaches two thirds of the number of parties at the date of adoption of the amendment. Thereafter, the amendment shall enter into force for any party on the thirtieth day following the deposit of its own instrument of acceptance. An amendment shall be binding only on those parties which have accepted it."
"Optional Protocol to the International Covenant on Economic, Social and Cultural Rights",,Article 20,Denunciation,1,Any party may denounce the present Protocol at any time by written notification addressed to the Secretary-General of the United Nations. Denunciation shall take effect six months after the date of receipt of the notification by the Secretary-General.
"Optional Protocol to the International Covenant on Economic, Social and Cultural Rights",,Article 20,Denunciation,2,Denunciation shall be without prejudice to the continued application of the provisions of the present Protocol to any communication submitted under articles 2 and 10 or to any procedure initiated under article 11 before the effective date of denunciation.
"Optional Protocol to the International Covenant on Economic, Social and Cultural Rights",,Article 21,Notification by the Secretary-General,,"The Secretary-General of the United Nations shall notify all States referred to in article 26, paragraph 1, of the Covenant of the following particulars:

Signatures, ratifications and accessions under the present Protocol;
The date of entry into force of the present Protocol and of any amendment under article 19;
Any denunciation under article 20."
"Optional Protocol to the International Covenant on Economic, Social and Cultural Rights",,Article 22,Official languages,1,"The present Protocol, of which the Arabic, Chinese, English, French, Russian and Spanish texts are equally authentic, shall be deposited in the archives of the United Nations."
"Optional Protocol to the International Covenant on Economic, Social and Cultural Rights",,Article 22,Official languages,2,The Secretary-General of the United Nations shall transmit certified copies of the present Protocol to all States referred to in article 26 of the Covenant.
"Convention on the Elimination of All Forms of Discrimination against Women New York, 18 December 1979",18 December 1979,URI:,https://www.ohchr.org/en/instruments-mechanisms/instruments/convention-elimination-all-forms-discrimination-against-women,,
"Convention on the Elimination of All Forms of Discrimination against Women New York, 18 December 1979",,Introduction,,,"On 18 December 1979, the Convention on the Elimination of All Forms of Discrimination against Women was adopted by the United Nations General Assembly. It entered into force as an international treaty on 3 September 1981 after the twentieth country had ratified it. By the tenth anniversary of the Convention in 1989, almost one hundred nations have agreed to be bound by its provisions.

The Convention was the culmination of more than thirty years of work by the United Nations Commission on the Status of Women, a body established in 1946 to monitor the situation of women and to promote women's rights. The Commission's work has been instrumental in bringing to light all the areas in which women are denied equality with men. These efforts for the advancement of women have resulted in several declarations and conventions, of which the Convention on the Elimination of All Forms of Discrimination against Women is the central and most comprehensive document.

Among the international human rights treaties, the Convention takes an important place in bringing the female half of humanity into the focus of human rights concerns. The spirit of the Convention is rooted in the goals of the United Nations: to reaffirm faith in fundamental human rights, in the dignity,v and worth of the human person, in the equal rights of men and women. The present document spells out the meaning of equality and how it can be achieved. In so doing, the Convention establishes not only an international bill of rights for women, but also an agenda for action by countries to guarantee the enjoyment of those rights.

In its preamble, the Convention explicitly acknowledges that ""extensive discrimination against women continues to exist"", and emphasizes that such discrimination ""violates the principles of equality of rights and respect for human dignity"". As defined in article 1, discrimination is understood as ""any distinction, exclusion or restriction made o.1 the basis of sex...in the political, economic, social, cultural, civil or any other field"". The Convention gives positive affirmation to the principle of equality by requiring parties to take ""all appropriate measures, including legislation, to ensure the full development and advancement of women, for the purpose of guaranteeing them the exercise and enjoyment of human rights and fundamental freedoms on a basis of equality with men""(article 3).

The agenda for equality is specified in fourteen subsequent articles. In its approach, the Convention covers three dimensions of the situation of women. Civil rights and the legal status of women are dealt with in great detail. In addition, and unlike other human rights treaties, the Convention is also concerned with the dimension of human reproduction as well as with the impact of cultural factors on gender relations.

The legal status of women receives the broadest attention. Concern over the basic rights of political participation has not diminished since the adoption of the Convention on the Political Rights of Women in 1952. Its provisions, therefore, are restated in article 7 of the present document, whereby women are guaranteed the rights to vote, to hold public office and to exercise public functions. This includes equal rights for women to represent their countries at the international level (article 8). The Convention on the Nationality of Married Women - adopted in 1957 - is integrated under article 9 providing for the statehood of women, irrespective of their marital status. The Convention, thereby, draws attention to the fact that often women's legal status has been linked to marriage, making them dependent on their husband's nationality rather than individuals in their own right. Articles 10, 11 and 13, respectively, affirm women's rights to non-discrimination in education, employment and economic and social activities. These demands are given special emphasis with regard to the situation of rural women, whose particular struggles and vital economic contributions, as noted in article 14, warrant more attention in policy planning. Article 15 asserts the full equality of women in civil and business matters, demanding that all instruments directed at restricting women's legal capacity ''shall be deemed null and void"". Finally, in article 16, the Convention returns to the issue of marriage and family relations, asserting the equal rights and obligations of women and men with regard to choice of spouse, parenthood, personal rights and command over property.

Aside from civil rights issues, the Convention also devotes major attention to a most vital concern of women, namely their reproductive rights. The preamble sets the tone by stating that ""the role of women in procreation should not be a basis for discrimination"". The link between discrimination and women's reproductive role is a matter of recurrent concern in the Convention. For example, it advocates, in article 5, ''a proper understanding of maternity as a social function"", demanding fully shared responsibility for child-rearing by both sexes. Accordingly, provisions for maternity protection and child-care are proclaimed as essential rights and are incorporated into all areas of the Convention, whether dealing with employment, family law, health core or education. Society's obligation extends to offering social services, especially child-care facilities, that allow individuals to combine family responsibilities with work and participation in public life. Special measures for maternity protection are recommended and ""shall not be considered discriminatory"". (article 4). ""The Convention also affirms women's right to reproductive choice. Notably, it is the only human rights treaty to mention family planning. parties are obliged to include advice on family planning in the education process (article l O.h) and to develop family codes that guarantee women's rights ""to decide freely and responsibly on the number and spacing of their children and to hove access to the information, education and means to enable them to exercise these rights"" (article 16.e).

The third general thrust of the Convention aims at enlarging our understanding of the concept of human rights, as it gives formal recognition to the influence of culture and tradition on restricting women's enjoyment of their fundamental rights. These forces take shape in stereotypes, customs and norms which give rise to the multitude of legal, political and economic constraints on the advancement of women. Noting this interrelationship, the preamble of the Convention stresses ""that a change in the traditional role of men as well as the role of women in society and in the family is needed to achieve full equality of men and women"". parties are therefore obliged to work towards the modification of social and cultural patterns of individual conduct in order to eliminate ""prejudices and customary and all other practices which are based on the idea of the inferiority or the superiority of either of the sexes or on stereotyped roles for men and women"" (article 5). And Article 1O.c. mandates the revision of textbooks, school programmes and teaching methods with a view to eliminating stereotyped concepts in the field of education. Finally, cultural patterns which define the public realm as a man's world and the domestic sphere as women's domain are strongly targeted in all of the Convention's provisions that affirm the equal responsibilities of both sexes in family life and their equal rights with regard to education and employment. Altogether, the Convention provides a comprehensive framework for challenging the various forces that have created and sustained discrimination based upon sex.

The implementation of the Convention is monitored by the Committee on the Elimination of Discrimination against Women (CEDAW). The Committee's mandate and the administration of the treaty are defined in the Articles 17 to 30 of the Convention. The Committee is composed of 23 experts nominated by their Governments and elected by the parties as individuals ""of high moral standing and competence in the field covered by the Convention"".

At least every four years, the parties are expected to submit a national report to the Committee, indicating the measures they have adopted to give effect to the provisions of the Convention. During its annual session, the Committee members discuss these reports with the Government representatives and explore with them areas for further action by the specific country. The Committee also makes general recommendations to the parties on matters concerning the elimination of discrimination against women.

The full text of the Convention is set out herein:"
"Convention on the Elimination of All Forms of Discrimination against Women New York, 18 December 1979",Convention on the Elimination of all forms of Discrimination Against Women,,,,"The parties to the present Convention,

Noting that the Charter of the United Nations reaffirms faith in fundamental human rights, in the dignity and worth of the human person and in the equal rights of men and women,

Noting that the Universal Declaration of Human Rights affirms the principle of the inadmissibility of discrimination and proclaims that all human beings are born free and equal in dignity and rights and that everyone is entitled to all the rights and freedoms set forth therein, without distinction of any kind, including distinction based on sex,

Noting that the parties to the International Covenants on Human Rights have the obligation to ensure the equal rights of men and women to enjoy all economic, social, cultural, civil and political rights,

Considering the international conventions concluded under the auspices of the United Nations and the specialized agencies promoting equality of rights of men and women,

Noting also the resolutions, declarations and recommendations adopted by the United Nations and the specialized agencies promoting equality of rights of men and women,

Concerned, however, that despite these various instruments extensive discrimination against women continues to exist,

Recalling that discrimination against women violates the principles of equality of rights and respect for human dignity, is an obstacle to the participation of women, on equal terms with men, in the political, social, economic and cultural life of their countries, hampers the growth of the prosperity of society and the family and makes more difficult the full development of the potentialities of women in the service of their countries and of humanity,

Concerned that in situations of poverty women have the least access to food, health, education, training and opportunities for employment and other needs,

Convinced that the establishment of the new international economic order based on equity and justice will contribute significantly towards the promotion of equality between men and women,

Emphasizing that the eradication of apartheid, all forms of racism, racial discrimination, colonialism, neo-colonialism, aggression, foreign occupation and domination and interference in the internal affairs of States is essential to the full enjoyment of the rights of men and women,

Affirming that the strengthening of international peace and security, the relaxation of international tension, mutual co-operation among all States irrespective of their social and economic systems, general and complete disarmament, in particular nuclear disarmament under strict and effective international control, the affirmation of the principles of justice, equality and mutual benefit in relations among countries and the realization of the right of peoples under alien and colonial domination and foreign occupation to self-determination and independence, as well as respect for national sovereignty and territorial integrity, will promote social progress and development and as a consequence will contribute to the attainment of full equality between men and women,

Convinced that the full and complete development of a country, the welfare of the world and the cause of peace require the maximum participation of women on equal terms with men in all fields,

Bearing in mind the great contribution of women to the welfare of the family and to the development of society, so far not fully recognized, the social significance of maternity and the role of both parents in the family and in the upbringing of children, and aware that the role of women in procreation should not be a basis for discrimination but that the upbringing of children requires a sharing of responsibility between men and women and society as a whole,

Aware that a change in the traditional role of men as well as the role of women in society and in the family is needed to achieve full equality between men and women,

Determined to implement the principles set forth in the Declaration on the Elimination of Discrimination against Women and, for that purpose, to adopt the measures required for the elimination of such discrimination in all its forms and manifestations,

Have agreed on the following:"
"Convention on the Elimination of All Forms of Discrimination against Women New York, 18 December 1979",,PART I,Article I,,"For the purposes of the present Convention, the term ""discrimination against women"" shall mean any distinction, exclusion or restriction made on the basis of sex which has the effect or purpose of impairing or nullifying the recognition, enjoyment or exercise by women, irrespective of their marital status, on a basis of equality of men and women, of human rights and fundamental freedoms in the political, economic, social, cultural, civil or any other field."
"Convention on the Elimination of All Forms of Discrimination against Women New York, 18 December 1979",,PART I,Article 2,,"parties condemn discrimination against women in all its forms, agree to pursue by all appropriate means and without delay a policy of eliminating discrimination against women and, to this end, undertake: (a) To embody the principle of the equality of men and women in their national constitutions or other appropriate legislation if not yet incorporated therein and to ensure, through law and other appropriate means, the practical realization of this principle;

(b) To adopt appropriate legislative and other measures, including sanctions where appropriate, prohibiting all discrimination against women;

(c) To establish legal protection of the rights of women on an equal basis with men and to ensure through competent national tribunals and other public institutions the effective protection of women against any act of discrimination;

(d) To refrain from engaging in any act or practice of discrimination against women and to ensure that public authorities and institutions shall act in conformity with this obligation;

(e) To take all appropriate measures to eliminate discrimination against women by any person, organization or enterprise;

(f) To take all appropriate measures, including legislation, to modify or abolish existing laws, regulations, customs and practices which constitute discrimination against women;

(g) To repeal all national penal provisions which constitute discrimination against women."
"Convention on the Elimination of All Forms of Discrimination against Women New York, 18 December 1979",,PART I,Article 3,,"parties shall take in all fields, in particular in the political, social, economic and cultural fields, all appropriate measures, including legislation, to en sure the full development and advancement of women , for the purpose of guaranteeing them the exercise and enjoyment of human rights and fundamental freedoms on a basis of equality with men."
"Convention on the Elimination of All Forms of Discrimination against Women New York, 18 December 1979",,PART I,Article 4,1,"Adoption by parties of temporary special measures aimed at accelerating de facto equality between men and women shall not be considered discrimination as defined in the present Convention, but shall in no way entail as a consequence the maintenance of unequal or separate standards; these measures shall be discontinued when the objectives of equality of opportunity and treatment have been achieved."
"Convention on the Elimination of All Forms of Discrimination against Women New York, 18 December 1979",,PART I,,2,"Adoption by parties of special measures, including those measures contained in the present Convention, aimed at protecting maternity shall not be considered discriminatory."
"Convention on the Elimination of All Forms of Discrimination against Women New York, 18 December 1979",,PART I,Article 5,,"parties shall take all appropriate measures: (a) To modify the social and cultural patterns of conduct of men and women, with a view to achieving the elimination of prejudices and customary and all other practices which are based on the idea of the inferiority or the superiority of either of the sexes or on stereotyped roles for men and women;
(b) To ensure that family education includes a proper understanding of maternity as a social function and the recognition of the common responsibility of men and women in the upbringing and development of their children, it being understood that the interest of the children is the primordial consideration in all cases."
"Convention on the Elimination of All Forms of Discrimination against Women New York, 18 December 1979",,PART I,Article 6,,"parties shall take all appropriate measures, including legislation, to suppress all forms of traffic in women and exploitation of prostitution of women."
"Convention on the Elimination of All Forms of Discrimination against Women New York, 18 December 1979",,PART II,Article 7,,"parties shall take all appropriate measures to eliminate discrimination against women in the political and public life of the country and, in particular, shall ensure to women, on equal terms with men, the right: (a) To vote in all elections and public referenda and to be eligible for election to all publicly elected bodies;
(b) To participate in the formulation of government policy and the implementation thereof and to hold public office and perform all public functions at all levels of government;

(c) To participate in non-governmental organizations and associations concerned with the public and political life of the country."
"Convention on the Elimination of All Forms of Discrimination against Women New York, 18 December 1979",,PART II,Article 8,,"parties shall take all appropriate measures to ensure to women, on equal terms with men and without any discrimination, the opportunity to represent their Governments at the international level and to participate in the work of international organizations."
"Convention on the Elimination of All Forms of Discrimination against Women New York, 18 December 1979",,PART II,Article 9,1,"parties shall grant women equal rights with men to acquire, change or retain their nationality. They shall ensure in particular that neither marriage to an alien nor change of nationality by the husband during marriage shall automatically change the nationality of the wife, render her stateless or force upon her the nationality of the husband."
"Convention on the Elimination of All Forms of Discrimination against Women New York, 18 December 1979",,PART II,Article 9,2,parties shall grant women equal rights with men with respect to the nationality of their children.
"Convention on the Elimination of All Forms of Discrimination against Women New York, 18 December 1979",,PART III,Article 10,,"parties shall take all appropriate measures to eliminate discrimination against women in order to ensure to them equal rights with men in the field of education and in particular to ensure, on a basis of equality of men and women: (a) The same conditions for career and vocational guidance, for access to studies and for the achievement of diplomas in educational establishments of all categories in rural as well as in urban areas; this equality shall be ensured in pre-school, general, technical, professional and higher technical education, as well as in all types of vocational training;
(b) Access to the same curricula, the same examinations, teaching staff with qualifications of the same standard and school premises and equipment of the same quality;

(c) The elimination of any stereotyped concept of the roles of men and women at all levels and in all forms of education by encouraging coeducation and other types of education which will help to achieve this aim and, in particular, by the revision of textbooks and school programmes and the adaptation of teaching methods;

(d ) The same opportunities to benefit from scholarships and other study grants;

(e) The same opportunities for access to programmes of continuing education, including adult and functional literacy programmes, particulary those aimed at reducing, at the earliest possible time, any gap in education existing between men and women;

(f) The reduction of female student drop-out rates and the organization of programmes for girls and women who have left school prematurely;

(g) The same Opportunities to participate actively in sports and physical education;

(h) Access to specific educational information to help to ensure the health and well-being of families, including information and advice on family planning."
"Convention on the Elimination of All Forms of Discrimination against Women New York, 18 December 1979",,PART III,Article 11,1," parties shall take all appropriate measures to eliminate discrimination against women in the field of employment in order to ensure, on a basis of equality of men and women, the same rights, in particular: (a) The right to work as an inalienable right of all human beings;

(b) The right to the same employment opportunities, including the application of the same criteria for selection in matters of employment;

(c) The right to free choice of profession and employment, the right to promotion, job security and all benefits and conditions of service and the right to receive vocational training and retraining, including apprenticeships, advanced vocational training and recurrent training;

(d) The right to equal remuneration, including benefits, and to equal treatment in respect of work of equal value, as well as equality of treatment in the evaluation of the quality of work;

(e) The right to social security, particularly in cases of retirement, unemployment, sickness, invalidity and old age and other incapacity to work, as well as the right to paid leave;

(f) The right to protection of health and to safety in working conditions, including the safeguarding of the function of reproduction."
"Convention on the Elimination of All Forms of Discrimination against Women New York, 18 December 1979",,PART III,Article 11,2," In order to prevent discrimination against women on the grounds of marriage or maternity and to ensure their effective right to work, parties shall take appropriate measures: (a) To prohibit, subject to the imposition of sanctions, dismissal on the grounds of pregnancy or of maternity leave and discrimination in dismissals on the basis of marital status;
(b) To introduce maternity leave with pay or with comparable social benefits without loss of former employment, seniority or social allowances;

(c) To encourage the provision of the necessary supporting social services to enable parents to combine family obligations with work responsibilities and participation in public life, in particular through promoting the establishment and development of a network of child-care facilities;

(d) To provide special protection to women during pregnancy in types of work proved to be harmful to them."
"Convention on the Elimination of All Forms of Discrimination against Women New York, 18 December 1979",,PART III,Article 11,3,"Protective legislation relating to matters covered in this article shall be reviewed periodically in the light of scientific and technological knowledge and shall be revised, repealed or extended as necessary."
"Convention on the Elimination of All Forms of Discrimination against Women New York, 18 December 1979",,PART III,Article 12,1,"parties shall take all appropriate measures to eliminate discrimination against women in the field of health care in order to ensure, on a basis of equality of men and women, access to health care services, including those related to family planning."
"Convention on the Elimination of All Forms of Discrimination against Women New York, 18 December 1979",,PART III,Article 12,2,"Notwithstanding the provisions of paragraph I of this article, parties shall ensure to women appropriate services in connection with pregnancy, confinement and the post-natal period, granting free services where necessary, as well as adequate nutrition during pregnancy and lactation."
"Convention on the Elimination of All Forms of Discrimination against Women New York, 18 December 1979",,PART III,Article 13,,"parties shall take all appropriate measures to eliminate discrimination against women in other areas of economic and social life in order to ensure, on a basis of equality of men and women, the same rights, in particular: (a) The right to family benefits;
(b) The right to bank loans, mortgages and other forms of financial credit;

(c) The right to participate in recreational activities, sports and all aspects of cultural life."
"Convention on the Elimination of All Forms of Discrimination against Women New York, 18 December 1979",,PART III,Article 14,1," parties shall take into account the particular problems faced by rural women and the significant roles which rural women play in the economic survival of their families, including their work in the non-monetized sectors of the economy, and shall take all appropriate measures to ensure the application of the provisions of the present Convention to women in rural areas."
"Convention on the Elimination of All Forms of Discrimination against Women New York, 18 December 1979",,PART III,Article 14,2,"parties shall take all appropriate measures to eliminate discrimination against women in rural areas in order to ensure, on a basis of equality of men and women, that they participate in and benefit from rural development and, in particular, shall ensure to such women the right:

(a) To participate in the elaboration and implementation of development planning at all levels;
(b) To have access to adequate health care facilities, including information, counselling and services in family planning;

(c) To benefit directly from social security programmes;

(d) To obtain all types of training and education, formal and non-formal, including that relating to functional literacy, as well as, inter alia, the benefit of all community and extension services, in order to increase their technical proficiency;

(e) To organize self-help groups and co-operatives in order to obtain equal access to economic opportunities through employment or self employment;

(f) To participate in all community activities;

(g) To have access to agricultural credit and loans, marketing facilities, appropriate technology and equal treatment in land and agrarian reform as well as in land resettlement schemes;

(h) To enjoy adequate living conditions, particularly in relation to housing, sanitation, electricity and water supply, transport and communications."
"Convention on the Elimination of All Forms of Discrimination against Women New York, 18 December 1979",,PART IV,Article 15,1, parties shall accord to women equality with men before the law.
"Convention on the Elimination of All Forms of Discrimination against Women New York, 18 December 1979",,PART IV,Article 15,2,"parties shall accord to women, in civil matters, a legal capacity identical to that of men and the same opportunities to exercise that capacity. In particular, they shall give women equal rights to conclude contracts and to administer property and shall treat them equally in all stages of procedure in courts and tribunals."
"Convention on the Elimination of All Forms of Discrimination against Women New York, 18 December 1979",,PART IV,Article 15,3,parties agree that all contracts and all other private instruments of any kind with a legal effect which is directed at restricting the legal capacity of women shall be deemed null and void.
"Convention on the Elimination of All Forms of Discrimination against Women New York, 18 December 1979",,PART IV,Article 15,4,parties shall accord to men and women the same rights with regard to the law relating to the movement of persons and the freedom to choose their residence and domicile.
"Convention on the Elimination of All Forms of Discrimination against Women New York, 18 December 1979",,PART IV,Article 16,1,"parties shall take all appropriate measures to eliminate discrimination against women in all matters relating to marriage and family relations and in particular shall ensure, on a basis of equality of men and women: (a) The same right to enter into marriage;

(b) The same right freely to choose a spouse and to enter into marriage only with their free and full consent;

(c) The same rights and responsibilities during marriage and at its dissolution;

(d) The same rights and responsibilities as parents, irrespective of their marital status, in matters relating to their children; in all cases the interests of the children shall be paramount;

(e) The same rights to decide freely and responsibly on the number and spacing of their children and to have access to the information, education and means to enable them to exercise these rights;

(f) The same rights and responsibilities with regard to guardianship, wardship, trusteeship and adoption of children, or similar institutions where these concepts exist in national legislation; in all cases the interests of the children shall be paramount;

(g) The same personal rights as husband and wife, including the right to choose a family name, a profession and an occupation;

(h) The same rights for both spouses in respect of the ownership, acquisition, management, administration, enjoyment and disposition of property, whether free of charge or for a valuable consideration."
"Convention on the Elimination of All Forms of Discrimination against Women New York, 18 December 1979",,PART IV,Article 16,2,"The betrothal and the marriage of a child shall have no legal effect, and all necessary action, including legislation, shall be taken to specify a minimum age for marriage and to make the registration of marriages in an official registry compulsory."
"Convention on the Elimination of All Forms of Discrimination against Women New York, 18 December 1979",,PART V,Article 17,1," For the purpose of considering the progress made in the implementation of the present Convention, there shall be established a Committee on the Elimination of Discrimination against Women (hereinafter referred to as the Committee) consisting, at the time of entry into force of the Convention, of eighteen and, after ratification of or accession to the Convention by the thirty-fifth party, of twenty-three experts of high moral standing and competence in the field covered by the Convention. The experts shall be elected by parties from among their nationals and shall serve in their personal capacity, consideration being given to equitable geographical distribution and to the representation of the different forms of civilization as well as the principal legal systems."
"Convention on the Elimination of All Forms of Discrimination against Women New York, 18 December 1979",,PART V,Article 17,2,The members of the Committee shall be elected by secret ballot from a list of persons nominated by parties. Each party may nominate one person from among its own nationals.
"Convention on the Elimination of All Forms of Discrimination against Women New York, 18 December 1979",,PART V,Article 17,3,"The initial election shall be held six months after the date of the entry into force of the present Convention. At least three months before the date of each election the Secretary-General of the United Nations shall address a letter to the parties inviting them to submit their nominations within two months. The Secretary-General shall prepare a list in alphabetical order of all persons thus nominated, indicating the parties which have nominated them, and shall submit it to the parties."
"Convention on the Elimination of All Forms of Discrimination against Women New York, 18 December 1979",,PART V,Article 17,4,"Elections of the members of the Committee shall be held at a meeting of parties convened by the Secretary-General at United Nations Headquarters. At that meeting, for which two thirds of the parties shall constitute a quorum, the persons elected to the Committee shall be those nominees who obtain the largest number of votes and an absolute majority of the votes of the representatives of parties present and voting."
"Convention on the Elimination of All Forms of Discrimination against Women New York, 18 December 1979",,PART V,Article 17,5,"The members of the Committee shall be elected for a term of four years. However, the terms of nine of the members elected at the first election shall expire at the end of two years; immediately after the first election the names of these nine members shall be chosen by lot by the Chairman of the Committee."
"Convention on the Elimination of All Forms of Discrimination against Women New York, 18 December 1979",,PART V,Article 17,6,"The election of the five additional members of the Committee shall be held in accordance with the provisions of paragraphs 2, 3 and 4 of this article, following the thirty-fifth ratification or accession. The terms of two of the additional members elected on this occasion shall expire at the end of two years, the names of these two members having been chosen by lot by the Chairman of the Committee."
"Convention on the Elimination of All Forms of Discrimination against Women New York, 18 December 1979",,PART V,Article 17,7,"For the filling of casual vacancies, the party whose expert has ceased to function as a member of the Committee shall appoint another expert from among its nationals, subject to the approval of the Committee."
"Convention on the Elimination of All Forms of Discrimination against Women New York, 18 December 1979",,PART V,Article 17,8,"The members of the Committee shall, with the approval of the General Assembly, receive emoluments from United Nations resources on such terms and conditions as the Assembly may decide, having regard to the importance of the Committee's responsibilities."
"Convention on the Elimination of All Forms of Discrimination against Women New York, 18 December 1979",,PART V,Article 17,9,The Secretary-General of the United Nations shall provide the necessary staff and facilities for the effective performance of the functions of the Committee under the present Convention.
"Convention on the Elimination of All Forms of Discrimination against Women New York, 18 December 1979",,PART V,Article 18,1,"parties undertake to submit to the Secretary-General of the United Nations, for consideration by the Committee, a report on the legislative, judicial, administrative or other measures which they have adopted to give effect to the provisions of the present Convention and on the progress made in this respect: (a) Within one year after the entry into force for the State concerned;

(b) Thereafter at least every four years and further whenever the Committee so requests."
"Convention on the Elimination of All Forms of Discrimination against Women New York, 18 December 1979",,PART V,Article 18,2,Reports may indicate factors and difficulties affecting the degree of fulfilment of obligations under the present Convention.
"Convention on the Elimination of All Forms of Discrimination against Women New York, 18 December 1979",,PART V,Article 19,1,The Committee shall adopt its own rules of procedure.
"Convention on the Elimination of All Forms of Discrimination against Women New York, 18 December 1979",,PART V,Article 19,2,The Committee shall elect its officers for a term of two years.
"Convention on the Elimination of All Forms of Discrimination against Women New York, 18 December 1979",,PART V,Article 20,1,The Committee shall normally meet for a period of not more than two weeks annually in order to consider the reports submitted in accordance with article 18 of the present Convention.
"Convention on the Elimination of All Forms of Discrimination against Women New York, 18 December 1979",,PART V,Article 20,2,"The meetings of the Committee shall normally be held at United Nations Headquarters or at any other convenient place as determined by the Committee. (amendment, status of ratification)"
"Convention on the Elimination of All Forms of Discrimination against Women New York, 18 December 1979",,PART V,Article 21,1,"The Committee shall, through the Economic and Social Council, report annually to the General Assembly of the United Nations on its activities and may make suggestions and general recommendations based on the examination of reports and information received from the parties. Such suggestions and general recommendations shall be included in the report of the Committee together with comments, if any, from parties."
"Convention on the Elimination of All Forms of Discrimination against Women New York, 18 December 1979",,PART V,Article 21,2,The Secretary-General of the United Nations shall transmit the reports of the Committee to the Commission on the Status of Women for its information.
"Convention on the Elimination of All Forms of Discrimination against Women New York, 18 December 1979",,PART V,Article 22,,The specialized agencies shall be entitled to be represented at the consideration of the implementation of such provisions of the present Convention as fall within the scope of their activities. The Committee may invite the specialized agencies to submit reports on the implementation of the Convention in areas falling within the scope of their activities.
"Convention on the Elimination of All Forms of Discrimination against Women New York, 18 December 1979",,PART VI,Article 23,,"Nothing in the present Convention shall affect any provisions that are more conducive to the achievement of equality between men and women which may be contained: (a) In the legislation of a party; or
(b) In any other international convention, treaty or agreement in force for that State."
"Convention on the Elimination of All Forms of Discrimination against Women New York, 18 December 1979",,PART VI,Article 24,,parties undertake to adopt all necessary measures at the national level aimed at achieving the full realization of the rights recognized in the present Convention.
"Convention on the Elimination of All Forms of Discrimination against Women New York, 18 December 1979",,PART VI,Article 25,1,The present Convention shall be open for signature by all States.
"Convention on the Elimination of All Forms of Discrimination against Women New York, 18 December 1979",,PART VI,Article 25,2,The Secretary-General of the United Nations is designated as the depositary of the present Convention.
"Convention on the Elimination of All Forms of Discrimination against Women New York, 18 December 1979",,PART VI,Article 25,3,The present Convention is subject to ratification. Instruments of ratification shall be deposited with the Secretary-General of the United Nations.
"Convention on the Elimination of All Forms of Discrimination against Women New York, 18 December 1979",,PART VI,Article 25,4,The present Convention shall be open to accession by all States. Accession shall be effected by the deposit of an instrument of accession with the Secretary-General of the United Nations.
"Convention on the Elimination of All Forms of Discrimination against Women New York, 18 December 1979",,PART VI,Article 26,1,A request for the revision of the present Convention may be made at any time by any party by means of a notification in writing addressed to the Secretary-General of the United Nations.
"Convention on the Elimination of All Forms of Discrimination against Women New York, 18 December 1979",,PART VI,Article 26,2,"The General Assembly of the United Nations shall decide upon the steps, if any, to be taken in respect of such a request."
"Convention on the Elimination of All Forms of Discrimination against Women New York, 18 December 1979",,PART VI,Article 27,1,The present Convention shall enter into force on the thirtieth day after the date of deposit with the Secretary-General of the United Nations of the twentieth instrument of ratification or accession.
"Convention on the Elimination of All Forms of Discrimination against Women New York, 18 December 1979",,PART VI,Article 27,2,"For each State ratifying the present Convention or acceding to it after the deposit of the twentieth instrument of ratification or accession, the Convention shall enter into force on the thirtieth day after the date of the deposit of its own instrument of ratification or accession."
"Convention on the Elimination of All Forms of Discrimination against Women New York, 18 December 1979",,PART VI,Article 28,1,The Secretary-General of the United Nations shall receive and circulate to all States the text of reservations made by States at the time of ratification or accession.
"Convention on the Elimination of All Forms of Discrimination against Women New York, 18 December 1979",,PART VI,Article 28,2,A reservation incompatible with the object and purpose of the present Convention shall not be permitted.
"Convention on the Elimination of All Forms of Discrimination against Women New York, 18 December 1979",,PART VI,Article 28,3,"Reservations may be withdrawn at any time by notification to this effect addressed to the Secretary-General of the United Nations, who shall then inform all States thereof. Such notification shall take effect on the date on which it is received."
"Convention on the Elimination of All Forms of Discrimination against Women New York, 18 December 1979",,PART VI,Article 29,1,"Any dispute between two or more parties concerning the interpretation or application of the present Convention which is not settled by negotiation shall, at the request of one of them, be submitted to arbitration. If within six months from the date of the request for arbitration the parties are unable to agree on the organization of the arbitration, any one of those parties may refer the dispute to the International Court of Justice by request in conformity with the Statute of the Court."
"Convention on the Elimination of All Forms of Discrimination against Women New York, 18 December 1979",,PART VI,Article 29,2,Each party may at the time of signature or ratification of the present Convention or accession thereto declare that it does not consider itself bound by paragraph I of this article. The other parties shall not be bound by that paragraph with respect to any party which has made such a reservation.
"Convention on the Elimination of All Forms of Discrimination against Women New York, 18 December 1979",,PART VI,Article 29,3,Any party which has made a reservation in accordance with paragraph 2 of this article may at any time withdraw that reservation by notification to the Secretary-General of the United Nations.
"Convention on the Elimination of All Forms of Discrimination against Women New York, 18 December 1979",,PART VI,Article 30,,"The present Convention, the Arabic, Chinese, English, French, Russian and Spanish texts of which are equally authentic, shall be deposited with the Secretary-General of the United Nations.

IN WITNESS WHEREOF the undersigned, duly authorized, have signed the present Convention."
International Convention on the Elimination of All Forms of Racial Discrimination,21 December 1965,URI:,https://www.ohchr.org/en/instruments-mechanisms/instruments/international-convention-elimination-all-forms-racial,,
International Convention on the Elimination of All Forms of Racial Discrimination,,,Introduction,,"The parties to this Convention,

Considering that the Charter of the United Nations is based on the principles of the dignity and equality inherent in all human beings, and that all member parties have pledged themselves to take joint and separate action, in co-operation with the Organization, for the achievement of one of the purposes of the United Nations which is to promote and encourage universal respect for and observance of human rights and fundamental freedoms for all, without distinction as to race, sex, language or religion,
Considering that the Universal Declaration of Human Rights proclaims that all human beings are born free and equal in dignity and rights and that everyone is entitled to all the rights and freedoms set out therein, without distinction of any kind, in particular as to race, colour or national origin,

Considering that all human beings are equal before the law and are entitled to equal protection of the law against any discrimination and against any incitement to discrimination,

Considering that the United Nations has condemned colonialism and all practices of segregation and discrimination associated therewith, in whatever form and wherever they exist, and that the Declaration on the Granting of Independence to Colonial Countries and Peoples of 14 December 1960 (General Assembly resolution 1514 (XV)) has affirmed and solemnly proclaimed the necessity of bringing them to a speedy and unconditional end,

Considering that the United Nations Declaration on the Elimination of All Forms of Racial Discrimination of 20 November 1963 (General Assembly resolution 1904 (XVIII)) solemnly affirms the necessity of speedily eliminating racial discrimination throughout the world in all its forms and manifestations and of securing understanding of and respect for the dignity of the human person,

Convinced that any doctrine of superiority based on racial differentiation is scientifically false, morally condemnable, socially unjust and dangerous, and that there is no justification for racial discrimination, in theory or in practice, anywhere,

Reaffirming that discrimination between human beings on the grounds of race, colour or ethnic origin is an obstacle to friendly and peaceful relations among nations and is capable of disturbing peace and security among peoples and the harmony of persons living side by side even within one and the same State,

Convinced that the existence of racial barriers is repugnant to the ideals of any human society,

Alarmed by manifestations of racial discrimination still in evidence in some areas of the world and by governmental policies based on racial superiority or hatred, such as policies of apartheid, segregation or separation,

Resolved to adopt all necessary measures for speedily eliminating racial discrimination in all its forms and manifestations, and to prevent and combat racist doctrines and practices in order to promote understanding between races and to build an international community free from all forms of racial segregation and racial discrimination,

Bearing in mind the Convention concerning Discrimination in respect of Employment and Occupation adopted by the International Labour Organisation in 1958, and the Convention against Discrimination in Education adopted by the United Nations Educational, Scientific and Cultural Organization in 1960,

Desiring to implement the principles embodied in the United Nations Declaration on the Elimination of Al l Forms of Racial Discrimination and to secure the earliest adoption of practical measures to that end,

Have agreed as follows:"
International Convention on the Elimination of All Forms of Racial Discrimination,,PART I,Article 1,1,"In this Convention, the term ""racial discrimination"" shall mean any distinction, exclusion, restriction or preference based on race, colour, descent, or national or ethnic origin which has the purpose or effect of nullifying or impairing the recognition, enjoyment or exercise, on an equal footing, of human rights and fundamental freedoms in the political, economic, social, cultural or any other field of public life."
International Convention on the Elimination of All Forms of Racial Discrimination,,PART I,,2,"This Convention shall not apply to distinctions, exclusions, restrictions or preferences made by a party to this Convention between citizens and non-citizens."
International Convention on the Elimination of All Forms of Racial Discrimination,,PART I,,3,"Nothing in this Convention may be interpreted as affecting in any way the legal provisions of parties concerning nationality, citizenship or naturalization, provided that such provisions do not discriminate against any particular nationality."
International Convention on the Elimination of All Forms of Racial Discrimination,,PART I,,4,"Special measures taken for the sole purpose of securing adequate advancement of certain racial or ethnic groups or individuals requiring such protection as may be necessary in order to ensure such groups or individuals equal enjoyment or exercise of human rights and fundamental freedoms shall not be deemed racial discrimination, provided, however, that such measures do not, as a consequence, lead to the maintenance of separate rights for different racial groups and that they shall not be continued after the objectives for which they were taken have been achieved."
International Convention on the Elimination of All Forms of Racial Discrimination,,PART I,Article 2,1,"parties condemn racial discrimination and undertake to pursue by all appropriate means and without delay a policy of eliminating racial discrimination in all its forms and promoting understanding among all races, and, to this end: (a) Each party undertakes to engage in no act or practice of racial discrimination against persons, groups of persons or institutions and to en sure that all public authorities and public institutions, national and local, shall act in conformity with this obligation;
(b) Each party undertakes not to sponsor, defend or support racial discrimination by any persons or organizations;

(c) Each party shall take effective measures to review governmental, national and local policies, and to amend, rescind or nullify any laws and regulations which have the effect of creating or perpetuating racial discrimination wherever it exists;

(d) Each party shall prohibit and bring to an end, by all appropriate means, including legislation as required by circumstances, racial discrimination by any persons, group or organization;

(e) Each party undertakes to encourage, where appropriate, integrationist multiracial organizations and movements and other means of eliminating barriers between races, and to discourage anything which tends to strengthen racial division."
International Convention on the Elimination of All Forms of Racial Discrimination,,PART I,,2,"parties shall, when the circumstances so warrant, take, in the social, economic, cultural and other fields, special and concrete measures to ensure the adequate development and protection of certain racial groups or individuals belonging to them, for the purpose of guaranteeing them the full and equal enjoyment of human rights and fundamental freedoms. These measures shall in no case en tail as a con sequence the maintenance of unequal or separate rights for different racial groups after the objectives for which they were taken have been achieved."
International Convention on the Elimination of All Forms of Racial Discrimination,,PART I,Article 3,,"parties particularly condemn racial segregation and apartheid and undertake to prevent, prohibit and eradicate all practices of this nature in territories under their jurisdiction."
International Convention on the Elimination of All Forms of Racial Discrimination,,PART I,Article 4,,"parties condemn all propaganda and all organizations which are based on ideas or theories of superiority of one race or group of persons of one colour or ethnic origin, or which attempt to justify or promote racial hatred and discrimination in any form, and undertake to adopt immediate and positive measures designed to eradicate all incitement to, or acts of, such discrimination and, to this end, with due regard to the principles embodied in the Universal Declaration of Human Rights and the rights expressly set forth in article 5 of this Convention, inter alia:

(a) Shall declare an offence punishable by law all dissemination of ideas based on racial superiority or hatred, incitement to racial discrimination, as well as all acts of violence or incitement to such acts against any race or group of persons of another colour or ethnic origin, and also the provision of any assistance to racist activities, including the financing thereof;

(b) Shall declare illegal and prohibit organizations, and also organized and all other propaganda activities, which promote and incite racial discrimination, and shall recognize participation in such organizations or activities as an offence punishable by law;

(c) Shall not permit public authorities or public institutions, national or local, to promote or incite racial discrimination."
International Convention on the Elimination of All Forms of Racial Discrimination,,PART I,Article 5,,"In compliance with the fundamental obligations laid down in article 2 of this Convention, parties undertake to prohibit and to eliminate racial discrimination in all its forms and to guarantee the right of everyone, without distinction as to race, colour, or national or ethnic origin, to equality before the law, notably in the enjoyment of the following rights:

(a) The right to equal treatment before the tribunals and all other organs administering justice;

(b) The right to security of person and protection by the State against violence or bodily harm, whether inflicted by government officials or by any individual group or institution;

(c) Political rights, in particular the right to participate in elections-to vote and to stand for election-on the basis of universal and equal suffrage, to take part in the Government as well as in the conduct of public affairs at any level and to have equal access to public service;

(d) Other civil rights, in particular:

(i) The right to freedom of movement and residence within the border of the State;

(ii) The right to leave any country, including one's own, and to return to one's country;

(iii) The right to nationality;

(iv) The right to marriage and choice of spouse;

(v) The right to own property alone as well as in association with others;

(vi) The right to inherit;

(vii) The right to freedom of thought, conscience and religion;

(viii) The right to freedom of opinion and expression;

(ix) The right to freedom of peaceful assembly and association;

(e) Economic, social and cultural rights, in particular:

(i) The rights to work, to free choice of employment, to just and favourable conditions of work, to protection against unemployment, to equal pay for equal work, to just and favourable remuneration;

(ii) The right to form and join trade unions;

(iii) The right to housing;

(iv) The right to public health, medical care, social security and social services;

(v) The right to education and training;

(vi) The right to equal participation in cultural activities;

(f) The right of access to any place or service intended for use by the general public, such as transport hotels, restaurants, cafes, theatres and parks."
International Convention on the Elimination of All Forms of Racial Discrimination,,PART I,Article 6,,"parties shall assure to everyone within their jurisdiction effective protection and remedies, through the competent national tribunals and other State institutions, against any acts of racial discrimination which violate his human rights and fundamental freedoms contrary to this Convention, as well as the right to seek from such tribunals just and adequate reparation or satisfaction for any damage suffered as a result of such discrimination."
International Convention on the Elimination of All Forms of Racial Discrimination,,PART I,Article 7,,"parties undertake to adopt immediate and effective measures, particularly in the fields of teaching, education, culture and information, with a view to combating prejudices which lead to racial discrimination and to promoting understanding, tolerance and friendship among nations and racial or ethnical groups, as well as to propagating the purposes and principles of the Charter of the United Nations, the Universal Declaration of Human Rights, the United Nations Declaration on the Elimination of All Forms of Racial Discrimination, and this Convention."
International Convention on the Elimination of All Forms of Racial Discrimination,,PART II,Article 8,1,"There shall be established a Committee on the Elimination of Racial Discrimination (hereinafter referred to as the Committee) consisting of eighteen experts of high moral standing and acknowledged impartiality elected by parties from among their nationals, who shall serve in their personal capacity, consideration being given to equitable geographical distribution and to the representation of the different forms of civilization as well as of the principal legal systems."
International Convention on the Elimination of All Forms of Racial Discrimination,,PART II,Article 8,2,The members of the Committee shall be elected by secret ballot from a list of persons nominated by the parties. Each party may nominate one person from among its own nationals.
International Convention on the Elimination of All Forms of Racial Discrimination,,PART II,Article 8,3,"The initial election shall be held six months after the date of the entry into force of this Convention. At least three months before the date of each election the Secretary-General of the United Nations shall address a letter to the parties inviting them to submit their nominations within two months. The Secretary-General shall prepare a list in alphabetical order of all persons thus nominated, indicating the parties which have nominated them, and shall submit it to the parties."
International Convention on the Elimination of All Forms of Racial Discrimination,,PART II,Article 8,4,"Elections of the members of the Committee shall be held at a meeting of parties convened by the Secretary-General at United Nations Headquarters. At that meeting, for which two thirds of the parties shall constitute a quorum, the persons elected to the Committee shall be nominees who obtain the largest number of votes and an absolute majority of the votes of the representatives of parties present and voting."
International Convention on the Elimination of All Forms of Racial Discrimination,,PART II,Article 8,5,"(a) The members of the Committee shall be elected for a term of four years. However, the terms of nine of the members elected at the first election shall expire at the end of two years; immediately after the first election the names of these nine members shall be chosen by lot by the Chairman of the Committee;

(b) For the filling of casual vacancies, the party whose expert has ceased to function as a member of the Committee shall appoint another expert from among its nationals, subject to the approval of the Committee."
International Convention on the Elimination of All Forms of Racial Discrimination,,PART II,Article 8,6, parties shall be responsible for the expenses of the members of the Committee while they are in performance of Committee duties.
International Convention on the Elimination of All Forms of Racial Discrimination,,PART II,Article 9,1,"parties undertake to submit to the Secretary-General of the United Nations, for consideration by the Committee, a report on the legislative, judicial, administrative or other measures which they have adopted and which give effect to the provisions of this Convention: (a) within one year after the entry into force of the Convention for the State concerned; and

(b) thereafter every two years and whenever the Committee so requests. The Committee may request further information from the parties."
International Convention on the Elimination of All Forms of Racial Discrimination,,PART II,Article 9,2,"The Committee shall report annually, through the Secretary General, to the General Assembly of the United Nations on its activities and may make suggestions and general recommendations based on the examination of the reports and information received from the parties. Such suggestions and general recommendations shall be reported to the General Assembly together with comments, if any, from parties."
International Convention on the Elimination of All Forms of Racial Discrimination,,PART II,Article 10,1,The Committee shall adopt its own rules of procedure.
International Convention on the Elimination of All Forms of Racial Discrimination,,PART II,Article 10,2,The Committee shall elect its officers for a term of two years.
International Convention on the Elimination of All Forms of Racial Discrimination,,PART II,Article 10,3,The secretariat of the Committee shall be provided by the Secretary General of the United Nations.
International Convention on the Elimination of All Forms of Racial Discrimination,,PART II,Article 10,4,The meetings of the Committee shall normally be held at United Nations Headquarters.
International Convention on the Elimination of All Forms of Racial Discrimination,,PART II,Article 11,1,"If a party considers that another party is not giving effect to the provisions of this Convention, it may bring the matter to the attention of the Committee. The Committee shall then transmit the communication to the party concerned. Within three months, the receiving State shall submit to the Committee written explanations or statements clarifying the matter and the remedy, if any, that may have been taken by that State."
International Convention on the Elimination of All Forms of Racial Discrimination,,PART II,Article 11,2,"If the matter is not adjusted to the satisfaction of both parties, either by bilateral negotiations or by any other procedure open to them, within six months after the receipt by the receiving State of the initial communication, either State shall have the right to refer the matter again to the Committee by notifying the Committee and also the other State."
International Convention on the Elimination of All Forms of Racial Discrimination,,PART II,Article 11,3,"The Committee shall deal with a matter referred to it in accordance with paragraph 2 of this article after it has ascertained that all available domestic remedies have been invoked and exhausted in the case, in conformity with the generally recognized principles of international law. This shall not be the rule where the application of the remedies is unreasonably prolonged."
International Convention on the Elimination of All Forms of Racial Discrimination,,PART II,Article 11,4,"In any matter referred to it, the Committee may call upon the parties concerned to supply any other relevant information."
International Convention on the Elimination of All Forms of Racial Discrimination,,PART II,Article 11,5,"When any matter arising out of this article is being considered by the Committee, the parties concerned shall be entitled to send a representative to take part in the proceedings of the Committee, without voting rights, while the matter is under consideration."
International Convention on the Elimination of All Forms of Racial Discrimination,,PART II,Article 12,1,"(a) After the Committee has obtained and collated all the information it deems necessary, the Chairman shall appoint an ad hoc Conciliation Commission (hereinafter referred to as the Commission) comprising five persons who may or may not be members of the Committee. The members of the Commission shall be appointed with the unanimous consent of the parties to the dispute, and its good offices shall be made available to the States concerned with a view to an amicable solution of the matter on the basis of respect for this Convention;
(b) If the parties to the dispute fail to reach agreement within three months on all or part of the composition of the Commission, the members of the Commission not agreed upon by the parties to the dispute shall be elected by secret ballot by a two-thirds majority vote of the Committee from among its own members."
International Convention on the Elimination of All Forms of Racial Discrimination,,PART II,Article 12,2,The members of the Commission shall serve in their personal capacity. They shall not be nationals of the parties to the dispute or of a State not Party to this Convention.
International Convention on the Elimination of All Forms of Racial Discrimination,,PART II,Article 12,3,The Commission shall elect its own Chairman and adopt its own rules of procedure.
International Convention on the Elimination of All Forms of Racial Discrimination,,PART II,Article 12,4,The meetings of the Commission shall normally be held at United Nations Headquarters or at any other convenient place as determined by the Commission.
International Convention on the Elimination of All Forms of Racial Discrimination,,PART II,Article 12,5,"The secretariat provided in accordance with article 10, paragraph 3, of this Convention shall also service the Commission whenever a dispute among parties brings the Commission into being."
International Convention on the Elimination of All Forms of Racial Discrimination,,PART II,Article 12,6,The parties to the dispute shall share equally all the expenses of the members of the Commission in accordance with estimates to be provided by the Secretary-General of the United Nations.
International Convention on the Elimination of All Forms of Racial Discrimination,,PART II,Article 12,7,"The Secretary-General shall be empowered to pay the expenses of the members of the Commission, if necessary, before reimbursement by the parties to the dispute in accordance with paragraph 6 of this article."
International Convention on the Elimination of All Forms of Racial Discrimination,,PART II,Article 12,8,"The information obtained and collated by the Committee shall be made available to the Commission, and the Commission may call upon the States concerned to supply any other relevant information."
International Convention on the Elimination of All Forms of Racial Discrimination,,PART II,Article 13,1,"When the Commission has fully considered the matter, it shall prepare and submit to the Chairman of the Committee a report embodying its findings on all questions of fact relevant to the issue between the parties and containing such recommendations as it may think proper for the amicable solution of the dispute."
International Convention on the Elimination of All Forms of Racial Discrimination,,PART II,Article 13,2,"The Chairman of the Committee shall communicate the report of the Commission to each of the parties to the dispute. These States shall, within three months, inform the Chairman of the Committee whether or not they accept the recommendations contained in the report of the Commission."
International Convention on the Elimination of All Forms of Racial Discrimination,,PART II,Article 13,3,"After the period provided for in paragraph 2 of this article, the Chairman of the Committee shall communicate the report of the Commission and the declarations of the parties concerned to the other parties to this Convention."
International Convention on the Elimination of All Forms of Racial Discrimination,,PART II,Article 14,1,A party may at any time declare that it recognizes the competence of the Committee to receive and consider communications from individuals or groups of individuals within its jurisdiction claiming to be victims of a violation by that party of any of the rights set forth in this Convention. No communication shall be received by the Committee if it concerns a party which has not made such a declaration.
International Convention on the Elimination of All Forms of Racial Discrimination,,PART II,Article 14,2,Any party which makes a declaration as provided for in paragraph I of this article may establish or indicate a body within its national legal order which shall be competent to receive and consider petitions from individuals and groups of individuals within its jurisdiction who claim to be victims of a violation of any of the rights set forth in this Convention and who have exhausted other available local remedies.
International Convention on the Elimination of All Forms of Racial Discrimination,,PART II,Article 14,3,"A declaration made in accordance with paragraph 1 of this article and the name of any body established or indicated in accordance with paragraph 2 of this article shall be deposited by the party concerned with the Secretary-General of the United Nations, who shall transmit copies thereof to the other parties. A declaration may be withdrawn at any time by notification to the Secretary-General, but such a withdrawal shall not affect communications pending before the Committee."
International Convention on the Elimination of All Forms of Racial Discrimination,,PART II,Article 14,4,"A register of petitions shall be kept by the body established or indicated in accordance with paragraph 2 of this article, and certified copies of the register shall be filed annually through appropriate channels with the Secretary-General on the understanding that the contents shall not be publicly disclosed."
International Convention on the Elimination of All Forms of Racial Discrimination,,PART II,Article 14,5,"In the event of failure to obtain satisfaction from the body established or indicated in accordance with paragraph 2 of this article, the petitioner shall have the right to communicate the matter to the Committee within six months."
International Convention on the Elimination of All Forms of Racial Discrimination,,PART II,Article 14,6,"(a) The Committee shall confidentially bring any communication referred to it to the attention of the party alleged to be violating any provision of this Convention, but the identity of the individual or groups of individuals concerned shall not be revealed without his or their express consent. The Committee shall not receive anonymous communications;

(b) Within three months, the receiving State shall submit to the Committee written explanations or statements clarifying the matter and the remedy, if any, that may have been taken by that State."
International Convention on the Elimination of All Forms of Racial Discrimination,,PART II,Article 14,7,"(a) The Committee shall consider communications in the light of all information made available to it by the party concerned and by the petitioner. The Committee shall not consider any communication from a petitioner unless it has ascertained that the petitioner has exhausted all available domestic remedies. However, this shall not be the rule where the application of the remedies is unreasonably prolonged;

(b) The Committee shall forward its suggestions and recommendations, if any, to the party concerned and to the petitioner."
International Convention on the Elimination of All Forms of Racial Discrimination,,PART II,Article 14,8,"The Committee shall include in its annual report a summary of such communications and, where appropriate, a summary of the explanations and statements of the parties concerned and of its own suggestions and recommendations."
International Convention on the Elimination of All Forms of Racial Discrimination,,PART II,Article 14,9,The Committee shall be competent to exercise the functions provided for in this article only when at least ten parties to this Convention are bound by declarations in accordance with paragraph I of this article.
International Convention on the Elimination of All Forms of Racial Discrimination,,PART II,Article 15,1,"Pending the achievement of the objectives of the Declaration on the Granting of Independence to Colonial Countries and Peoples, contained in General Assembly resolution 1514 (XV) of 14 December 1960, the provisions of this Convention shall in no way limit the right of petition granted to these peoples by other international instruments or by the United Nations and its specialized agencies."
International Convention on the Elimination of All Forms of Racial Discrimination,,PART II,Article 15,2,"(a) The Committee established under article 8, paragraph 1, of this Convention shall receive copies of the petitions from, and submit expressions of opinion and recommendations on these petitions to, the bodies of the United Nations which deal with matters directly related to the principles and objectives of this Convention in their consideration of petitions from the inhabitants of Trust and Non-Self-Governing Territories and all other territories to which General Assembly resolution 1514 (XV) applies, relating to matters covered by this Convention which are before these bodies;

(b) The Committee shall receive from the competent bodies of the United Nations copies of the reports concerning the legislative, judicial, administrative or other measures directly related to the principles and objectives of this Convention applied by the administering Powers within the Territories mentioned in subparagraph (a) of this paragraph, and shall express opinions and make recommendations to these bodies."
International Convention on the Elimination of All Forms of Racial Discrimination,,PART II,Article 15,3,"The Committee shall include in its report to the General Assembly a summary of the petitions and reports it has received from United Nations bodies, and the expressions of opinion and recommendations of the Committee relating to the said petitions and reports."
International Convention on the Elimination of All Forms of Racial Discrimination,,PART II,Article 15,4,The Committee shall request from the Secretary-General of the United Nations all information relevant to the objectives of this Convention and available to him regarding the Territories mentioned in paragraph 2 (a) of this article.
International Convention on the Elimination of All Forms of Racial Discrimination,,PART II,Article 16,,"The provisions of this Convention concerning the settlement of disputes or complaints shall be applied without prejudice to other procedures for settling disputes or complaints in the field of discrimination laid down in the constituent instruments of, or conventions adopted by, the United Nations and its specialized agencies, and shall not prevent the parties from having recourse to other procedures for settling a dispute in accordance with general or special international agreements in force between them."
International Convention on the Elimination of All Forms of Racial Discrimination,,PART III,Article 17,1,"This Convention is open for signature by any State Member of the United Nations or member of any of its specialized agencies, by any party to the Statute of the International Court of Justice, and by any other State which has been invited by the General Assembly of the United Nations to become a Party to this Convention."
International Convention on the Elimination of All Forms of Racial Discrimination,,PART III,Article 17,2,This Convention is subject to ratification. Instruments of ratification shall be deposited with the Secretary-General of the United Nations.
International Convention on the Elimination of All Forms of Racial Discrimination,,PART III,Article 18,,"This Convention shall be open to accession by any State referred to in article 17, paragraph 1, of the Convention. 2. Accession shall be effected by the deposit of an instrument of accession with the Secretary-General of the United Nations."
International Convention on the Elimination of All Forms of Racial Discrimination,,PART III,Article 19,1,This Convention shall enter into force on the thirtieth day after the date of the deposit with the Secretary-General of the United Nations of the twenty-seventh instrument of ratification or instrument of accession.
International Convention on the Elimination of All Forms of Racial Discrimination,,PART III,Article 19,2,"For each State ratifying this Convention or acceding to it after the deposit of the twenty-seventh instrument of ratification or instrument of accession, the Convention shall enter into force on the thirtieth day after the date of the deposit of its own instrument of ratification or instrument of accession."
International Convention on the Elimination of All Forms of Racial Discrimination,,PART III,Article 20,1,"The Secretary-General of the United Nations shall receive and circulate to all States which are or may become Parties to this Convention reservations made by States at the time of ratification or accession. Any State which objects to the reservation shall, within a period of ninety days from the date of the said communication, notify the Secretary-General that it does not accept it."
International Convention on the Elimination of All Forms of Racial Discrimination,,PART III,Article 20,2,"A reservation incompatible with the object and purpose of this Convention shall not be permitted, nor shall a reservation the effect of which would inhibit the operation of any of the bodies established by this Convention be allowed. A reservation shall be considered incompatible or inhibitive if at least two thirds of the parties to this Convention object to it."
International Convention on the Elimination of All Forms of Racial Discrimination,,PART III,Article 20,3,Reservations may be withdrawn at any time by notification to this effect addressed to the Secretary-General. Such notification shall take effect on the date on which it is received.
International Convention on the Elimination of All Forms of Racial Discrimination,,PART III,Article 21,,A party may denounce this Convention by written notification to the Secretary-General of the United Nations. Denunciation shall take effect one year after the date of receipt of the notification by the Secretary General.
International Convention on the Elimination of All Forms of Racial Discrimination,,PART III,Article 22,,"Any dispute between two or more parties with respect to the interpretation or application of this Convention, which is not settled by negotiation or by the procedures expressly provided for in this Convention, shall, at the request of any of the parties to the dispute, be referred to the International Court of Justice for decision, unless the disputants agree to another mode of settlement."
International Convention on the Elimination of All Forms of Racial Discrimination,,PART III,Article 23,1,A request for the revision of this Convention may be made at any time by any party by means of a notification in writing addressed to the Secretary-General of the United Nations.
International Convention on the Elimination of All Forms of Racial Discrimination,,PART III,Article 23,2,"The General Assembly of the United Nations shall decide upon the steps, if any, to be taken in respect of such a request."
International Convention on the Elimination of All Forms of Racial Discrimination,,PART III,Article 24,,"The Secretary-General of the United Nations shall inform all States referred to in article 17, paragraph 1, of this Convention of the following particulars:

(a) Signatures, ratifications and accessions under articles 17 and 18;

(b) The date of entry into force of this Convention under article 19;

(c) Communications and declarations received under articles 14, 20 and 23;

(d) Denunciations under article 21."
International Convention on the Elimination of All Forms of Racial Discrimination,,PART III,Article 25,1,"This Convention, of which the Chinese, English, French, Russian and Spanish texts are equally authentic, shall be deposited in the archives of the United Nations."
International Convention on the Elimination of All Forms of Racial Discrimination,,PART III,Article 25,2,"The Secretary-General of the United Nations shall transmit certified copies of this Convention to all States belonging to any of the categories mentioned in article 17, paragraph 1, of the Convention."
Declaration on Social Progress and Development,11 December 1969,URI:,https://www.ohchr.org/en/instruments-mechanisms/instruments/declaration-social-progress-and-development,,
Declaration on Social Progress and Development,,,,,
Declaration on Social Progress and Development,,INTRODUCTION,,,"The General Assembly ,

Mindful of the pledge of Members of the United Nations under the Charter to take joint and separate action in co-operation with the Organization to promote higher standards of living, full employment and conditions of economic and social progress and development,

Reaffirming faith in human rights and fundamental freedoms and in the principles of peace, of the dignity and worth of the human person, and of social justice proclaimed in the Charter,

Recalling the principles of the Universal Declaration of Human Rights, the International Covenants on Human Rights, the Declaration of the Rights of the Child, the Declaration on the Granting of Independence to Colonial Countries and Peoples, the International Convention on the Elimination of All Forms of Racial Discrimination, the United Nations Declaration on the Elimination of All Forms of Racial Discrimination, the Declaration on the Promotion among Youth of the Ideals of Peace, Mutual Respect and Understanding between Peoples, the Declaration on the Elimination of Discrimination against Women and of resolutions of the United Nations,

Bearing in mind the standards already set for social progress in the constitutions, conventions, recommendations and resolutions of the International Labour Organisation, the Food and Agriculture Organization of the United Nations, the United Nations Educational, Scientific and Cultural Organization, the World Health Organization, the United Nations Children's Fund and of other organizations concerned,

Convinced that man can achieve complete fulfilment of his aspirations only within a just social order and that it is consequently of cardinal importance to accelerate social and economic progress everywhere, thus contributing to international peace and solidarity,

Convinced that international peace and security on the one hand, and social progress and economic development on the other, are closely interdependent and influence each other,

Persuaded that social development can be promoted by peaceful coexistence, friendly relations and co-operation among States with different social, economic or political systems,

Emphasizing the interdependence of economic and social development in the wider process of growth and change, as well as the importance of a strategy of integrated development which takes full account at all stages of its social aspects,

Regretting the inadequate progress achieved in the world social situation despite the efforts of States and the international community,

Recognizing that the primary responsibility for the development of the developing countries rests on those countries themselves and acknowledging the pressing need to narrow and eventually close the gap in the standards of living between economically more advanced and developing countries and, to that end, that member parties shall have the responsibility to pursue internal and external policies designed to promote social development throughout the world, and in particular to assist developing countries to accelerate their economic growth,

Recognizing the urgency of devoting to works of peace and social progress resources being expended on armaments and wasted on conflict and destruction,

Conscious of the contribution that science and technology can render towards meeting the needs common to all humanity,

Believing that the primary task of all States and international organizations is to eliminate from the life of society all evils and obstacles to social progress, particularly such evils as inequality, exploitation, war, colonialism and racism,

Desirous of promoting the progress of all mankind towards these goals and of overcoming all obstacles to their realization,

Solemnly proclaims this Declaration on Social Progress and Development and calls for national and international action for its use as a common basis for social development policies:"
Declaration on Social Progress and Development,Part I,PRINCIPLES,Article 1,,"All peoples and all human beings, without distinction as to race, colour, sex, language, religion, nationality, ethnic origin, family or social status, or political or other conviction, shall have the right to live in dignity and freedom and to enjoy the fruits of social progress and should, on their part, contribute to it."
Declaration on Social Progress and Development,Part I,PRINCIPLES,Article 2,,"Social progress and development shall be founded on respect for the dignity and value of the human person and shall ensure the promotion of human rights and social justice, which requires:

(a) The immediate and final elimination of all forms of inequality, exploitation of peoples and individuals, colonialism and racism, including nazism and apartheid , and all other policies and ideologies opposed to the purposes and principles of the United Nations;

(b) The recognition and effective implementation of civil and political rights as well as of economic, social and cultural rights without any discrimination."
Declaration on Social Progress and Development,Part I,PRINCIPLES,Article 3,,"The following are considered primary conditions of social progress and development:

(a) National independence based on the right of peoples to self-determination;

(b) The principle of non-interference in the internal affairs of States;

(c) Respect for the sovereignty and territorial integrity of States;

(d) Permanent sovereignty of each nation over its natural wealth and resources;

(e) The right and responsibility of each State and, as far as they are concerned, each nation and people to determine freely its own objectives of social development, to set its own priorities and to decide in conformity with the principles of the Charter of the United Nations the means and methods of their achievement without any external interference;

(f) Peaceful coexistence, peace, friendly relations and co-operation among States irrespective of differences in their social, economic or political systems."
Declaration on Social Progress and Development,Part I,PRINCIPLES,Article 4,,"The family as a basic unit of society and the natural environment for the growth and well-being of all its members, particularly children and youth, should be assisted and protected so that it may fully assume its responsibilities within the community. Parents have the exclusive right to determine freely and responsibly the number and spacing of their children."
Declaration on Social Progress and Development,Part I,PRINCIPLES,Article 5,,"Social progress and development require the full utilization of human resources, including, in particular:

(a) The encouragement of creative initiative under conditions of enlightened public opinion;

(b) The dissemination of national and international information for the purpose of making individuals aware of changes occurring in society as a whole;

(c) The active participation of all elements of society, individually or through associations, in defining and in achieving the common goals of development with full respect for the fundamental freedoms embodied in the Universal Declaration of Human Rights;

(d) The assurance to disadvantaged or marginal sectors of the population of equal opportunities for social and economic advancement in order to achieve an effectively integrated society."
Declaration on Social Progress and Development,Part I,PRINCIPLES,Article 6,,"Social development requires the assurance to everyone of the right to work and the free choice of employment.

Social progress and development require the participation of all members of society in productive and socially useful labour and the establishment, in conformity with human rights and fundamental freedoms and with the principles of justice and the social function of property, of forms of ownership of land and of the means of production which preclude any kind of exploitation of man, ensure equal rights to property for all and create conditions leading to genuine equality among people."
Declaration on Social Progress and Development,Part I,PRINCIPLES,Article 7,,"The rapid expansion of national income and wealth and their equitable distribution among all members of society are fundamental to all social progress, and they should therefore be in the forefront of the preoccupations of every State and Government.

The improvement in the position of the developing countries in international trade resulting among other things from the achievement of favourable terms of trade and of equitable and remunerative prices at which developing countries market their products is necessary in order to make it possible to increase national income and in order to advance social development."
Declaration on Social Progress and Development,Part I,PRINCIPLES,Article 8,,"Each Government has the primary role and ultimate responsibility of ensuring the social progress and well-being of its people, of planning social development measures as part of comprehensive development plans, of encouraging and co-ordinating or integrating all national efforts towards this end and of introducing necessary changes in the social structure. In planning social development measures, the diversity of the needs of developing and developed areas, and of urban and rural areas, within each country, shall be taken into due account."
Declaration on Social Progress and Development,Part I,PRINCIPLES,Article 9,,"Social progress and development are the common concerns of the international community, which shall supplement, by concerted international action, national efforts to raise the living standards of peoples.

Social progress and economic growth require recognition of the common interest of all nations in the exploration, conservation, use and exploitation, exclusively for peaceful purposes and in the interests of all mankind, of those areas of the environment such as outer space and the sea-bed and ocean floor and the subsoil thereof, beyond the limits of national jurisdiction, in accordance with the purposes and principles of the Charter of the United Nations."
Declaration on Social Progress and Development,Part II,OBJECTIVES,,,"Social progress and development shall aim at the continuous raising of the material and spiritual standards of living of all members of society, with respect for and in compliance with human rights and fundamental freedoms, through the attainment of the following main goals:"
Declaration on Social Progress and Development,Part II,OBJECTIVES,Article 10,,"(a) The assurance at all levels of the right to work and the right of everyone to form trade unions and workers' associations and to bargain collectively; promotion of full productive employment and elimination of unemployment and under-employment; establishment of equitable and favourable conditions of work for all, including the improvement of health and safety conditions; assurance of just remuneration for labour without any discrimination as well as a sufficiently high minimum wage to ensure a decent standard of living; the protection of the consumer;

(b) The elimination of hunger and malnutrition and the guarantee of the right to proper nutrition;

(c) The elimination of poverty; the assurance of a steady improvement in levels of living and of a just and equitable distribution of income;

(d) The achievement of the highest standards of health and the provision of health protection for the entire population, if possible free of charge;

(e) The eradication of illiteracy and the assurance of the right to universal access to culture, to free compulsory education at the elementary level and to free education at all levels; the raising of the general level of life-long education;

(f) The provision for all, particularly persons in low income groups and large families, of adequate housing and community services.

Social progress and development shall aim equally at the progressive attainment of the following main goals:"
Declaration on Social Progress and Development,Part II,OBJECTIVES,Article 11,,"(a) The provision of comprehensive social security schemes and social welfare services; the establishment and improvement of social security and insurance schemes for all persons who, because of illness, disability or old age, are temporarily or permanently unable to earn a living, with a view to ensuring a proper standard of living for such persons and for their families and dependants;

(b) The protection of the rights of the mother and child; concern for the upbringing and health of children; the provision of measures to safeguard the health and welfare of women and particularly of working mothers during pregnancy and the infancy of their children, as well as of mothers whose earnings are the sole source of livelihood for the family; the granting to women of pregnancy and maternity leave and allowances without loss of employment or wages;

(c) The protection of the rights and the assuring of the welfare of children, the aged and the disabled; the provision of protection for the physically or mentally disadvantaged;

(d) The education of youth in, and promotion among them of, the ideals of justice and peace, mutual respect and understanding among peoples; the promotion of full participation of youth in the process of national development;

(e) The provision of social defence measures and the elimination of conditions leading to crime and delinquency, especially juvenile delinquency;

(f) The guarantee that all individuals, without discrimination of any kind, are made aware of their rights and obligations and receive the necessary aid in the exercise and safeguarding of their rights.

Social progress and development shall further aim at achieving the following main objectives:"
Declaration on Social Progress and Development,Part II,OBJECTIVES,Article 12,,"(a) The creation of conditions for rapid and sustained social and economic development, particularly in the developing countries; change in international economic relations; new and effective methods of international co-operation in which equality of opportunity should be as much a prerogative of nations as of individuals within a nation;

(b) The elimination of all forms of discrimination and exploitation and all other practices and ideologies contrary to the purposes and principles of the Charter of the United Nations;

(c) The elimination of all forms of foreign economic exploitation, particularly that practised by international monopolies, in order to enable the people of every country to enjoy in full the benefits of their national resources.

Social progress and development shall finally aim at the attainment of the following main goals:"
Declaration on Social Progress and Development,Part II,OBJECTIVES,Article 13,,"(a) Equitable sharing of scientific and technological advances by developed and developing countries, and a steady increase in the use of science and technology for the benefit of the social development of society;

(b) The establishment of a harmonious balance between scientific, technological and material progress and the intellectual, spiritual, cultural and moral advancement of humanity;

(c) The protection and improvement of the human environment."
Declaration on Social Progress and Development,Part III,MEANS AND METHODS,,,"On the basis of the principles set forth in this Declaration, the achievement of the objectives of social progress and development requires the mobilization of the necessary resources by national and international action, with particular attention to such means and methods as:"
Declaration on Social Progress and Development,Part III,MEANS AND METHODS,Article 14,,"(a) Planning for social progress and development as an integrated part of balanced overall development planning;

(b) The establishment, where necessary, of national systems for framing and carrying out social policies and programmes, and the promotion by the countries concerned of planned regional development, taking into account differing regional conditions and needs, particularly the development of regions which are less favoured or under-developed by comparison with the rest of the country;

(c) The promotion of basic and applied social research, particularly comparative international research applied to the planning and execution of social development programmes."
Declaration on Social Progress and Development,Part III,MEANS AND METHODS,Article 15,,"(a) The adoption of measures, to ensure the effective participation, as appropriate, of all the elements of society in the preparation and execution of national plans and programmes of economic and social development;

(b) The adoption of measures for an increasing rate of popular participation in the economic, social, cultural and political life of countries through national governmental bodies, non-governmental organizations, co-operatives, rural associations, workers' and employers' organizations and women's and youth organizations, by such methods as national and regional plans for social and economic progress and community development, with a view to achieving a fully integrated national society, accelerating the process of social mobility and consolidating the democratic system;

(c) Mobilization of public opinion, at both national and international levels, in support of the principles and objectives of social progress and development;

(d) The dissemination of social information, at the national and the international level, to make people aware of changing circumstances in society as a whole, and to educate the consumer."
Declaration on Social Progress and Development,Part III,MEANS AND METHODS,Article 16,,"(a) Maximum mobilization of all national resources and their rational and efficient utilization; promotion of increased and accelerated productive investment in social and economic fields and of employment; orientation of society towards the development process;

(b) Progressively increasing provision of the necessary budgetary and other resources required for financing the social aspects of development;

(c) Achievement of equitable distribution of national income, utilizing, inter alia , the fiscal system and government spending as an instrument for the equitable distribution and redistribution of income in order to promote social progress;

(d) The adoption of measures aimed at prevention of such an outflow of capital from developing countries as would be detrimental to their economic and social development."
Declaration on Social Progress and Development,Part III,MEANS AND METHODS,Article 17,,"(a) The adoption of measures to accelerate the process of industrialization, especially in developing countries, with due regard for its social aspects, in the interests of the entire population; development of an adequate organization and legal framework conducive to an uninterrupted and diversified growth of the industrial sector; measures to overcome the adverse social effects which may result from urban development and industrialization, including automation; maintenance of a proper balance between rural and urban development, and in particular, measures designed to ensure healthier living conditions, especially in large industrial centres;

(b) Integrated planning to meet the problems of urbanization and urban development;

(c) Comprehensive rural development schemes to raise the levels of living of the rural populations and to facilitate such urban-rural relationships and population distribution as will promote balanced national development and social progress;

(d) Measures for appropriate supervision of the utilization of land in the interests of society.

The achievement of the objectives of social progress and development equally requires the implementation of the following means and methods:"
Declaration on Social Progress and Development,Part III,MEANS AND METHODS,Article 18,,"(a) The adoption of appropriate legislative, administrative and other measures ensuring to everyone not only political and civil rights, but also the full realization of economic, social and cultural rights without any discrimination;

(b) The promotion of democratically based social and institutional reforms and motivation for change basic to the elimination of all forms of discrimination and exploitation and conducive to high rates of economic and social progress, to include land reform, in which the ownership and use of land will be made to serve best the objectives of social justice and economic development;

(c) The adoption of measures to boost and diversify agricultural production through, inter alia , the implementation of democratic agrarian reforms, to ensure an adequate and well-balanced supply of food, its equitable distribution among the whole population and the improvement of nutritional standards;

(d) The adoption of measures to introduce, with the participation of the Government, low-cost housing programmes in both rural and urban areas;

(e) Development and expansion of the system of transportation and communications, particularly in developing countries."
Declaration on Social Progress and Development,Part III,MEANS AND METHODS,Article 19,,"(a) The provision of free health services to the whole population and of adequate preventive and curative facilities and welfare medical services accessible to all;

(b) The enactment and establishment of legislative measures and administrative regulations with a view to the implementation of comprehensive programmes of social security schemes and social welfare services and to the improvement and co-ordination of existing services;

(c) The adoption of measures and the provision of social welfare services to migrant workers and their families, in conformity with the provisions of Convention No. 97 of the International Labour Organisation and other international instruments relating to migrant workers;

(d) The institution of appropriate measures for the rehabilitation of mentally or physically disabled persons, especially children and youth, so as to enable them to the fullest possible extent to be useful members of society-these measures shall include the provision of treatment and technical appliances, education, vocational and social guidance, training and selective placement, and other assistance required-and the creation of social conditions in which the handicapped are not discriminated against because of their disabilities."
Declaration on Social Progress and Development,Part III,MEANS AND METHODS,Article 20,,"(a) The provision of full democratic freedoms to trade unions; freedom of association for all workers, including the right to bargain collectively and to strike; recognition of the right to form other organizations of working people; the provision for the growing participation of trade unions in economic and social development; effective participation of all members in trade unions in the deciding of economic and social issues which affect their interests;

(b) The improvement of health and safety conditions for workers, by means of appropriate technological and legislative measures and the provision of the material prerequisites for the implementation of those measures, including the limitation of working hours;

(c) The adoption of appropriate measures for the development of harmonious industrial relations."
Declaration on Social Progress and Development,Part III,MEANS AND METHODS,Article 21,,"(a) The training of national personnel and cadres, including administrative, executive, professional and technical personnel needed for social development and for overall development plans and policies;

(b) The adoption of measures to accelerate the extension and improvement of general, vocational and technical education and of training and retraining, which should be provided free at all levels;

(c) Raising the general level of education; development and expansion of national information media, and their rational and full use towards continuing education of the whole population and towards encouraging its participation in social development activities; the constructive use of leisure, particularly that of children and adolescents;

(d) The formulation of national and international policies and measures to avoid the ""brain drain"" and obviate its adverse effects."
Declaration on Social Progress and Development,Part III,MEANS AND METHODS,Article 22,,"(a) The development and co-ordination of policies and measures designed to strengthen the essential functions of the family as a basic unit of society;

(b) The formulation and establishment, as needed, of programmes in the field of population, within the framework of national demographic policies and as part of the welfare medical services, including education, training of personnel and the provision to families of the knowledge and means necessary to enable them to exercise their right to determine freely and responsibly the number and spacing of their children;

(c) The establishment of appropriate child-care facilities in the interest of children and working parents.

The achievement of the objectives of social progress and development finally requires the implementation of the following means and methods:"
Declaration on Social Progress and Development,Part III,MEANS AND METHODS,Article 23,,"(a) The laying down of economic growth rate targets for the developing countries within the United Nations policy for development, high enough to lead to a substantial acceleration of their rates of growth;

(b) The provision of greater assistance on better terms; the implementation of the aid volume target of a minimum of 1 per cent of the gross national product at market prices of economically advanced countries; the general easing of the terms of lending to the developing countries through low interest rates on loans and long grace periods for the repayment of loans, and the assurance that the allocation of such loans will be based strictly on socio-economic criteria free of any political considerations;

(c) The provision of technical, financial and material assistance, both bilateral and multilateral, to the fullest possible extent and on favourable terms, and improved co-ordination of international assistance for the achievement of the social objectives of national development plans;

(d) The provision to the developing countries of technical, financial and material assistance and of favourable conditions to facilitate the direct exploitation of their national resources and natural wealth by those countries with a view to enabling the peoples of those countries to benefit fully from their national resources;

(e) The expansion of international trade based on principles of equality and non-discrimination, the rectification of the position of developing countries in international trade by equitable terms of trade, a general non-reciprocal and non-discriminatory system of preferences for the exports of developing countries to the developed countries, the establishment and implementation of general and comprehensive commodity agreements, and the financing of reasonable buffer stocks by international institutions."
Declaration on Social Progress and Development,Part III,MEANS AND METHODS,Article 24,,"(a) Intensification of international co-operation with a view to ensuring the international exchange of information, knowledge and experience concerning social progress and development;

(b) The broadest possible international technical, scientific and cultural co-operation and reciprocal utilization of the experience of countries with different economic and social systems and different levels of development, on the basis of mutual advantage and strict observance of and respect for national sovereignty;

(c) Increased utilization of science and technology for social and economic development; arrangements for the transfer and exchange of technology, including know-how and patents, to the developing countries."
Declaration on Social Progress and Development,Part III,MEANS AND METHODS,Article 25,,"(a) The establishment of legal and administrative measures for the protection and improvement of the human environment, at both national and international level;

(b) The use and exploitation, in accordance with the appropriate international regimes, of the resources of areas of the environment such as outer space and the sea-bed and ocean floor and the subsoil thereof, beyond the limits of national jurisdiction, in order to supplement national resources available for the achievement of economic and social progress and development in every country, irrespective of its geographical location, special consideration being given to the interests and needs of the developing countries."
Declaration on Social Progress and Development,Part III,MEANS AND METHODS,Article 26,,"Compensation for damages, be they social or economic in nature-including restitution and reparations-caused as a result of aggression and of illegal occupation of territory by the aggressor."
Declaration on Social Progress and Development,Part III,MEANS AND METHODS,Article 27,,"(a) The achievement of general and complete disarmament and the channelling of the progressively released resources to be used for economic and social progress for the welfare of people everywhere and, in particular, for the benefit of developing countries;

(b) The adoption of measures contributing to disarmament, including, inter alia , the complete prohibition of tests of nuclear weapons, the prohibition of the development, production and stockpiling of chemical and bacteriological (biological) weapons and the prevention of the pollution of oceans and inland waters by nuclear wastes."
Declaration on the Elimination of Violence against Women,20 December 1993,URI: ,https://www.ohchr.org/en/instruments-mechanisms/instruments/declaration-elimination-violence-against-women,,
Declaration on the Elimination of Violence against Women,,,INTRODUCTION,,"The General Assembly ,

Recognizing the urgent need for the universal application to women of the rights and principles with regard to equality, security, liberty, integrity and dignity of all human beings,

Noting that those rights and principles are enshrined in international instruments, including the Universal Declaration of Human Rights, the International Covenant on Civil and Political Rights, the International Covenant on Economic, Social and Cultural Rights, the Convention on the Elimination of All Forms of Discrimination against Women and the Convention against Torture and Other Cruel, Inhuman or Degrading Treatment or Punishment,

Recognizing that effective implementation of the Convention on the Elimination of All Forms of Discrimination against Women would contribute to the elimination of violence against women and that the Declaration on the Elimination of Violence against Women, set forth in the present resolution, will strengthen and complement that process,

Concerned that violence against women is an obstacle to the achievement of equality, development and peace, as recognized in the Nairobi Forward-looking Strategies for the Advancement of Women, in which a set of measures to combat violence against women was recommended, and to the full implementation of the Convention on the Elimination of All Forms of Discrimination against Women,

Affirming that violence against women constitutes a violation of the rights and fundamental freedoms of women and impairs or nullifies their enjoyment of those rights and freedoms, and concerned about the long-standing failure to protect and promote those rights and freedoms in the case of violence against women,

Recognizing that violence against women is a manifestation of historically unequal power relations between men and women, which have led to domination over and discrimination against women by men and to the prevention of the full advancement of women, and that violence against women is one of the crucial social mechanisms by which women are forced into a subordinate position compared with men,

Concerned that some groups of women, such as women belonging to minority groups, indigenous women, refugee women, migrant women, women living in rural or remote communities, destitute women, women in institutions or in detention, female children, women with disabilities, elderly women and women in situations of armed conflict, are especially vulnerable to violence,

Recalling the conclusion in paragraph 23 of the annex to Economic and Social Council resolution 1990/15 of 24 May 1990 that the recognition that violence against women in the family and society was pervasive and cut across lines of income, class and culture had to be matched by urgent and effective steps to eliminate its incidence,

Recalling also Economic and Social Council resolution 1991/18 of 30 May 1991, in which the Council recommended the development of a framework for an international instrument that would address explicitly the issue of violence against women,

Welcoming the role that women's movements are playing in drawing increasing attention to the nature, severity and magnitude of the problem of violence against women,

Alarmed that opportunities for women to achieve legal, social, political and economic equality in society are limited, inter alia , by continuing and endemic violence,

Convinced that in the light of the above there is a need for a clear and comprehensive definition of violence against women, a clear statement of the rights to be applied to ensure the elimination of violence against women in all its forms, a commitment by States in respect of their responsibilities, and a commitment by the international community at large to the elimination of violence against women,

Solemnly proclaims the following Declaration on the Elimination of Violence against Women and urges that every effort be made so that it becomes generally known and respected:"
Declaration on the Elimination of Violence against Women,,,Article 1,,"For the purposes of this Declaration, the term ""violence against women"" means any act of gender-based violence that results in, or is likely to result in, physical, sexual or psychological harm or suffering to women, including threats of such acts, coercion or arbitrary deprivation of liberty, whether occurring in public or in private life."
Declaration on the Elimination of Violence against Women,,,Article 2,,"Violence against women shall be understood to encompass, but not be limited to, the following:

a. Physical, sexual and psychological violence occurring in the family, including battering, sexual abuse of female children in the household, dowry-related violence, marital rape, female genital mutilation and other traditional practices harmful to women, non-spousal violence and violence related to exploitation;
b. Physical, sexual and psychological violence occurring within the general community, including rape, sexual abuse, sexual harassment and intimidation at work, in educational institutions and elsewhere, trafficking in women and forced prostitution;
c. Physical, sexual and psychological violence perpetrated or condoned by the State, wherever it occurs."
Declaration on the Elimination of Violence against Women,,,Article 3,,"Women are entitled to the equal enjoyment and protection of all human rights and fundamental freedoms in the political, economic, social, cultural, civil or any other field. These rights include, inter alia :

a. The right to life;
b. The right to equality;
c. The right to liberty and security of person;
d. The right to equal protection under the law;
e. The right to be free from all forms of discrimination;
f. The right to the highest standard attainable of physical and mental health;
g. The right to just and favourable conditions of work;
h. The right not to be subjected to torture, or other cruel, inhuman or degrading treatment or punishment."
Declaration on the Elimination of Violence against Women,,,Article 4,,"States should condemn violence against women and should not invoke any custom, tradition or religious consideration to avoid their obligations with respect to its elimination. States should pursue by all appropriate means and without delay a policy of eliminating violence against women and, to this end, should:

a. Consider, where they have not yet done so, ratifying or acceding to the Convention on the Elimination of All Forms of Discrimination against Women or withdrawing reservations to that Convention;
b. Refrain from engaging in violence against women;
c. Exercise due diligence to prevent, investigate and, in accordance with national legislation, punish acts of violence against women, whether those acts are perpetrated by the State or by private persons;
d. Develop penal, civil, labour and administrative sanctions in domestic legislation to punish and redress the wrongs caused to women who are subjected to violence; women who are subjected to violence should be provided with access to the mechanisms of justice and, as provided for by national legislation, to just and effective remedies for the harm that they have suffered; States should also inform women of their rights in seeking redress through such mechanisms;
e. Consider the possibility of developing national plans of action to promote the protection of women against any form of violence, or to include provisions for that purpose in plans already existing, taking into account, as appropriate, such cooperation as can be provided by non-governmental organizations, particularly those concerned with the issue of violence against women;
f. Develop, in a comprehensive way, preventive approaches and all those measures of a legal, political, administrative and cultural nature that promote the protection of women against any form of violence, and ensure that the re-victimization of women does not occur because of laws insensitive to gender considerations, enforcement practices or other interventions;
g. Work to ensure, to the maximum extent feasible in the light of their available resources and, where needed, within the framework of international cooperation, that women subjected to violence and, where appropriate, their children have specialized assistance, such as rehabilitation, assistance in child care and maintenance, treatment, counselling, and health and social services, facilities and programmes, as well as support structures, and should take all other appropriate measures to promote their safety and physical and psychological rehabilitation;
h. Include in government budgets adequate resources for their activities related to the elimination of violence against women;
i. Take measures to ensure that law enforcement officers and public officials responsible for implementing policies to prevent, investigate and punish violence against women receive training to sensitize them to the needs of women;
j. Adopt all appropriate measures, especially in the field of education, to modify the social and cultural patterns of conduct of men and women and to eliminate prejudices, customary practices and all other practices based on the idea of the inferiority or superiority of either of the sexes and on stereotyped roles for men and women;
k. Promote research, collect data and compile statistics, especially concerning domestic violence, relating to the prevalence of different forms of violence against women and encourage research on the causes, nature, seriousness and consequences of violence against women and on the effectiveness of measures implemented to prevent and redress violence against women; those statistics and findings of the research will be made public;
l. Adopt measures directed towards the elimination of violence against women who are especially vulnerable to violence;
m. Include, in submitting reports as required under relevant human rights instruments of the United Nations, information pertaining to violence against women and measures taken to implement the present Declaration;
n. Encourage the development of appropriate guidelines to assist in the implementation of the principles set forth in the present Declaration;
o. Recognize the important role of the women's movement and non-governmental organizations world wide in raising awareness and alleviating the problem of violence against women;
p. Facilitate and enhance the work of the women's movement and non-governmental organizations and cooperate with them at local, national and regional levels;
q. Encourage intergovernmental regional organizations of which they are members to include the elimination of violence against women in their programmes, as appropriate."
Declaration on the Elimination of Violence against Women,,,Article 5,introduction,"The organs and specialized agencies of the United Nations system should, within their respective fields of competence, contribute to the recognition and realization of the rights and the principles set forth in the present Declaration and, to this end, should, inter alia :"
Declaration on the Elimination of Violence against Women,,,Article 5,1,"Foster international and regional cooperation with a view to defining regional strategies for combating violence, exchanging experiences and financing programmes relating to the elimination of violence against women;"
Declaration on the Elimination of Violence against Women,,,Article 5,2,Promote meetings and seminars with the aim of creating and raising awareness among all persons of the issue of the elimination of violence against women;
Declaration on the Elimination of Violence against Women,,,Article 5,3,Foster coordination and exchange within the United Nations system between human rights treaty bodies to address the issue of violence against women effectively;
Declaration on the Elimination of Violence against Women,,,Article 5,4,"Include in analyses prepared by organizations and bodies of the United Nations system of social trends and problems, such as the periodic reports on the world social situation, examination of trends in violence against women;"
Declaration on the Elimination of Violence against Women,,,Article 5,5,"Encourage coordination between organizations and bodies of the United Nations system to incorporate the issue of violence against women into ongoing programmes, especially with reference to groups of women particularly vulnerable to violence;"
Declaration on the Elimination of Violence against Women,,,Article 5,6,"Promote the formulation of guidelines or manuals relating to violence against women, taking into account the measures referred to in the present Declaration;"
Declaration on the Elimination of Violence against Women,,,Article 5,7,"Consider the issue of the elimination of violence against women, as appropriate, in fulfilling their mandates with respect to the implementation of human rights instruments;"
Declaration on the Elimination of Violence against Women,,,Article 5,8,Cooperate with non-governmental organizations in addressing the issue of violence against women.
Declaration on the Elimination of Violence against Women,,,Article 6,,"Nothing in the present Declaration shall affect any provision that is more conducive to the elimination of violence against women that may be contained in the legislation of a State or in any international convention, treaty or other instrument in force in a State."
Declaration on the Right of Peoples to Peace,12 November 1984,URI,https://www.ohchr.org/en/instruments-mechanisms/instruments/declaration-right-peoples-peace,,
,,,,,"The General Assembly ,

Reaffirming that the principal aim of the United Nations is the maintenance of international peace and security,

Bearing in mind the fundamental principles of international law set forth in the Charter of the United Nations,

Expressing the will and the aspirations of all peoples to eradicate war from the life of mankind and, above all, to avert a world-wide nuclear catastrophe,

Convinced that life without war serves as the primary international prerequisite for the material well-being, development and progress of countries, and for the full implementation of the rights and fundamental human freedoms proclaimed by the United Nations,

Aware that in the nuclear age the establishment of a lasting peace on Earth represents the primary condition for the preservation of human civilization and the survival of mankind,

Recognizing that the maintenance of a peaceful life for peoples is the sacred duty of each State,"
,,,,1,Solemnly proclaims that the peoples of our planet have a sacred right to peace;
,,,,2,Solemnly declares that the preservation of the right of peoples to peace and the promotion of its implementation constitute a fundamental obligation of each State;
,,,,3,"Emphasizes that ensuring the exercise of the right of peoples to peace demands that the policies of States be directed towards the elimination of the threat of war, particularly nuclear war, the renunciation of the use of force in international relations and the settlement of international disputes by peaceful means on the basis of the Charter of the United Nations;"
,,,,4,Appeals to all States and international organizations to do their utmost to assist in implementing the right of peoples to peace through the adoption of appropriate measures at both the national and the international level.
Principles for the protection of persons with mental illness and the improvement of mental health care,17 December 1991,URI,https://www.ohchr.org/en/instruments-mechanisms/instruments/principles-protection-persons-mental-illness-and-improvement,,
Principles for the protection of persons with mental illness and the improvement of mental health care,,Application,,,"These Principles shall be applied without discrimination of any kind such as on grounds of disability, race, colour, sex, language, religion, political or other opinion, national, ethnic or social origin, legal or social status, age, property or birth."
Principles for the protection of persons with mental illness and the improvement of mental health care,,Definitions,,,"In these Principles:

""Counsel"" means a legal or other qualified representative;

""Independent authority"" means a competent and independent authority prescribed by domestic law;

""Mental health care"" includes analysis and diagnosis of a person's mental condition, and treatment, care and rehabilitation for a mental illness or suspected mental illness;

""Mental health facility"" means any establishment, or any unit of an establishment, which as its primary function provides mental health care;

""Mental health practitioner"" means a medical doctor, clinical psychologist, nurse, social worker or other appropriately trained and qualified person with specific skills relevant to mental health care;

""Patient"" means a person receiving mental health care and includes all persons who are admitted to a mental health facility;

""Personal representative"" means a person charged by law with the duty of representing a patient's interests in any specified respect or of exercising specified rights on the patient's behalf, and includes the parent or legal guardian of a minor unless otherwise provided by domestic law;

""The review body"" means the body established in accordance with Principle 17 to review the involuntary admission or retention of a patient in a mental health facility."
Principles for the protection of persons with mental illness and the improvement of mental health care,,General limitation clause,,,"The exercise of the rights set forth in these Principles may be subject only to such limitations as are prescribed by law and are necessary to protect the health or safety of the person concerned or of others, or otherwise to protect public safety, order, health or morals or the fundamental rights and freedoms of others."
Principles for the protection of persons with mental illness and the improvement of mental health care,,,Principle 1,,Fundamental freedoms and basic rights
Principles for the protection of persons with mental illness and the improvement of mental health care,,,Principle 1,1,"All persons have the right to the best available mental health care, which shall be part of the health and social care system."
Principles for the protection of persons with mental illness and the improvement of mental health care,,,Principle 1,2,"All persons with a mental illness, or who are being treated as such persons, shall be treated with humanity and respect for the inherent dignity of the human person."
Principles for the protection of persons with mental illness and the improvement of mental health care,,,Principle 1,3,"All persons with a mental illness, or who are being treated as such persons, have the right to protection from economic, sexual and other forms of exploitation, physical or other abuse and degrading treatment."
Principles for the protection of persons with mental illness and the improvement of mental health care,,,Principle 1,4,"There shall be no discrimination on the grounds of mental illness. ""Discrimination"" means any distinction, exclusion or preference that has the effect of nullifying or impairing equal enjoyment of rights. Special measures solely to protect the rights, or secure the advancement, of persons with mental illness shall not be deemed to be discriminatory. Discrimination does not include any distinction, exclusion or preference undertaken in accordance with the provisions of these Principles and necessary to protect the human rights of a person with a mental illness or of other individuals."
Principles for the protection of persons with mental illness and the improvement of mental health care,,,Principle 1,5,"Every person with a mental illness shall have the right to exercise all civil, political, economic, social and cultural rights as recognized in the Universal Declaration of Human Rights, the International Covenant on Economic, Social and Cultural Rights, the International Covenant on Civil and Political Rights, and in other relevant instruments, such as the Declaration on the Rights of Disabled Persons and the Body of Principles for the Protection of All Persons under Any Form of Detention or Imprisonment."
Principles for the protection of persons with mental illness and the improvement of mental health care,,,Principle 1,6,"Any decision that, by reason of his or her mental illness, a person lacks legal capacity, and any decision that, in consequence of such incapacity, a personal representative shall be appointed, shall be made only after a fair hearing by an independent and impartial tribunal established by domestic law. The person whose capacity is at issue shall be entitled to be represented by a counsel. If the person whose capacity is at issue does not himself or herself secure such representation, it shall be made available without payment by that person to the extent that he or she does not have sufficient means to pay for it. The counsel shall not in the same proceedings represent a mental health facility or its personnel and shall not also represent a member of the family of the person whose capacity is at issue unless the tribunal is satisfied that there is no conflict of interest. Decisions regarding capacity and the need for a personal representative shall be reviewed at reasonable intervals prescribed by domestic law. The person whose capacity is at issue, his or her personal representative, if any, and any other interested person shall have the right to appeal to a higher court against any such decision."
Principles for the protection of persons with mental illness and the improvement of mental health care,,,Principle 1,7,"Where a court or other competent tribunal finds that a person with mental illness is unable to manage his or her own affairs, measures shall be taken, so far as is necessary and appropriate to that person's condition, to ensure the protection of his or her interest."
Principles for the protection of persons with mental illness and the improvement of mental health care,,,Principle 2,,"Protection of minors

Special care should be given within the purposes of these Principles and within the context of domestic law relating to the protection of minors to protect the rights of minors, including, if necessary, the appointment of a personal representative other than a family member."
Principles for the protection of persons with mental illness and the improvement of mental health care,,,Principle 3,,"Life in the community

Every person with a mental illness shall have the right to live and work, as far as possible, in the community."
Principles for the protection of persons with mental illness and the improvement of mental health care,,,Principle 4,,Determination of mental illness
Principles for the protection of persons with mental illness and the improvement of mental health care,,,Principle 4,1,A determination that a person has a mental illness shall be made in accordance with internationally accepted medical standards.
Principles for the protection of persons with mental illness and the improvement of mental health care,,,Principle 4,2,"A determination of mental illness shall never be made on the basis of political, economic or social status, or membership of a cultural, racial or religious group, or any other reason not directly relevant to mental health status."
Principles for the protection of persons with mental illness and the improvement of mental health care,,,Principle 4,3,"Family or professional conflict, or non-conformity with moral, social, cultural or political values or religious beliefs prevailing in a person's community, shall never be a determining factor in diagnosing mental illness."
Principles for the protection of persons with mental illness and the improvement of mental health care,,,Principle 4,4,A background of past treatment or hospitalization as a patient shall not of itself justify any present or future determination of mental illness.
Principles for the protection of persons with mental illness and the improvement of mental health care,,,Principle 4,5,"No person or authority shall classify a person as having, or otherwise indicate that a person has, a mental illness except for purposes directly relating to mental illness or the consequences of mental illness."
Principles for the protection of persons with mental illness and the improvement of mental health care,,,Principle 5,,"Medical examination

No person shall be compelled to undergo medical examination with a view to determining whether or not he or she has a mental illness except in accordance with a procedure authorized by domestic law."
Principles for the protection of persons with mental illness and the improvement of mental health care,,,Principle 6,,"Confidentiality

The right of confidentiality of information concerning all persons to whom these Principles apply shall be respected."
Principles for the protection of persons with mental illness and the improvement of mental health care,,,Principle 7,,Role of community and culture
Principles for the protection of persons with mental illness and the improvement of mental health care,,,Principle 7,1,"Every patient shall have the right to be treated and cared for, as far as possible, in the community in which he or she lives."
Principles for the protection of persons with mental illness and the improvement of mental health care,,,Principle 7,2,"Where treatment takes place in a mental health facility, a patient shall have the right, whenever possible, to be treated near his or her or the of his or her relatives or friends and shall have the right to return to the community as soon as possible."
Principles for the protection of persons with mental illness and the improvement of mental health care,,,Principle 7,3,Every patient shall have the right to treatment suited to his or her cultural background.
Principles for the protection of persons with mental illness and the improvement of mental health care,,,Principle 8,,Standards of care
Principles for the protection of persons with mental illness and the improvement of mental health care,,,Principle 8,1,"Every patient shall have the right to receive such health and social care as is appropriate to his or her health needs, and is entitled to care and treatment in accordance with the same standards as other ill persons."
Principles for the protection of persons with mental illness and the improvement of mental health care,,,Principle 8,2,"Every patient shall be protected from harm, including unjustified medication, abuse by other patients, staff or others or other acts causing mental distress or physical discomfort."
Principles for the protection of persons with mental illness and the improvement of mental health care,,,Principle 9,,Treatment
Principles for the protection of persons with mental illness and the improvement of mental health care,,,Principle 9,1,Every patient shall have the right to be treated in the least restrictive environment and with the least restrictive or intrusive treatment appropriate to the patient's health needs and the need to protect the physical safety of others.
Principles for the protection of persons with mental illness and the improvement of mental health care,,,Principle 9,2,"The treatment and care of every patient shall be based on an individually prescribed plan, discussed with the patient, reviewed regularly, revised as necessary and provided by qualified professional staff."
Principles for the protection of persons with mental illness and the improvement of mental health care,,,Principle 9,3,"Mental health care shall always be provided in accordance with applicable standards of ethics for mental health practitioners, including internationally accepted standards such as the Principles of Medical Ethics adopted by the United Nations General Assembly. Mental health knowledge and skills shall never be abused."
Principles for the protection of persons with mental illness and the improvement of mental health care,,,Principle 9,4,The treatment of every patient shall be directed towards preserving and enhancing personal autonomy.
Principles for the protection of persons with mental illness and the improvement of mental health care,,,Principle 10,,Medication
Principles for the protection of persons with mental illness and the improvement of mental health care,,,Principle 10,1,"Medication shall meet the best health needs of the patient, shall be given to a patient only for therapeutic or diagnostic purposes and shall never be administered as a punishment or for the convenience of others. Subject to the provisions of paragraph 15 of Principle 11, mental health practitioners shall only administer medication of known or demonstrated efficacy."
Principles for the protection of persons with mental illness and the improvement of mental health care,,,Principle 10,2,All medication shall be prescribed by a mental health practitioner authorized by law and shall be recorded in the patient's records.
Principles for the protection of persons with mental illness and the improvement of mental health care,,,Principle 11,,Consent to treatment
Principles for the protection of persons with mental illness and the improvement of mental health care,,,Principle 11,1,"No treatment shall be given to a patient without his or her informed consent, except as provided for in paragraphs 6, 7, 8, 13 and 15 below."
Principles for the protection of persons with mental illness and the improvement of mental health care,,,Principle 11,2,"Informed consent is consent obtained freely, without threats or improper inducements, after appropriate disclosure to the patient of adequate and understandable information in a form and language understood by the patient on:

( a ) The diagnostic assessment;

( b ) The purpose, method, likely duration and expected benefit of the proposed treatment;

( c ) Alternative modes of treatment, including those less intrusive; and

( d ) Possible pain or discomfort, risks and side-effects of the proposed treatment."
Principles for the protection of persons with mental illness and the improvement of mental health care,,,Principle 11,3,A patient may request the presence of a person or persons of the patient's choosing during the procedure for granting consent.
Principles for the protection of persons with mental illness and the improvement of mental health care,,,Principle 11,4,"A patient has the right to refuse or stop treatment, except as provided for in paragraphs 6, 7, 8, 13 and 15 below. The consequences of refusing or stopping treatment must be explained to the patient."
Principles for the protection of persons with mental illness and the improvement of mental health care,,,Principle 11,5,"A patient shall never be invited or induced to waive the right to informed consent. If the patient should seek to do so, it shall be explained to the patient that the treatment cannot be given without informed consent."
Principles for the protection of persons with mental illness and the improvement of mental health care,,,Principle 11,6,"Except as provided in paragraphs 7, 8, 12, 13, 14 and 15 below, a proposed plan of treatment may be given to a patient without a patient's informed consent if the following conditions are satisfied:

( a ) The patient is, at the relevant time, held as an involuntary patient;

( b ) An independent authority, having in its possession all relevant information, including the information specified in paragraph 2 above, is satisfied that, at the relevant time, the patient lacks the capacity to give or withhold informed consent to the proposed plan of treatment or, if domestic legislation so provides, that, having regard to the patient's own safety or the safety of others, the patient unreasonably withholds such consent; and

( c ) The independent authority is satisfied that the proposed plan of treatment is in the best interest of the patient's health needs."
Principles for the protection of persons with mental illness and the improvement of mental health care,,,Principle 11,7," Paragraph 6 above does not apply to a patient with a personal representative empowered by law to consent to treatment for the patient; but, except as provided in paragraphs 12, 13, 14 and 15 below, treatment may be given to such a patient without his or her informed consent if the personal representative, having been given the information described in paragraph 2 above, consents on the patient's behalf."
Principles for the protection of persons with mental illness and the improvement of mental health care,,,Principle 11,8,"Except as provided in paragraphs 12, 13, 14 and 15 below, treatment may also be given to any patient without the patient's informed consent if a qualified mental health practitioner authorized by law determines that it is urgently necessary in order to prevent immediate or imminent harm to the patient or to other persons. Such treatment shall not be prolonged beyond the period that is strictly necessary for this purpose."
Principles for the protection of persons with mental illness and the improvement of mental health care,,,Principle 11,9,"Where any treatment is authorized without the patient's informed consent, every effort shall nevertheless be made to inform the patient about the nature of the treatment and any possible alternatives and to involve the patient as far as practicable in the development of the treatment plan."
Principles for the protection of persons with mental illness and the improvement of mental health care,,,Principle 11,10,"All treatment shall be immediately recorded in the patient's medical records, with an indication of whether involuntary or voluntary."
Principles for the protection of persons with mental illness and the improvement of mental health care,,,Principle 11,11,"Physical restraint or involuntary seclusion of a patient shall not be employed except in accordance with the officially approved procedures of the mental health facility and only when it is the only means available to prevent immediate or imminent harm to the patient or others. It shall not be prolonged beyond the period which is strictly necessary for this purpose. All instances of physical restraint or involuntary seclusion, the reasons for them and their nature and extent shall be recorded in the patient's medical record. A patient who is restrained or secluded shall be kept under humane conditions and be under the care and close and regular supervision of qualified members of the staff. A personal representative, if any and if relevant, shall be given prompt notice of any physical restraint or involuntary seclusion of the patient."
Principles for the protection of persons with mental illness and the improvement of mental health care,,,Principle 11,12,Sterilization shall never be carried out as a treatment for mental illness.
Principles for the protection of persons with mental illness and the improvement of mental health care,,,Principle 11,13,"A major medical or surgical procedure may be carried out on a person with mental illness only where it is permitted by domestic law, where it is considered that it would best serve the health needs of the patient and where the patient gives informed consent, except that, where the patient is unable to give informed consent, the procedure shall be authorized only after independent review."
Principles for the protection of persons with mental illness and the improvement of mental health care,,,Principle 11,14,"Psychosurgery and other intrusive and irreversible treatments for mental illness shall never be carried out on a patient who is an involuntary patient in a mental health facility and, to the extent that domestic law permits them to be carried out, they may be carried out on any other patient only where the patient has given informed consent and an independent external body has satisfied itself that there is genuine informed consent and that the treatment best serves the health needs of the patient."
Principles for the protection of persons with mental illness and the improvement of mental health care,,,Principle 11,15,"Clinical trials and experimental treatment shall never be carried out on any patient without informed consent, except that a patient who is unable to give informed consent may be admitted to a clinical trial or given experimental treatment, but only with the approval of a competent, independent review body specifically constituted for this purpose."
Principles for the protection of persons with mental illness and the improvement of mental health care,,,Principle 11,16,"In the cases specified in paragraphs 6, 7, 8, 13, 14 and 15 above, the patient or his or her personal representative, or any interested person, shall have the right to appeal to a judicial or other independent authority concerning any treatment given to him or her."
Principles for the protection of persons with mental illness and the improvement of mental health care,,,Principle 12,,Notice of rights
Principles for the protection of persons with mental illness and the improvement of mental health care,,,Principle 12,1,"A patient in a mental health facility shall be informed as soon as possible after admission, in a form and a language which the patient understands, of all his or her rights in accordance with these Principles and under domestic law, which information shall include an explanation of those rights and how to exercise them."
Principles for the protection of persons with mental illness and the improvement of mental health care,,,Principle 12,2,"If and for so long as a patient is unable to understand such information, the rights of the patient shall be communicated to the personal representative, if any and if appropriate, and to the person or persons best able to represent the patient's interests and willing to do so."
Principles for the protection of persons with mental illness and the improvement of mental health care,,,Principle 12,3,"A patient who has the necessary capacity has the right to nominate a person who should be informed on his or her behalf, as well as a person to represent his or her interests to the authorities of the facility."
Principles for the protection of persons with mental illness and the improvement of mental health care,,,Principle 13,,Rights and conditions in mental health facilities
Principles for the protection of persons with mental illness and the improvement of mental health care,,,Principle 13,1," Every patient in a mental health facility shall, in particular, have the right to full respect for his or her:

( a ) Recognition everywhere as a person before the law;

( b ) Privacy;

( c ) Freedom of communication, which includes freedom to communicate with other persons in the facility; freedom to send and receive uncensored private communications; freedom to receive, in private, visits from a counsel or personal representative and, at all reasonable times, from other visitors; and freedom of access to postal and telephone services and to newspapers, radio and television;

( d ) Freedom of religion or belief."
Principles for the protection of persons with mental illness and the improvement of mental health care,,,Principle 13,2,"The environment and living conditions in mental health facilities shall be as close as possible to those of the normal life of persons of similar age and in particular shall include:

( a ) Facilities for recreational and leisure activities;

( b ) Facilities for education;

( c ) Facilities to purchase or receive items for daily living, recreation and communication;

( d ) Facilities, and encouragement to use such facilities, for a patient's engagement in active occupation suited to his or her social and cultural background, and for appropriate vocational rehabilitation measures to promote reintegration in the community. These measures should include vocational guidance, vocational training and placement services to enable patients to secure or retain employment in the community."
Principles for the protection of persons with mental illness and the improvement of mental health care,,,Principle 13,3,"In no circumstances shall a patient be subject to forced labour. Within the limits compatible with the needs of the patient and with the requirements of institutional administration, a patient shall be able to choose the type of work he or she wishes to perform."
Principles for the protection of persons with mental illness and the improvement of mental health care,,,Principle 13,4,"The labour of a patient in a mental health facility shall not be exploited. Every such patient shall have the right to receive the same remuneration for any work which he or she does as would, according to domestic law or custom, be paid for such work to a non-patient. Every such patient shall, in any event, have the right to receive a fair share of any remuneration which is paid to the mental health facility for his or her work."
Principles for the protection of persons with mental illness and the improvement of mental health care,,,Principle 14,,Resources for mental health facilities
Principles for the protection of persons with mental illness and the improvement of mental health care,,,Principle 14,1,"A mental health facility shall have access to the same level of resources as any other health establishment, and in particular:

( a ) Qualified medical and other appropriate professional staff in sufficient numbers and with adequate space to provide each patient with privacy and a programme of appropriate and active therapy;

( b ) Diagnostic and therapeutic equipment for the patient;

( c ) Appropriate professional care; and

( d ) Adequate, regular and comprehensive treatment, including supplies of medication."
Principles for the protection of persons with mental illness and the improvement of mental health care,,,Principle 14,2,"Every mental health facility shall be inspected by the competent authorities with sufficient frequency to ensure that the conditions, treatment and care of patients comply with these Principles."
Principles for the protection of persons with mental illness and the improvement of mental health care,,,Principle 15,,Admission principles
Principles for the protection of persons with mental illness and the improvement of mental health care,,,Principle 15,1,"Where a person needs treatment in a mental health facility, every effort shall be made to avoid involuntary admission."
Principles for the protection of persons with mental illness and the improvement of mental health care,,,Principle 15,2,Access to a mental health facility shall be administered in the same way as access to any other facility for any other illness.
Principles for the protection of persons with mental illness and the improvement of mental health care,,,Principle 15,3,"Every patient not admitted involuntarily shall have the right to leave the mental health facility at any time unless the criteria for his or her retention as an involuntary patient, as set forth in Principle 16, apply, and he or she shall be informed of that right."
Principles for the protection of persons with mental illness and the improvement of mental health care,,,Principle 16,,Involuntary admission
Principles for the protection of persons with mental illness and the improvement of mental health care,,,Principle 16,1,"A person may ( a ) be admitted involuntarily to a mental health facility as a patient; or ( b ) having already been admitted voluntarily as a patient, be retained as an involuntary patient in the mental health facility if, and only if, a qualified mental health practitioner authorized by law for that purpose determines, in accordance with Principle 4, that that person has a mental illness and considers:

( a ) That, because of that mental illness, there is a serious likelihood of immediate or imminent harm to that person or to other persons; or

( b ) That, in the case of a person whose mental illness is severe and whose judgement is impaired, failure to admit or retain that person is likely to lead to a serious deterioration in his or her condition or will prevent the giving of appropriate treatment that can only be given by admission to a mental health facility in accordance with the principle of the least restrictive alternative.

In the case referred to in subparagraph ( b ), a second such mental health practitioner, independent of the first, should be consulted where possible. If such consultation takes place, the involuntary admission or retention may not take place unless the second mental health practitioner concurs."
Principles for the protection of persons with mental illness and the improvement of mental health care,,,Principle 16,2,"Involuntary admission or retention shall initially be for a short period as specified by domestic law for observation and preliminary treatment pending review of the admission or retention by the review body. The grounds of the admission shall be communicated to the patient without delay and the fact of the admission and the grounds for it shall also be communicated promptly and in detail to the review body, to the patient's personal representative, if any, and, unless the patient objects, to the patient's family."
Principles for the protection of persons with mental illness and the improvement of mental health care,,,Principle 16,3,A mental health facility may receive involuntarily admitted patients only if the facility has been designated to do so by a competent authority prescribed by domestic law.
Principles for the protection of persons with mental illness and the improvement of mental health care,,,Principle 17,,Review body
Principles for the protection of persons with mental illness and the improvement of mental health care,,,Principle 17,1,"The review body shall be a judicial or other independent and impartial body established by domestic law and functioning in accordance with procedures laid down by domestic law. It shall, in formulating its decisions, have the assistance of one or more qualified and independent mental health practitioners and take their advice into account."
Principles for the protection of persons with mental illness and the improvement of mental health care,,,Principle 17,2,"The review body's initial review, as required by paragraph 2 of Principle 16, of a decision to admit or retain a person as an involuntary patient shall take place as soon as possible after that decision and shall be conducted in accordance with simple and expeditious procedures as specified by domestic law."
Principles for the protection of persons with mental illness and the improvement of mental health care,,,Principle 17,3,The review body shall periodically review the cases of involuntary patients at reasonable intervals as specified by domestic law.
Principles for the protection of persons with mental illness and the improvement of mental health care,,,Principle 17,4,"An involuntary patient may apply to the review body for release or voluntary status, at reasonable intervals as specified by domestic law."
Principles for the protection of persons with mental illness and the improvement of mental health care,,,Principle 17,5,"At each review, the review body shall consider whether the criteria for involuntary admission set out in paragraph 1 of Principle 16 are still satisfied, and, if not, the patient shall be discharged as an involuntary patient."
Principles for the protection of persons with mental illness and the improvement of mental health care,,,Principle 17,6,"If at any time the mental health practitioner responsible for the case is satisfied that the conditions for the retention of a person as an involuntary patient are no longer satisfied, he or she shall order the discharge of that person as such a patient."
Principles for the protection of persons with mental illness and the improvement of mental health care,,,Principle 17,7,"A patient or his personal representative or any interested person shall have the right to appeal to a higher court against a decision that the patient be admitted to, or be retained in, a mental health facility."
Principles for the protection of persons with mental illness and the improvement of mental health care,,,Principle 18,,Procedural safeguards
Principles for the protection of persons with mental illness and the improvement of mental health care,,,Principle 18,1,"The patient shall be entitled to choose and appoint a counsel to represent the patient as such, including representation in any complaint procedure or appeal. If the patient does not secure such services, a counsel shall be made available without payment by the patient to the extent that the patient lacks sufficient means to pay."
Principles for the protection of persons with mental illness and the improvement of mental health care,,,Principle 18,2,"The patient shall also be entitled to the assistance, if necessary, of the services of an interpreter. Where such services are necessary and the patient does not secure them, they shall be made available without payment by the patient to the extent that the patient lacks sufficient means to pay."
Principles for the protection of persons with mental illness and the improvement of mental health care,,,Principle 18,3,"The patient and the patient's counsel may request and produce at any hearing an independent mental health report and any other reports and oral, written and other evidence that are relevant and admissible."
Principles for the protection of persons with mental illness and the improvement of mental health care,,,Principle 18,4,"Copies of the patient's records and any reports and documents to be submitted shall be given to the patient and to the patient's counsel, except in special cases where it is determined that a specific disclosure to the patient would cause serious harm to the patient's health or put at risk the safety of others. As domestic law may provide, any document not given to the patient should, when this can be done in confidence, be given to the patient's personal representative and counsel. When any part of a document is withheld from a patient, the patient or the patient's counsel, if any, shall receive notice of the withholding and the reasons for it and shall be subject to judicial review."
Principles for the protection of persons with mental illness and the improvement of mental health care,,,Principle 18,5,"The patient and the patient's personal representative and counsel shall be entitled to attend, participate and be heard personally in any hearing."
Principles for the protection of persons with mental illness and the improvement of mental health care,,,Principle 18,6,"If the patient or the patient's personal representative or counsel requests that a particular person be present at a hearing, that person shall be admitted unless it is determined that the person's presence could cause serious harm to the patient's health or put at risk the safety of others."
Principles for the protection of persons with mental illness and the improvement of mental health care,,,Principle 18,7,"Any decision whether the hearing or any part of it shall be in public or in private and may be publicly reported shall give full consideration to the patient's own wishes, to the need to respect the privacy of the patient and of other persons and to the need to prevent serious harm to the patient's health or to avoid putting at risk the safety of others."
Principles for the protection of persons with mental illness and the improvement of mental health care,,,Principle 18,8,"The decision arising out of the hearing and the reasons for it shall be expressed in writing. Copies shall be given to the patient and his or her personal representative and counsel. In deciding whether the decision shall be published in whole or in part, full consideration shall be given to the patient's own wishes, to the need to respect his or her privacy and that of other persons, to the public interest in the open administration of justice and to the need to prevent serious harm to the patient's health or to avoid putting at risk the safety of others."
Principles for the protection of persons with mental illness and the improvement of mental health care,,,Principle 19,,Access to information
Principles for the protection of persons with mental illness and the improvement of mental health care,,,Principle 19,1,"A patient (which term in this Principle includes a former patient) shall be entitled to have access to the information concerning the patient in his or her health and personal records maintained by a mental health facility. This right may be subject to restrictions in order to prevent serious harm to the patient's health and avoid putting at risk the safety of others. As domestic law may provide, any such information not given to the patient should, when this can be done in confidence, be given to the patient's personal representative and counsel. When any of the information is withheld from a patient, the patient or the patient's counsel, if any, shall receive notice of the withholding and the reasons for it and it shall be subject to judicial review."
Principles for the protection of persons with mental illness and the improvement of mental health care,,,Principle 19,2,"Any written comments by the patient or the patient's personal representative or counsel shall, on request, be inserted in the patient's file."
Principles for the protection of persons with mental illness and the improvement of mental health care,,,Principle 20,,Criminal offenders
Principles for the protection of persons with mental illness and the improvement of mental health care,,,Principle 20,1,"This Principle applies to persons serving sentences of imprisonment for criminal offences, or who are otherwise detained in the course of criminal proceedings or investigations against them, and who are determined to have a mental illness or who it is believed may have such an illness."
Principles for the protection of persons with mental illness and the improvement of mental health care,,,Principle 20,2,"All such persons should receive the best available mental health care as provided in Principle 1. These Principles shall apply to them to the fullest extent possible, with only such limited modifications and exceptions as are necessary in the circumstances. No such modifications and exceptions shall prejudice the persons' rights under the instruments noted in paragraph 5 of Principle 1."
Principles for the protection of persons with mental illness and the improvement of mental health care,,,Principle 20,3,"Domestic law may authorize a court or other competent authority, acting on the basis of competent and independent medical advice, to order that such persons be admitted to a mental health facility."
Principles for the protection of persons with mental illness and the improvement of mental health care,,,Principle 20,4,Treatment of persons determined to have a mental illness shall in all circumstances be consistent with Principle 11.
Principles for the protection of persons with mental illness and the improvement of mental health care,,,Principle 21,,"Complaints

Every patient and former patient shall have the right to make a complaint through procedures as specified by domestic law."
Principles for the protection of persons with mental illness and the improvement of mental health care,,,Principle 22,,"Monitoring and remedies

States shall ensure that appropriate mechanisms are in force to promote compliance with these Principles, for the inspection of mental health facilities, for the submission, investigation and resolution of complaints and for the institution of appropriate disciplinary or judicial proceedings for professional misconduct or violation of the rights of a patient."
Principles for the protection of persons with mental illness and the improvement of mental health care,,,Principle 23,,Implementation
Principles for the protection of persons with mental illness and the improvement of mental health care,,,,1,"States should implement these Principles through appropriate legislative, judicial, administrative, educational and other measures, which they shall review periodically."
Principles for the protection of persons with mental illness and the improvement of mental health care,,,,2,States shall make these Principles widely known by appropriate and active means.
Principles for the protection of persons with mental illness and the improvement of mental health care,,,Principle 24,,"Scope of principles relating to mental health facilities

These Principles apply to all persons who are admitted to a mental health facility."
Principles for the protection of persons with mental illness and the improvement of mental health care,,,Principle 25,,"Saving of existing rights

There shall be no restriction upon or derogation from any existing rights of patients, including rights recognized in applicable international or domestic law, on the pretext that these Principles do not recognize such rights or that they recognize them to a lesser extent."
"Indigenous and Tribal Peoples Convention, 1989 (No. 169)",27 June 1989,URI:,https://www.ohchr.org/en/instruments-mechanisms/instruments/indigenous-and-tribal-peoples-convention-1989-no-169,,
"Indigenous and Tribal Peoples Convention, 1989 (No. 169)",,,INTRODUCTION,,"The General Conference of the International Labour Organisation,

Having been convened at Geneva by the Governing Body of the International Labour Office, and having met in its seventy-sixth session on 7 June 1989, and

Noting the international standards contained in the Indigenous and Tribal Populations Convention and Recommendation, 1957, and

Recalling the terms of the Universal Declaration of Human Rights, the International Covenant on Economic, Social and Cultural Rights, the International Covenant on Civil and Political Rights, and the many international instruments on the prevention of discrimination, and

Considering that the developments which have taken place in international law since 1957, as well as developments in the situation of indigenous and tribal peoples in all regions of the world, have made it appropriate to adopt new international standards on the subject with a view to removing the assimilationist orientation of the earlier standards, and

Recognising the aspirations of these peoples to exercise control over their own institutions, ways of life and economic development and to maintain and develop their identities, languages and religions, within the framework of the States in which they live, and

Noting that in many parts of the world these peoples are unable to enjoy their fundamental human rights to the same degree as the rest of the population of the States within which they live, and that their laws, values, customs and perspectives have often been eroded, and

Calling attention to the distinctive contributions of indigenous and tribal peoples to the cultural diversity and social and ecological harmony of humankind and to international co-operation and understanding, and

Noting that the following provisions have been framed with the co-operation of the United Nations, the Food and Agriculture Organization of the United Nations, the United Nations Educational, Scientific and Cultural Organization and the World Health Organization, as well as of the Inter-American Indian Institute, at appropriate levels and in their respective fields, and that it is proposed to continue this co-operation in promoting and securing the application of these provisions, and

Having decided upon the adoption of certain proposals with regard to the partial revision of the Indigenous and Tribal Populations Convention, 1957 (No. 107), which is the fourth item on the agenda of the session, and

Having determined that these proposals shall take the form of an international Convention revising the Indigenous and Tribal Populations Convention, 1957,

Adopts this twenty-seventh day of June of the year one thousand nine hundred and eighty-nine the following Convention, which may be cited as the Indigenous and Tribal Peoples Convention, 1989:"
"Indigenous and Tribal Peoples Convention, 1989 (No. 169)",Part I.,General policy,Article 1,1,"This Convention applies to:

(a) Tribal peoples in independent countries whose social, cultural and economic conditions distinguish them from other sections of the national community, and whose status is regulated wholly or partially by their own customs or traditions or by special laws or regulations;

(b) Peoples in independent countries who are regarded as indigenous on account of their descent from the populations which inhabited the country, or a geographical region to which the country belongs, at the time of conquest or colonisation or the establishment of present State boundaries and who, irrespective of their legal status, retain some or all of their own social, economic, cultural and political institutions."
"Indigenous and Tribal Peoples Convention, 1989 (No. 169)",Part I.,General policy,,2,Self-identification as indigenous or tribal shall be regarded as a fundamental criterion for determining the groups to which the provisions of this Convention apply.
"Indigenous and Tribal Peoples Convention, 1989 (No. 169)",Part I.,General policy,,3,"The use of the term ""peoples"" in this Convention shall not be construed as having any implications as regards the rights which may attach to the term under international law."
"Indigenous and Tribal Peoples Convention, 1989 (No. 169)",Part I.,General policy,Article 2,1,"Governments shall have the responsibility for developing, with the participation of the peoples concerned, co-ordinated and systematic action to protect the rights of these peoples and to guarantee respect for their integrity."
"Indigenous and Tribal Peoples Convention, 1989 (No. 169)",Part I.,General policy,,2,"Such action shall include measures for:

(a) Ensuring that members of these peoples benefit on an equal footing from the rights and opportunities which national laws and regulations grant to other members of the population;

(b) Promoting the full realisation of the social, economic and cultural rights of these peoples with respect for their social and cultural identity, their customs and traditions and their institutions;

(c) Assisting the members of the peoples concerned to eliminate socio-economic gaps that may exist between indigenous and other members of the national community, in a manner compatible with their aspirations and ways of life."
"Indigenous and Tribal Peoples Convention, 1989 (No. 169)",Part I.,General policy,Article 3,1,Indigenous and tribal peoples shall enjoy the full measure of human rights and fundamental freedoms without hindrance or discrimination. The provisions of the Convention shall be applied without discrimination to male and female members of these peoples.
"Indigenous and Tribal Peoples Convention, 1989 (No. 169)",Part I.,General policy,Article 3,2,"No form of force or coercion shall be used in violation of the human rights and fundamental freedoms of the peoples concerned, including the rights contained in this Convention."
"Indigenous and Tribal Peoples Convention, 1989 (No. 169)",Part I.,General policy,Article 4,1,"Special measures shall be adopted as appropriate for safeguarding the persons, institutions, property, labour, cultures and environment of the peoples concerned."
"Indigenous and Tribal Peoples Convention, 1989 (No. 169)",Part I.,General policy,Article 4,2,Such special measures shall not be contrary to the freely-expressed wishes of the peoples concerned.
"Indigenous and Tribal Peoples Convention, 1989 (No. 169)",Part I.,General policy,Article 4,3,"Enjoyment of the general rights of citizenship, without discrimination, shall not be prejudiced in any way by such special measures."
"Indigenous and Tribal Peoples Convention, 1989 (No. 169)",Part I.,General policy,Article 5,,"In applying the provisions of this Convention:

(a) The social, cultural, religious and spiritual values and practices of these peoples shall be recognised and protected, and due account shall be taken of the nature of the problems which face them both as groups and as individuals;

(b) The integrity of the values, practices and institutions of these peoples shall be respected;

(c) Policies aimed at mitigating the difficulties experienced by these peoples in facing new conditions of life and work shall be adopted, with the participation and co-operation of the peoples affected."
"Indigenous and Tribal Peoples Convention, 1989 (No. 169)",Part I.,General policy,Article 6,1,"In applying the provisions of this Convention, Governments shall:

(a) Consult the peoples concerned, through appropriate procedures and in particular through their representative institutions, whenever consideration is being given to legislative or administrative measures which may affect them directly;

(b) Establish means by which these peoples can freely participate, to at least the same extent as other sectors of the population, at all levels of decision-making in elective institutions and administrative and other bodies responsible for policies and programmes which concern them;

(c) Establish means for the full development of these peoples' own institutions and initiatives, and in appropriate cases provide the resources necessary for this purpose."
"Indigenous and Tribal Peoples Convention, 1989 (No. 169)",Part I.,General policy,Article 6,2,"The consultations carried out in application of this Convention shall be undertaken, in good faith and in a form appropriate to the circumstances, with the objective of achieving agreement or consent to the proposed measures."
"Indigenous and Tribal Peoples Convention, 1989 (No. 169)",Part I.,General policy,Article 7,1,"The peoples concerned shall have the right to decide their own priorities for the process of development as it affects their lives, beliefs, institutions and spiritual well-being and the lands they occupy or otherwise use, and to exercise control, to the extent possible, over their own economic, social and cultural development. In addition, they shall participate in the formulation, implementation and evaluation of plans and programmes for national and regional development which may affect them directly."
"Indigenous and Tribal Peoples Convention, 1989 (No. 169)",Part I.,General policy,Article 7,2,"The improvement of the conditions of life and work and levels of health and education of the peoples concerned, with their participation and co-operation, shall be a matter of priority in plans for the overall economic development of areas they inhabit. Special projects for development of the areas in question shall also be so designed as to promote such improvement."
"Indigenous and Tribal Peoples Convention, 1989 (No. 169)",Part I.,General policy,Article 7,3,"Governments shall ensure that, whenever appropriate, studies are carried out, in co-operation with the peoples concerned, to assess the social, spiritual, cultural and environmental impact on them of planned development activities. The results of these studies shall be considered as fundamental criteria for the implementation of these activities."
"Indigenous and Tribal Peoples Convention, 1989 (No. 169)",Part I.,General policy,Article 7,4,"Governments shall take measures, in co-operation with the peoples concerned, to protect and preserve the environment of the territories they inhabit."
"Indigenous and Tribal Peoples Convention, 1989 (No. 169)",Part I.,General policy,Article 8,1,"In applying national laws and regulations to the peoples concerned, due regard shall be had to their customs or customary laws."
"Indigenous and Tribal Peoples Convention, 1989 (No. 169)",Part I.,General policy,Article 8,2,"These peoples shall have the right to retain their own customs and institutions, where these are not incompatible with fundamental rights defined by the national legal system and with internationally recognized human rights. Procedures shall be established, whenever necessary, to resolve conflicts which may arise in the application of this principle."
"Indigenous and Tribal Peoples Convention, 1989 (No. 169)",Part I.,General policy,Article 8,3,The application of paragraphs 1 and 2 of this Article shall not prevent members of these peoples from exercising the rights granted to all citizens and from assuming the corresponding duties.
"Indigenous and Tribal Peoples Convention, 1989 (No. 169)",Part I.,General policy,Article 9,1,"To the extent compatible with the national legal system and internationally recognised human rights, the methods customarily practised by the peoples concerned for dealing with offences committed by their members shall be respected."
"Indigenous and Tribal Peoples Convention, 1989 (No. 169)",Part I.,General policy,Article 9,2,The customs of these peoples in regard to penal matters shall be taken into consideration by the authorities and courts dealing with such cases.
"Indigenous and Tribal Peoples Convention, 1989 (No. 169)",Part I.,General policy,Article 10,1,"In imposing penalties laid down by general law on members of these peoples account shall be taken of their economic, social and cultural characteristics."
"Indigenous and Tribal Peoples Convention, 1989 (No. 169)",Part I.,General policy,Article 10,2,Preference shall be given to methods of punishment other than confinement in prison.
"Indigenous and Tribal Peoples Convention, 1989 (No. 169)",Part I.,General policy,Article 11,,"The exaction from members of the peoples concerned of compulsory personal services in any form, whether paid or unpaid, shall be prohibited and punishable by law, except in cases prescribed by law for all citizens."
"Indigenous and Tribal Peoples Convention, 1989 (No. 169)",Part I.,General policy,Article 12,,"The peoples concerned shall be safeguarded against the abuse of their rights and shall be able to take legal proceedings, either individually or through their representative bodies, for the effective protection of these rights. Measures shall be taken to ensure that members of these peoples can understand and be understood in legal proceedings, where necessary through the provision of interpretation or by other effective means."
"Indigenous and Tribal Peoples Convention, 1989 (No. 169)",Part II.,Land,Article 13,1,"In applying the provisions of this Part of the Convention governments shall respect the special importance for the cultures and spiritual values of the peoples concerned of their relationship with the lands or territories, or both as applicable, which they occupy or otherwise use, and in particular the collective aspects of this relationship."
"Indigenous and Tribal Peoples Convention, 1989 (No. 169)",Part II.,Land,Article 13,2,"The use of the term ""lands"" in Articles 15 and 16 shall include the concept of territories, which covers the total environment of the areas which the peoples concerned occupy or otherwise use."
"Indigenous and Tribal Peoples Convention, 1989 (No. 169)",Part II.,Land,Article 14,1,"The rights of ownership and possession of the peoples concerned over the lands which they traditionally occupy shall be recognised. In addition, measures shall be taken in appropriate cases to safeguard the right of the peoples concerned to use lands not exclusively occupied by them, but to which they have traditionally had access for their subsistence and traditional activities. Particular attention shall be paid to the situation of nomadic peoples and shifting cultivators in this respect."
"Indigenous and Tribal Peoples Convention, 1989 (No. 169)",Part II.,Land,Article 14,2,"Governments shall take steps as necessary to identify the lands which the peoples concerned traditionally occupy, and to guarantee effective protection of their rights of ownership and possession."
"Indigenous and Tribal Peoples Convention, 1989 (No. 169)",Part II.,Land,Article 14,3,Adequate procedures shall be established within the national legal system to resolve land claims by the peoples concerned.
"Indigenous and Tribal Peoples Convention, 1989 (No. 169)",Part II.,Land,Article 15,1,"The rights of the peoples concerned to the natural resources pertaining to their lands shall be specially safeguarded. These rights include the right of these peoples to participate in the use, management and conservation of these resources."
"Indigenous and Tribal Peoples Convention, 1989 (No. 169)",Part II.,Land,Article 15,2,"In cases in which the State retains the ownership of mineral or sub-surface resources or rights to other resources pertaining to lands, governments shall establish or maintain procedures through which they shall consult these peoples, with a view to ascertaining whether and to what degree their interests would be prejudiced, before undertaking or permitting any programmes for the exploration or exploitation of such resources pertaining to their lands. The peoples concerned shall wherever possible participate in the benefits of such activities, and shall receive fair compensation for any damages which they may sustain as a result of such activities."
"Indigenous and Tribal Peoples Convention, 1989 (No. 169)",Part II.,Land,Article 16,1,"Subject to the following paragraphs of this Article, the peoples concerned shall not be removed from the lands which they occupy."
"Indigenous and Tribal Peoples Convention, 1989 (No. 169)",Part II.,Land,Article 16,2,"Where the relocation of these peoples is considered necessary as an exceptional measure, such relocation shall take place only with their free and informed consent. Where their consent cannot be obtained, such relocation shall take place only following appropriate procedures established by national laws and regulations, including public inquiries where appropriate, which provide the opportunity for effective representation of the peoples concerned."
"Indigenous and Tribal Peoples Convention, 1989 (No. 169)",Part II.,Land,Article 16,3,"Whenever possible, these peoples shall have the right to return to their traditional lands, as soon as the grounds for relocation cease to exist."
"Indigenous and Tribal Peoples Convention, 1989 (No. 169)",Part II.,Land,Article 16,4,"When such return is not possible, as determined by agreement or, in the absence of such agreement, through appropriate procedures, these peoples shall be provided in all possible cases with lands of quality and legal status at least equal to that of the lands previously occupied by them, suitable to provide for their present needs and future development. Where the peoples concerned express a preference for compensation in money or in kind, they shall be so compensated under appropriate guarantees."
"Indigenous and Tribal Peoples Convention, 1989 (No. 169)",Part II.,Land,Article 16,5,Persons thus relocated shall be fully compensated for any resulting loss or injury.
"Indigenous and Tribal Peoples Convention, 1989 (No. 169)",Part II.,Land,Article 17,1,Procedures established by the peoples concerned for the transmission of land rights among members of these peoples shall be respected.
"Indigenous and Tribal Peoples Convention, 1989 (No. 169)",Part II.,Land,Article 17,2,The peoples concerned shall be consulted whenever consideration is being given to their capacity to alienate their lands or otherwise transmit their rights outside their own community.
"Indigenous and Tribal Peoples Convention, 1989 (No. 169)",Part II.,Land,Article 17,3,"Persons not belonging to these peoples shall be prevented from taking advantage of their customs or of lack of understanding of the laws on the part of their members to secure the ownership, possession or use of land belonging to them."
"Indigenous and Tribal Peoples Convention, 1989 (No. 169)",Part II.,Land,Article 18,,"Adequate penalties shall be established by law for unauthorised intrusion upon, or use of, the lands of the peoples concerned, and governments shall take measures to prevent such offences."
"Indigenous and Tribal Peoples Convention, 1989 (No. 169)",Part II.,Land,Article 19,,"National agrarian programmes shall secure to the peoples concerned treatment equivalent to that accorded to other sectors of the population with regard to:

(a) The provision of more land for these peoples when they have not the area necessary for providing the essentials of a normal existence, or for any possible increase in their numbers;

(b) The provision of the means required to promote the development of the lands which these peoples already possess."
"Indigenous and Tribal Peoples Convention, 1989 (No. 169)",Part III.,Recruitment and conditions of employment,Article 20,1,"Governments shall, within the framework of national laws and regulations, and in co-operation with the peoples concerned, adopt special measures to ensure the effective protection with regard to recruitment and conditions of employment of workers belonging to these peoples, to the extent that they are not effectively protected by laws applicable to workers in general."
"Indigenous and Tribal Peoples Convention, 1989 (No. 169)",Part III.,Recruitment and conditions of employment,Article 20,2,"Governments shall do everything possible to prevent any discrimination between workers belonging to the peoples concerned and other workers, in particular as regards:

(a) Admission to employment, including skilled employment, as well as measures for promotion and advancement;

(b) Equal remuneration for work of equal value;

(c) Medical and social assistance, occupational safety and health, all social security benefits and any other occupationally related benefits, and housing;

(d) The right of association and freedom for all lawful trade union activities, and the right to conclude collective agreements with employers or employers' organisations."
"Indigenous and Tribal Peoples Convention, 1989 (No. 169)",Part III.,Recruitment and conditions of employment,Article 20,3,"The measures taken shall include measures to ensure:

(a) That workers belonging to the peoples concerned, including seasonal, casual and migrant workers in agricultural and other employment, as well as those employed by labour contractors, enjoy the protection afforded by national law and practice to other such workers in the same sectors, and that they are fully informed of their rights under labour legislation and of the means of redress available to them;

(b) That workers belonging to these peoples are not subjected to working conditions hazardous to their health, in particular through exposure to pesticides or other toxic substances;

(c) That workers belonging to these peoples are not subjected to coercive recruitment systems, including bonded labour and other forms of debt servitude;

(d) That workers belonging to these peoples enjoy equal opportunities and equal treatment in employment for men and women, and protection from sexual harassment."
"Indigenous and Tribal Peoples Convention, 1989 (No. 169)",Part III.,Recruitment and conditions of employment,Article 20,4,"Particular attention shall be paid to the establishment of adequate labour inspection services in areas where workers belonging to the peoples concerned undertake wage employment, in order to ensure compliance with the provisions of this Part of this Convention."
"Indigenous and Tribal Peoples Convention, 1989 (No. 169)",Part IV.,"Vocational training, handicrafts and rural industries",Article 21,,Members of the peoples concerned shall enjoy opportunities at least equal to those of other citizens in respect of vocational training measures.
"Indigenous and Tribal Peoples Convention, 1989 (No. 169)",Part IV.,"Vocational training, handicrafts and rural industries",Article 22,1,Measures shall be taken to promote the voluntary participation of members of the peoples concerned in vocational training programmes of general application.
"Indigenous and Tribal Peoples Convention, 1989 (No. 169)",Part IV.,"Vocational training, handicrafts and rural industries",Article 22,2,"Whenever existing programmes of vocational training of general application do not meet the special needs of the peoples concerned, governments shall, with the participation of these peoples, ensure the provision of special training programmes and facilities."
"Indigenous and Tribal Peoples Convention, 1989 (No. 169)",Part IV.,"Vocational training, handicrafts and rural industries",Article 22,3,"Any special training programmes shall be based on the economic environment, social and cultural conditions and practical needs of the peoples concerned. Any studies made in this connection shall be carried out in co-operation with these peoples, who shall be consulted on the organisation and operation of such programmes. Where feasible, these peoples shall progressively assume responsibility for the organisation and operation of such special training programmes, if they so decide."
"Indigenous and Tribal Peoples Convention, 1989 (No. 169)",Part IV.,"Vocational training, handicrafts and rural industries",Article 23,1,"Handicrafts, rural and community-based industries, and subsistence economy and traditional activities of the peoples concerned, such as hunting, fishing, trapping and gathering, shall be recognised as important factors in the maintenance of their cultures and in their economic self-reliance and development. Governments shall, with the participation of these peoples and whenever appropriate, ensure that these activities are strengthened and promoted."
"Indigenous and Tribal Peoples Convention, 1989 (No. 169)",Part IV.,"Vocational training, handicrafts and rural industries",Article 23,2,"Upon the request of the peoples concerned, appropriate technical and financial assistance shall be provided wherever possible, taking into account the traditional technologies and cultural characteristics of these peoples, as well as the importance of sustainable and equitable development."
"Indigenous and Tribal Peoples Convention, 1989 (No. 169)",Part V.,Social security and health,Article 24,,"Social security schemes shall be extended progressively to cover the peoples concerned, and applied without discrimination against them."
"Indigenous and Tribal Peoples Convention, 1989 (No. 169)",Part V.,Social security and health,Article 25,1,"Governments shall ensure that adequate health services are made available to the peoples concerned, or shall provide them with resources to allow them to design and deliver such services under their own responsibility and control, so that they may enjoy the highest attainable standard of physical and mental health."
"Indigenous and Tribal Peoples Convention, 1989 (No. 169)",Part V.,Social security and health,Article 25,2,"Health services shall, to the extent possible, be community-based. These services shall be planned and administered in co-operation with the peoples concerned and take into account their economic, geographic, social and cultural conditions as well as their traditional preventive care, healing practices and medicines."
"Indigenous and Tribal Peoples Convention, 1989 (No. 169)",Part V.,Social security and health,Article 25,3,"The health care system shall give preference to the training and employment of local community health workers, and focus on primary health care while maintaining strong links with other levels of health care services."
"Indigenous and Tribal Peoples Convention, 1989 (No. 169)",Part V.,Social security and health,Article 25,4,"The provision of such health services shall be co-ordinated with other social, economic and cultural measures in the country."
"Indigenous and Tribal Peoples Convention, 1989 (No. 169)",Part VI.,Education and means of communication,Article 26,,Measures shall be taken to ensure that members of the peoples concerned have the opportunity to acquire education at all levels on at least an equal footing with the rest of the national community.
"Indigenous and Tribal Peoples Convention, 1989 (No. 169)",Part VI.,Education and means of communication,Article 27,1,"Education programmes and services for the peoples concerned shall be developed and implemented in co-operation with them to address their special needs, and shall incorporate their histories, their knowledge and technologies, their value systems and their further social, economic and cultural aspirations."
"Indigenous and Tribal Peoples Convention, 1989 (No. 169)",Part VI.,Education and means of communication,Article 27,2,"The competent authority shall ensure the training of members of these peoples and their involvement in the formulation and implementation of education programmes, with a view to the progressive transfer of responsibility for the conduct of these programmes to these peoples as appropriate."
"Indigenous and Tribal Peoples Convention, 1989 (No. 169)",Part VI.,Education and means of communication,Article 27,3,"In addition, governments shall recognise the right of these peoples to establish their own educational institutions and facilities, provided that such institutions meet minimum standards established by the competent authority in consultation with these peoples. Appropriate resources shall be provided for this purpose."
"Indigenous and Tribal Peoples Convention, 1989 (No. 169)",Part VI.,Education and means of communication,Article 28,1,"Children belonging to the peoples concerned shall, wherever practicable, be taught to read and write in their own indigenous language or in the language most commonly used by the group to which they belong. When this is not practicable, the competent authorities shall undertake consultations with these peoples with a view to the adoption of measures to achieve this objective."
"Indigenous and Tribal Peoples Convention, 1989 (No. 169)",Part VI.,Education and means of communication,Article 28,2,Adequate measures shall be taken to ensure that these peoples have the opportunity to attain fluency in the national language or in one of the official languages of the country.
"Indigenous and Tribal Peoples Convention, 1989 (No. 169)",Part VI.,Education and means of communication,Article 28,3,Measures shall be taken to preserve and promote the development and practice of the indigenous languages of the peoples concerned.
"Indigenous and Tribal Peoples Convention, 1989 (No. 169)",Part VI.,Education and means of communication,Article 29,,The imparting of general knowledge and skills that will help children belonging to the peoples concerned to participate fully and on an equal footing in their own community and in the national community shall be an aim of education for these peoples.
"Indigenous and Tribal Peoples Convention, 1989 (No. 169)",Part VI.,Education and means of communication,Article 30,1,"Governments shall adopt measures appropriate to the traditions and cultures of the peoples concerned, to make known to them their rights and duties, especially in regard to labour, economic opportunities, education and health matters, social welfare and their rights deriving from this Convention."
"Indigenous and Tribal Peoples Convention, 1989 (No. 169)",Part VI.,Education and means of communication,Article 30,2,"If necessary, this shall be done by means of written translations and through the use of mass communications in the languages of these peoples."
"Indigenous and Tribal Peoples Convention, 1989 (No. 169)",Part VI.,Education and means of communication,Article 31,,"Educational measures shall be taken among all sections of the national community, and particularly among those that are in most direct contact with the peoples concerned, with the object of eliminating prejudices that they may harbour in respect of these peoples. To this end, efforts shall be made to ensure that history textbooks and other educational materials provide a fair, accurate and informative portrayal of the societies and cultures of these peoples."
"Indigenous and Tribal Peoples Convention, 1989 (No. 169)",Part VII.,Contacts and co-operation across borders,Article 32,,"Governments shall take appropriate measures, including by means of international agreements, to facilitate contacts and co-operation between indigenous and tribal peoples across borders, including activities in the economic, social, cultural, spiritual and environmental fields."
"Indigenous and Tribal Peoples Convention, 1989 (No. 169)",Part VIII.,Administration,Article 33,1,"The governmental authority responsible for the matters covered in this Convention shall ensure that agencies or other appropriate mechanisms exist to administer the programmes affecting the peoples concerned, and shall ensure that they have the means necessary for the proper fulfilment of the functions assigned to them."
"Indigenous and Tribal Peoples Convention, 1989 (No. 169)",Part VIII.,Administration,Article 33,2,"These programmes shall include:

(a) The planning, co-ordination, execution and evaluation, in co-operation with the peoples concerned, of the measures provided for in this Convention;

(b) The proposing of legislative and other measures to the competent authorities and supervision of the application of the measures taken, in co-operation with the peoples concerned."
"Indigenous and Tribal Peoples Convention, 1989 (No. 169)",Part IX. ,General provisions,Article 34,,"The nature and scope of the measures to be taken to give effect to this Convention shall be determined in a flexible manner, having regard to the conditions characteristic of each country."
"Indigenous and Tribal Peoples Convention, 1989 (No. 169)",Part IX. ,General provisions,Article 35,,"The application of the provisions of this Convention shall not adversely affect rights and benefits of the peoples concerned pursuant to other Conventions and Recommendations, international instruments, treaties, or national laws, awards, custom or agreements."
"Indigenous and Tribal Peoples Convention, 1989 (No. 169)",Part X.,Final provisions,Article 36,,"This Convention revises the Indigenous and Tribal Populations Convention, 1957."
"Indigenous and Tribal Peoples Convention, 1989 (No. 169)",Part X.,Final provisions,Article 37,,The formal ratifications of this Convention shall be communicated to the Director-General of the International Labour Office for registration.
"Indigenous and Tribal Peoples Convention, 1989 (No. 169)",Part X.,Final provisions,Article 38,1,This Convention shall be binding only upon those Members of the International Labour Organisation whose ratifications have been registered with the Director-General.
"Indigenous and Tribal Peoples Convention, 1989 (No. 169)",Part X.,Final provisions,Article 38,2,It shall come into force twelve months after the date on which the ratifications of two Members have been registered with the Director-General.
"Indigenous and Tribal Peoples Convention, 1989 (No. 169)",Part X.,Final provisions,Article 38,3,"Thereafter, this Convention shall come into force for any Member twelve months after the date on which its ratification has been registered."
"Indigenous and Tribal Peoples Convention, 1989 (No. 169)",Part X.,Final provisions,Article 39,1,"A Member which has ratified this Convention may denounce it after the expiration of ten years from the date on which the Convention first comes into force, by an act communicated to the Director-General of the International Labour Office for registration. Such denunciation shall not take effect until one year after the date on which it is registered."
"Indigenous and Tribal Peoples Convention, 1989 (No. 169)",Part X.,Final provisions,Article 39,2,"Each Member which has ratified this Convention and which does not, within the year following the expiration of the period of ten years mentioned in the preceding paragraph, exercise the right of denunciation provided for in this Article, will be bound for another period of ten years and, thereafter, may denounce this Convention at the expiration of each period of ten years under the terms provided for in this Article."
"Indigenous and Tribal Peoples Convention, 1989 (No. 169)",Part X.,Final provisions,Article 40,1,The Director-General of the International Labour Office shall notify all Members of the International Labour Organisation of the registration of all ratifications and denunciations communicated to him by the Members of the Organisation.
"Indigenous and Tribal Peoples Convention, 1989 (No. 169)",Part X.,Final provisions,Article 40,2,"When notifying the Members of the Organisation of the registration of the second ratification communicated to him, the Director-General shall draw the attention of the Members of the Organisation to the date upon which the Convention will come into force."
"Indigenous and Tribal Peoples Convention, 1989 (No. 169)",Part X.,Final provisions,Article 41,,The Director-General of the International Labour Office shall communicate to the Secretary-General of the United Nations for registration in accordance with Article 102 of the Charter of the United Nations full particulars of all ratifications and acts of denunciation registered by him in accordance with the provisions of the preceding Articles.
"Indigenous and Tribal Peoples Convention, 1989 (No. 169)",Part X.,Final provisions,Article 42,,At such times as it may consider necessary the Governing Body of the International Labour Office shall present to the General Conference a report on the working of this Convention and shall examine the desirability of placing on the agenda of the Conference the question of its revision in whole or in part.
"Indigenous and Tribal Peoples Convention, 1989 (No. 169)",Part X.,Final provisions,Article 43,1,"Should the Conference adopt a new Convention revising this Convention in whole or in part, then, unless the new Convention otherwise provides:

(a) The ratification by a Member of the new revising Convention shall ipso jure involve the immediate denunciation of this Convention, notwithstanding the provisions of Article 39 above, if and when the new revising Convention shall have come into force;

(b) As from the date when the new revising Convention comes into force this Convention shall cease to be open to ratification by the Members."
"Indigenous and Tribal Peoples Convention, 1989 (No. 169)",Part X.,Final provisions,Article 43,2,This Convention shall in any case remain in force in its actual form and content for those Members which have ratified it but have not ratified the revising Convention.
"Indigenous and Tribal Peoples Convention, 1989 (No. 169)",Part X.,Final provisions,Article 44,,The English and French versions of the text of this Convention are equally authoritative.
Declaration on the Use of Scientific and Technological Progress in the Interests of Peace and for the Benefit of Mankind,10 November 1975,URI:,https://www.ohchr.org/en/instruments-mechanisms/instruments/declaration-use-scientific-and-technological-progress-interests,,
Declaration on the Use of Scientific and Technological Progress in the Interests of Peace and for the Benefit of Mankind,,,,,"The General Assembly ,

Noting that scientific and technological progress has become one of the most important factors in the development of human society,

Taking into consideration that, while scientific and technological developments provide ever increasing opportunities to better the conditions of life of peoples and nations, in a number of instances they can give rise to social problems, as well as threaten the human rights and fundamental freedoms of the individual,

Noting with concern that scientific and technological achievements can be used to intensify the arms race, suppress national liberation movements and deprive individuals and peoples of their human rights and fundamental freedoms,

Also noting with concern that scientific and technological achievements can entail dangers for the civil and political rights of the individual or of the group and for human dignity,

Noting the urgent need to make full use of scientific and technological developments for the welfare of man and to neutralize the present and possible future harmful consequences of certain scientific and technological achievements,

Recognizing that scientific and technological progress is of great importance in accelerating the social and economic development of developing countries,

Aware that the transfer of science and technology is one of the principal ways of accelerating the economic development of developing countries,

Reaffirming the right of peoples to self-determination and the need to respect human rights and freedoms and the dignity of the human person in the conditions of scientific and technological progress,

Desiring to promote the realization of the principles which form the basis of the Charter of the United Nations, the Universal Declaration of Human Rights, the International Covenants on Human Rights, the Declaration on the Granting of Independence to Colonial Countries and Peoples, the Declaration on Principles of International Law concerning Friendly Relations and Co-operation among States in accordance with the Charter of the United Nations, the Declaration on Social Progress and Development, and the Charter of Economic Rights and Duties of States;

Solemnly proclaims that:"
Declaration on the Use of Scientific and Technological Progress in the Interests of Peace and for the Benefit of Mankind,,,,1,"All States shall promote international co-operation to ensure that the results of scientific and technological developments are used in the interests of strengthening international peace and security, freedom and independence, and also for the purpose of the economic and social development of peoples and the realization of human rights and freedoms in accordance with the Charter of the United Nations."
Declaration on the Use of Scientific and Technological Progress in the Interests of Peace and for the Benefit of Mankind,,,,2,"All States shall take appropriate measures to prevent the use of scientific and technological developments, particularly by the State organs, to limit or interfere with the enjoyment of the human rights and fundamental freedoms of the individual as enshrined in the Universal Declaration of Human Rights, the International Covenants on Human Rights and other relevant international instruments."
Declaration on the Use of Scientific and Technological Progress in the Interests of Peace and for the Benefit of Mankind,,,,3,All States shall take measures to ensure that scientific and technological achievements satisfy the material and spiritual needs for all sectors of the population.
Declaration on the Use of Scientific and Technological Progress in the Interests of Peace and for the Benefit of Mankind,,,,4,"All States shall refrain from any acts involving the use of scientific and technological achievements for the purposes of violating the sovereignty and territorial integrity of other States, interfering in their internal affairs, waging aggressive wars, suppressing national liberation movements or pursuing a policy of racial discrimination. Such acts are not only a flagrant violation of the Charter of the United Nations and principles of international law, but constitute an inadmissible distortion of the purposes that should guide scientific and technological developments for the benefit of mankind."
Declaration on the Use of Scientific and Technological Progress in the Interests of Peace and for the Benefit of Mankind,,,,5,"All States shall co-operate in the establishment, strengthening and development of the scientific and technological capacity of developing countries with a view to accelerating the realization of the social and economic rights of the peoples of those countries."
Declaration on the Use of Scientific and Technological Progress in the Interests of Peace and for the Benefit of Mankind,,,,6,"All States shall take measures to extend the benefits of science and technology to all strata of the population and to protect them, both socially and materially, from possible harmful effects of the misuse of scientific and technological developments, including their misuse to infringe upon the rights of the individual or of the group, particularly with regard to respect for privacy and the protection of the human personality and its physical and intellectual integrity."
Declaration on the Use of Scientific and Technological Progress in the Interests of Peace and for the Benefit of Mankind,,,,7,"All States shall take the necessary measures, including legislative measures, to ensure that the utilization of scientific and technological achievements promotes the fullest realization of human rights and fundamental freedoms without any discrimination whatsoever on grounds of race, sex, language or religious beliefs."
Declaration on the Use of Scientific and Technological Progress in the Interests of Peace and for the Benefit of Mankind,,,,8,"All States shall take effective measures, including legislative measures, to prevent and preclude the utilization of scientific and technological achievements to the detriment of human rights and fundamental freedoms and the dignity of the human person."
Declaration on the Use of Scientific and Technological Progress in the Interests of Peace and for the Benefit of Mankind,,,,9,"All States shall, whenever necessary, take action to ensure compliance with legislation guaranteeing human rights and freedoms in the conditions of scientific and technological developments."
"Employment Policy Convention, 1964 (No. 122)",09 July 1964,,https://www.ohchr.org/en/instruments-mechanisms/instruments/employment-policy-convention-1964-no-122,,
"Employment Policy Convention, 1964 (No. 122)",,,INTRODUCTION,,"The General Conference of the International Labour Organisation ,

Having been convened at Geneva by the Governing Body of the International Labour Office, and having met in its forty-eighth session on 17 June 1964, and

Considering that the Declaration of Philadelphia recognises the solemn obligation of the International Labour Organisation to further among the nations of the world programmes which will achieve full employment and the raising of standards of living, and that the Preamble to the Constitution of the International Labour Organisation provides for the prevention of unemployment and the provision of an adequate living wage, and

Considering further that under the terms of the Declaration of Philadelphia it is the responsibility of the International Labour Organisation to examine and consider the bearing of economic and financial policies upon employment policy in the light of the fundamental objective that ""all human beings, irrespective of race, creed or sex, have the right to pursue both their material well-being and their spiritual development in conditions of freedom and dignity, of economic security and equal opportunity"", and

Considering that the Universal Declaration of Human Rights provides that ""everyone has the right to work, to free choice of employment, to just and favourable conditions of work and to protection against unemployment"", and

Noting the terms of existing international labour Conventions and Recommendations of direct relevance to employment policy, and in particular of the Employment Service Convention and Recommendation, 1948, the Vocational Guidance Recommendation, 1949, the Vocational Training Recommendation, 1962, and the Discrimination (Employment and Occupation) Convention and Recommendation, 1958, and

Considering that these instruments should be placed in the wider framework of an international programme for economic expansion on the basis of full, productive and freely chosen employment, and

Having decided upon the adoption of certain proposals with regard to employment policy, which are included in the eighth item on the agenda of the session, and

Having determined that these proposals shall take the form of an international Convention,

Adopts this ninth day of July of the year one thousand nine hundred and sixty-four the following Convention, which may be cited as the Employment Policy Convention, 1964:"
"Employment Policy Convention, 1964 (No. 122)",,,Article 1,1,"With a view to stimulating economic growth and development, raising levels of living, meeting manpower requirements and overcoming unemployment and under-employment, each Member shall declare and pursue, as a major goal, an active policy designed to promote full, productive and freely chosen employment."
"Employment Policy Convention, 1964 (No. 122)",,,Article 1,2,"The said policy shall aim at ensuring that:

There is work for all who are available for and seeking work;
Such work is as productive as possible;
There is freedom of choice of employment and the fullest possible opportunity for each worker to qualify for, and to use his skills and endowments in, a job for which he is well suited, irrespective of race, colour, sex, religion, political opinion, national extraction or social origin."
"Employment Policy Convention, 1964 (No. 122)",,,Article 1,3,"The said policy shall take due account of the stage and level of economic development and the mutual relationships between employment objectives and other economic and social objectives, and shall be pursued by methods that are appropriate to national conditions and practices."
"Employment Policy Convention, 1964 (No. 122)",,,Article 2,,"Each Member shall, by such methods and to such extent as may be appropriate under national conditions:

Decide on and keep under review, within the framework of a coordinated economic and social policy, the measures to be adopted for attaining the objectives specified in article l;
Take such steps as may be needed, including when appropriate the establishment of programmes, for the application of these measures."
"Employment Policy Convention, 1964 (No. 122)",,,Article 3,,"In the application of this Convention, representatives of the persons affected by the measures to be taken, and in particular representatives of employers and workers, shall be consulted concerning employment policies, with a view to taking fully into account their experience and views and securing their full co-operation in formulating and enlisting support for such policies."
"Employment Policy Convention, 1964 (No. 122)",,,Article 4,,The formal ratifications of this Convention shall be communicated to the Director-General of the International Labour Office for registration.
"Employment Policy Convention, 1964 (No. 122)",,,Article 5,1,This Convention shall be binding only upon those Members of the International Labour Organisation whose ratifications have been registered with the Director-General.
"Employment Policy Convention, 1964 (No. 122)",,,Article 5,2,It shall come into force twelve months after the date on which the ratifications of two Members have been registered with the Director-General.
"Employment Policy Convention, 1964 (No. 122)",,,Article 5,3,"Thereafter, this Convention shall come into force for any Member twelve months after the date on which its ratification has been registered."
"Employment Policy Convention, 1964 (No. 122)",,,Article 6,1,"A Member which has ratified this Convention may denounce it after the expiration of ten years from the date on which the Convention first comes into force, by an act communicated to the Director-General of the International Labour Office for registration. Such denunciation shall not take effect until one year after the date on which it is registered."
"Employment Policy Convention, 1964 (No. 122)",,,Article 6,2,"Each Member which has ratified this Convention and which does not, within the year following the expiration of the period of ten years mentioned in the preceding paragraph, exercise the right of denunciation provided for in this article, will be bound for another period of ten years and, thereafter, may denounce this Convention at the expiration of each period of ten years under the terms provided for in this article."
"Employment Policy Convention, 1964 (No. 122)",,,Article 7,1,The Director-General of the International Labour Office shall notify all Members of the International Labour Organisation of the registration of all ratifications and denunciations communicated to him by the Members of the Organisation.
"Employment Policy Convention, 1964 (No. 122)",,,Article 7,2,"When notifying the Members of the Organisation of the registration of the second ratification communicated to him, the Director-General shall draw the attention of the Members of the Organisation to the date upon which the Convention will come into force."
"Employment Policy Convention, 1964 (No. 122)",,,Article 8,,The Director-General of the International Labour Office shall communicate to the Secretary-General of the United Nations for registration in accordance with Article 102 of the Charter of the United Nations full particulars of all ratifications and acts of denunciation registered by him in accordance with the provisions of the preceding articles.
"Employment Policy Convention, 1964 (No. 122)",,,Article 9,,At such times as it may consider necessary the Governing Body of the International Labour Office shall present to the General Conference a report on the working of this Convention and shall examine the desirability of placing on the agenda of the Conference the question of its revision in whole or in part.
"Employment Policy Convention, 1964 (No. 122)",,,Article 10,1,"Should the Conference adopt a new Convention revising this Convention in whole or in part, then, unless the new Convention otherwise provides:

The ratification by a Member of the new revising Convention shall ipso jure involve the immediate denunciation of this Convention, notwithstanding the provisions of article 6 above, if and when the new revising Convention shall have come into force;
As from the date when the new revising Convention comes into force this Convention shall cease to be open to ratification by the Members."
"Employment Policy Convention, 1964 (No. 122)",,,Article 10,2,This Convention shall in any case remain in force in its actual form and content for those Members which have ratified it but have not ratified the revising Convention.
"Employment Policy Convention, 1964 (No. 122)",,,Article 11,,The English and French versions of the texts of this Convention are equally authoritative.